[2m11:24:35[22m [34m[content][39m Syncing content
[2m11:24:35[22m [34m[content][39m Synced content
[2m11:24:35[22m [34m[types][39m Generated [2m51ms[22m
[2m11:24:35[22m [34m[build][39m output: [34m"static"[39m
[2m11:24:35[22m [34m[build][39m mode: [34m"static"[39m
[2m11:24:35[22m [34m[build][39m directory: [34mC:\Users\samja\Desktop\testpreppilot-v2\dist\[39m
[2m11:24:35[22m [34m[build][39m Collecting build info...
[2m11:24:35[22m [34m[build][39m [32m✓ Completed in 78ms.[39m
[2m11:25:10[22m [34m[build][39m Building static entrypoints...
[2m11:25:14[22m [34m[vite][39m [32m✓ built in 3.97s[39m
[2m11:25:14[22m [34m[build][39m [32m✓ Completed in 4.01s.[39m

[42m[30m building client (vite) [39m[49m
[2m11:25:14[22m [34m[vite][39m transforming...
[2m11:25:14[22m [34m[vite][39m [32m✓[39m 15 modules transformed.
[2m11:25:14[22m [34m[vite][39m rendering chunks...
[2m11:25:14[22m [34m[vite][39m computing gzip size...
[2m11:25:14[22m [34m[vite][39m [2mdist/[22m[36m_astro/page.DTPp-pk-.js                                               [39m[1m[2m 0.05 kB[22m[1m[22m[2m │ gzip: 0.07 kB[22m
[2m11:25:14[22m [34m[vite][39m [2mdist/[22m[36m_astro/index.E2NZU3JX.js                                              [39m[1m[2m 2.29 kB[22m[1m[22m[2m │ gzip: 1.04 kB[22m
[2m11:25:14[22m [34m[vite][39m [2mdist/[22m[36m_astro/ClientRouter.astro_astro_type_script_index_0_lang.DxD8ucBX.js  [39m[1m[2m13.11 kB[22m[1m[22m[2m │ gzip: 4.54 kB[22m
[2m11:25:14[22m [34m[vite][39m [32m✓ built in 97ms[39m

[42m[30m generating static routes [39m[49m
[2m11:25:14[22m [32m▶[39m src/pages/404.astro
[2m11:25:14[22m   [34m└─[39m [2m/404.html[22m [2m(+14ms)[22m 
[2m11:25:14[22m [32m▶[39m src/pages/[state]/[credential].astro
[2m11:25:14[22m   [34m├─[39m [2m/texas/texas-real-estate-license/index.html[22m [2m(+10ms)[22m 
[2m11:25:14[22m   [34m├─[39m [2m/california/california-real-estate-license/index.html[22m [2m(+5ms)[22m 
[2m11:25:14[22m   [34m└─[39m [2m/florida/florida-real-estate-license/index.html[22m [2m(+7ms)[22m 
[2m11:25:14[22m [32m▶[39m src/pages/[state]/index.astro
[2m11:25:14[22m   [34m├─[39m [2m/alabama/index.html[22m [2m(+4ms)[22m 
[2m11:25:14[22m   [34m├─[39m [2m/alaska/index.html[22m [2m(+10ms)[22m 
[2m11:25:14[22m   [34m├─[39m [2m/arizona/index.html[22m [2m(+6ms)[22m 
[2m11:25:14[22m   [34m├─[39m [2m/arkansas/index.html[22m [2m(+13ms)[22m 
[2m11:25:14[22m   [34m├─[39m [2m/california/index.html[22m [2m(+23ms)[22m 
[2m11:25:14[22m   [34m├─[39m [2m/colorado/index.html[22m [2m(+66ms)[22m 
[2m11:25:14[22m   [34m├─[39m [2m/connecticut/index.html[22m [2m(+13ms)[22m 
[2m11:25:14[22m   [34m├─[39m [2m/delaware/index.html[22m [2m(+7ms)[22m 
[2m11:25:14[22m   [34m├─[39m [2m/florida/index.html[22m [2m(+9ms)[22m 
[2m11:25:14[22m   [34m├─[39m [2m/georgia/index.html[22m [2m(+4ms)[22m 
[2m11:25:14[22m   [34m├─[39m [2m/hawaii/index.html[22m [2m(+26ms)[22m 
[2m11:25:14[22m   [34m├─[39m [2m/idaho/index.html[22m [2m(+44ms)[22m 
[2m11:25:14[22m   [34m├─[39m [2m/illinois/index.html[22m [2m(+15ms)[22m 
[2m11:25:15[22m   [34m├─[39m [2m/indiana/index.html[22m [2m(+10ms)[22m 
[2m11:25:15[22m   [34m├─[39m [2m/iowa/index.html[22m [2m(+16ms)[22m 
[2m11:25:15[22m   [34m├─[39m [2m/kansas/index.html[22m [2m(+7ms)[22m 
[2m11:25:15[22m   [34m├─[39m [2m/kentucky/index.html[22m [2m(+11ms)[22m 
[2m11:25:15[22m   [34m├─[39m [2m/louisiana/index.html[22m [2m(+14ms)[22m 
[2m11:25:15[22m   [34m├─[39m [2m/maine/index.html[22m [2m(+10ms)[22m 
[2m11:25:15[22m   [34m├─[39m [2m/maryland/index.html[22m [2m(+26ms)[22m 
[2m11:25:15[22m   [34m├─[39m [2m/massachusetts/index.html[22m [2m(+12ms)[22m 
[2m11:25:15[22m   [34m├─[39m [2m/michigan/index.html[22m [2m(+16ms)[22m 
[2m11:25:15[22m   [34m├─[39m [2m/minnesota/index.html[22m [2m(+3ms)[22m 
[2m11:25:15[22m   [34m├─[39m [2m/mississippi/index.html[22m [2m(+14ms)[22m 
[2m11:25:15[22m   [34m├─[39m [2m/missouri/index.html[22m [2m(+5ms)[22m 
[2m11:25:15[22m   [34m├─[39m [2m/montana/index.html[22m [2m(+23ms)[22m 
[2m11:25:15[22m   [34m├─[39m [2m/nebraska/index.html[22m [2m(+26ms)[22m 
[2m11:25:15[22m   [34m├─[39m [2m/nevada/index.html[22m [2m(+23ms)[22m 
[2m11:25:15[22m   [34m├─[39m [2m/new-hampshire/index.html[22m [2m(+6ms)[22m 
[2m11:25:15[22m   [34m├─[39m [2m/new-jersey/index.html[22m [2m(+14ms)[22m 
[2m11:25:15[22m   [34m├─[39m [2m/new-mexico/index.html[22m [2m(+6ms)[22m 
[2m11:25:15[22m   [34m├─[39m [2m/new-york/index.html[22m [2m(+10ms)[22m 
[2m11:25:15[22m   [34m├─[39m [2m/north-carolina/index.html[22m [2m(+21ms)[22m 
[2m11:25:15[22m   [34m├─[39m [2m/north-dakota/index.html[22m [2m(+9ms)[22m 
[2m11:25:15[22m   [34m├─[39m [2m/ohio/index.html[22m [2m(+18ms)[22m 
[2m11:25:15[22m   [34m├─[39m [2m/oklahoma/index.html[22m [2m(+49ms)[22m 
[2m11:25:15[22m   [34m├─[39m [2m/oregon/index.html[22m [2m(+10ms)[22m 
[2m11:25:15[22m   [34m├─[39m [2m/pennsylvania/index.html[22m [2m(+11ms)[22m 
[2m11:25:15[22m   [34m├─[39m [2m/rhode-island/index.html[22m [2m(+15ms)[22m 
[2m11:25:15[22m   [34m├─[39m [2m/south-carolina/index.html[22m [2m(+14ms)[22m 
[2m11:25:15[22m   [34m├─[39m [2m/south-dakota/index.html[22m [2m(+7ms)[22m 
[2m11:25:15[22m   [34m├─[39m [2m/tennessee/index.html[22m [2m(+17ms)[22m 
[2m11:25:15[22m   [34m├─[39m [2m/texas/index.html[22m [2m(+42ms)[22m 
[2m11:25:15[22m   [34m├─[39m [2m/utah/index.html[22m [2m(+10ms)[22m 
[2m11:25:15[22m   [34m├─[39m [2m/vermont/index.html[22m [2m(+11ms)[22m 
[2m11:25:15[22m   [34m├─[39m [2m/virginia/index.html[22m [2m(+13ms)[22m 
[2m11:25:15[22m   [34m├─[39m [2m/washington/index.html[22m [2m(+5ms)[22m 
[2m11:25:15[22m   [34m├─[39m [2m/west-virginia/index.html[22m [2m(+13ms)[22m 
[2m11:25:15[22m   [34m├─[39m [2m/wisconsin/index.html[22m [2m(+7ms)[22m 
[2m11:25:15[22m   [34m├─[39m [2m/wyoming/index.html[22m [2m(+46ms)[22m 
[2m11:25:15[22m   [34m└─[39m [2m/district-of-columbia/index.html[22m [2m(+16ms)[22m 
[2m11:25:15[22m [32m▶[39m src/pages/about.astro
[2m11:25:15[22m   [34m└─[39m [2m/about/index.html[22m [2m(+14ms)[22m 
[2m11:25:15[22m [32m▶[39m src/pages/affiliate-disclosure.astro
[2m11:25:15[22m   [34m└─[39m [2m/affiliate-disclosure/index.html[22m [2m(+5ms)[22m 
[2m11:25:15[22m [32m▶[39m src/pages/categories/[id].astro
[2m11:25:15[22m   [34m├─[39m [2m/categories/real-estate/index.html[22m [2m(+10ms)[22m 
[2m11:25:15[22m   [34m├─[39m [2m/categories/accounting/index.html[22m [2m(+9ms)[22m 
[2m11:25:15[22m   [34m├─[39m [2m/categories/trades/index.html[22m [2m(+4ms)[22m 
[2m11:25:15[22m   [34m└─[39m [2m/categories/workplace-safety/index.html[22m [2m(+15ms)[22m 
[2m11:25:15[22m [32m▶[39m src/pages/disclosure.astro
[2m11:25:15[22m   [34m└─[39m [2m/disclosure/index.html[22m [2m(+10ms)[22m 
[2m11:25:15[22m [32m▶[39m src/pages/editorial-policy.astro
[2m11:25:15[22m   [34m└─[39m [2m/editorial-policy/index.html[22m [2m(+15ms)[22m 
[2m11:25:16[22m [32m▶[39m src/pages/exams/[slug].astro
[2m11:25:16[22m   [34m├─[39m [2m/exams/ap-2d-art-and-design/index.html[22m [2m(+12ms)[22m 
[2m11:25:16[22m   [34m├─[39m [2m/exams/ap-3d-art-and-design/index.html[22m [2m(+11ms)[22m 
[2m11:25:16[22m   [34m├─[39m [2m/exams/ap-african-american-studies/index.html[22m [2m(+9ms)[22m 
[2m11:25:16[22m   [34m├─[39m [2m/exams/ap-art-history/index.html[22m [2m(+11ms)[22m 
[2m11:25:16[22m   [34m├─[39m [2m/exams/ap-biology/index.html[22m [2m(+13ms)[22m 
[2m11:25:16[22m   [34m├─[39m [2m/exams/ap-calculus-ab/index.html[22m [2m(+9ms)[22m 
[2m11:25:16[22m   [34m├─[39m [2m/exams/ap-calculus-bc/index.html[22m [2m(+28ms)[22m 
[2m11:25:16[22m   [34m├─[39m [2m/exams/ap-chemistry/index.html[22m [2m(+22ms)[22m 
[2m11:25:16[22m   [34m├─[39m [2m/exams/ap-chinese-language-and-culture/index.html[22m [2m(+51ms)[22m 
[2m11:25:16[22m   [34m├─[39m [2m/exams/ap-comparative-government-and-politics/index.html[22m [2m(+14ms)[22m 
[2m11:25:16[22m   [34m├─[39m [2m/exams/ap-computer-science-a/index.html[22m [2m(+18ms)[22m 
[2m11:25:16[22m   [34m├─[39m [2m/exams/ap-computer-science-principles/index.html[22m [2m(+18ms)[22m 
[2m11:25:16[22m   [34m├─[39m [2m/exams/ap-drawing/index.html[22m [2m(+24ms)[22m 
[2m11:25:16[22m   [34m├─[39m [2m/exams/ap-english-language-and-composition/index.html[22m [2m(+20ms)[22m 
[2m11:25:16[22m   [34m├─[39m [2m/exams/ap-english-literature-and-composition/index.html[22m [2m(+19ms)[22m 
[2m11:25:16[22m   [34m├─[39m [2m/exams/ap-environmental-science/index.html[22m [2m(+46ms)[22m 
[2m11:25:16[22m   [34m├─[39m [2m/exams/ap-european-history/index.html[22m [2m(+22ms)[22m 
[2m11:25:16[22m   [34m├─[39m [2m/exams/ap-french-language-and-culture/index.html[22m [2m(+13ms)[22m 
[2m11:25:16[22m   [34m├─[39m [2m/exams/ap-german-language-and-culture/index.html[22m [2m(+14ms)[22m 
[2m11:25:16[22m   [34m├─[39m [2m/exams/ap-human-geography/index.html[22m [2m(+18ms)[22m 
[2m11:25:16[22m   [34m├─[39m [2m/exams/ap-italian-language-and-culture/index.html[22m [2m(+16ms)[22m 
[2m11:25:16[22m   [34m├─[39m [2m/exams/ap-japanese-language-and-culture/index.html[22m [2m(+17ms)[22m 
[2m11:25:16[22m   [34m├─[39m [2m/exams/ap-latin/index.html[22m [2m(+70ms)[22m 
[2m11:25:16[22m   [34m├─[39m [2m/exams/ap-macroeconomics/index.html[22m [2m(+15ms)[22m 
[2m11:25:16[22m   [34m├─[39m [2m/exams/ap-microeconomics/index.html[22m [2m(+15ms)[22m 
[2m11:25:16[22m   [34m├─[39m [2m/exams/ap-music-theory/index.html[22m [2m(+19ms)[22m 
[2m11:25:16[22m   [34m├─[39m [2m/exams/ap-physics-1-algebra-based/index.html[22m [2m(+14ms)[22m 
[2m11:25:16[22m   [34m├─[39m [2m/exams/ap-physics-2-algebra-based/index.html[22m [2m(+16ms)[22m 
[2m11:25:16[22m   [34m├─[39m [2m/exams/ap-physics-c-electricity-and-magnetism/index.html[22m [2m(+18ms)[22m 
[2m11:25:16[22m   [34m├─[39m [2m/exams/ap-physics-c-mechanics/index.html[22m [2m(+21ms)[22m 
[2m11:25:16[22m   [34m├─[39m [2m/exams/ap-precalculus/index.html[22m [2m(+54ms)[22m 
[2m11:25:16[22m   [34m├─[39m [2m/exams/ap-psychology/index.html[22m [2m(+17ms)[22m 
[2m11:25:16[22m   [34m├─[39m [2m/exams/ap-research/index.html[22m [2m(+16ms)[22m 
[2m11:25:16[22m   [34m├─[39m [2m/exams/ap-seminar/index.html[22m [2m(+17ms)[22m 
[2m11:25:16[22m   [34m├─[39m [2m/exams/ap-spanish-language-and-culture/index.html[22m [2m(+17ms)[22m 
[2m11:25:16[22m   [34m├─[39m [2m/exams/ap-spanish-literature-and-culture/index.html[22m [2m(+25ms)[22m 
[2m11:25:16[22m   [34m├─[39m [2m/exams/ap-statistics/index.html[22m [2m(+32ms)[22m 
[2m11:25:16[22m   [34m├─[39m [2m/exams/ap-united-states-government-and-politics/index.html[22m [2m(+36ms)[22m 
[2m11:25:17[22m   [34m├─[39m [2m/exams/ap-united-states-history/index.html[22m [2m(+14ms)[22m 
[2m11:25:17[22m   [34m├─[39m [2m/exams/ap-world-history-modern/index.html[22m [2m(+18ms)[22m 
[2m11:25:17[22m   [34m├─[39m [2m/exams/cambridge-international-as-a-level/index.html[22m [2m(+16ms)[22m 
[2m11:25:17[22m   [34m├─[39m [2m/exams/clep-american-government/index.html[22m [2m(+16ms)[22m 
[2m11:25:17[22m   [34m├─[39m [2m/exams/clep-american-literature/index.html[22m [2m(+18ms)[22m 
[2m11:25:17[22m   [34m├─[39m [2m/exams/clep-analyzing-and-interpreting-literature/index.html[22m [2m(+33ms)[22m 
[2m11:25:17[22m   [34m├─[39m [2m/exams/clep-biology/index.html[22m [2m(+18ms)[22m 
[2m11:25:17[22m   [34m├─[39m [2m/exams/clep-calculus/index.html[22m [2m(+19ms)[22m 
[2m11:25:17[22m   [34m├─[39m [2m/exams/clep-chemistry/index.html[22m [2m(+29ms)[22m 
[2m11:25:17[22m   [34m├─[39m [2m/exams/clep-college-algebra/index.html[22m [2m(+20ms)[22m 
[2m11:25:17[22m   [34m├─[39m [2m/exams/clep-college-composition/index.html[22m [2m(+16ms)[22m 
[2m11:25:17[22m   [34m├─[39m [2m/exams/clep-college-composition-modular/index.html[22m [2m(+36ms)[22m 
[2m11:25:17[22m   [34m├─[39m [2m/exams/clep-college-mathematics/index.html[22m [2m(+18ms)[22m 
[2m11:25:17[22m   [34m├─[39m [2m/exams/clep-english-literature/index.html[22m [2m(+27ms)[22m 
[2m11:25:17[22m   [34m├─[39m [2m/exams/clep-financial-accounting/index.html[22m [2m(+17ms)[22m 
[2m11:25:17[22m   [34m├─[39m [2m/exams/clep-french-language/index.html[22m [2m(+29ms)[22m 
[2m11:25:17[22m   [34m├─[39m [2m/exams/clep-german-language/index.html[22m [2m(+10ms)[22m 
[2m11:25:17[22m   [34m├─[39m [2m/exams/clep-history-of-the-united-states-i/index.html[22m [2m(+28ms)[22m 
[2m11:25:17[22m   [34m├─[39m [2m/exams/clep-history-of-the-united-states-ii/index.html[22m [2m(+21ms)[22m 
[2m11:25:17[22m   [34m├─[39m [2m/exams/clep-human-growth-and-development/index.html[22m [2m(+26ms)[22m 
[2m11:25:17[22m   [34m├─[39m [2m/exams/clep-humanities/index.html[22m [2m(+34ms)[22m 
[2m11:25:17[22m   [34m├─[39m [2m/exams/clep-information-systems/index.html[22m [2m(+20ms)[22m 
[2m11:25:17[22m   [34m├─[39m [2m/exams/clep-introduction-to-educational-psychology/index.html[22m [2m(+17ms)[22m 
[2m11:25:17[22m   [34m├─[39m [2m/exams/clep-introductory-business-law/index.html[22m [2m(+16ms)[22m 
[2m11:25:17[22m   [34m├─[39m [2m/exams/clep-introductory-psychology/index.html[22m [2m(+46ms)[22m 
[2m11:25:17[22m   [34m├─[39m [2m/exams/clep-introductory-sociology/index.html[22m [2m(+22ms)[22m 
[2m11:25:17[22m   [34m├─[39m [2m/exams/clep-natural-sciences/index.html[22m [2m(+13ms)[22m 
[2m11:25:17[22m   [34m├─[39m [2m/exams/clep-precalculus/index.html[22m [2m(+18ms)[22m 
[2m11:25:17[22m   [34m├─[39m [2m/exams/clep-principles-of-macroeconomics/index.html[22m [2m(+29ms)[22m 
[2m11:25:17[22m   [34m├─[39m [2m/exams/clep-principles-of-management/index.html[22m [2m(+9ms)[22m 
[2m11:25:17[22m   [34m├─[39m [2m/exams/clep-principles-of-marketing/index.html[22m [2m(+25ms)[22m 
[2m11:25:17[22m   [34m├─[39m [2m/exams/clep-principles-of-microeconomics/index.html[22m [2m(+17ms)[22m 
[2m11:25:17[22m   [34m├─[39m [2m/exams/clep-social-sciences-and-history/index.html[22m [2m(+23ms)[22m 
[2m11:25:17[22m   [34m├─[39m [2m/exams/clep-spanish-language/index.html[22m [2m(+19ms)[22m 
[2m11:25:17[22m   [34m├─[39m [2m/exams/clep-spanish-with-writing/index.html[22m [2m(+17ms)[22m 
[2m11:25:17[22m   [34m├─[39m [2m/exams/clep-western-civilization-i/index.html[22m [2m(+26ms)[22m 
[2m11:25:17[22m   [34m├─[39m [2m/exams/clep-western-civilization-ii/index.html[22m [2m(+18ms)[22m 
[2m11:25:17[22m   [34m├─[39m [2m/exams/dsst-a-history-of-the-vietnam-war/index.html[22m [2m(+29ms)[22m 
[2m11:25:17[22m   [34m├─[39m [2m/exams/dsst-art-of-the-western-world/index.html[22m [2m(+14ms)[22m 
[2m11:25:17[22m   [34m├─[39m [2m/exams/dsst-astronomy/index.html[22m [2m(+12ms)[22m 
[2m11:25:17[22m   [34m├─[39m [2m/exams/dsst-business-ethics-and-society/index.html[22m [2m(+45ms)[22m 
[2m11:25:17[22m   [34m├─[39m [2m/exams/dsst-business-mathematics/index.html[22m [2m(+14ms)[22m 
[2m11:25:17[22m   [34m├─[39m [2m/exams/dsst-computing-and-information-technology/index.html[22m [2m(+15ms)[22m 
[2m11:25:17[22m   [34m├─[39m [2m/exams/dsst-criminal-justice/index.html[22m [2m(+16ms)[22m 
[2m11:25:17[22m   [34m├─[39m [2m/exams/dsst-environmental-science/index.html[22m [2m(+19ms)[22m 
[2m11:25:17[22m   [34m├─[39m [2m/exams/dsst-ethics-in-america/index.html[22m [2m(+19ms)[22m 
[2m11:25:18[22m   [34m├─[39m [2m/exams/dsst-ethics-in-technology/index.html[22m [2m(+22ms)[22m 
[2m11:25:18[22m   [34m├─[39m [2m/exams/dsst-foundations-of-education/index.html[22m [2m(+26ms)[22m 
[2m11:25:18[22m   [34m├─[39m [2m/exams/dsst-fundamentals-of-college-algebra/index.html[22m [2m(+34ms)[22m 
[2m11:25:18[22m   [34m├─[39m [2m/exams/dsst-fundamentals-of-counseling/index.html[22m [2m(+15ms)[22m 
[2m11:25:18[22m   [34m├─[39m [2m/exams/dsst-fundamentals-of-cybersecurity/index.html[22m [2m(+13ms)[22m 
[2m11:25:18[22m   [34m├─[39m [2m/exams/dsst-general-anthropology/index.html[22m [2m(+18ms)[22m 
[2m11:25:18[22m   [34m├─[39m [2m/exams/dsst-health-and-human-development/index.html[22m [2m(+19ms)[22m 
[2m11:25:18[22m   [34m├─[39m [2m/exams/dsst-history-of-the-soviet-union/index.html[22m [2m(+18ms)[22m 
[2m11:25:18[22m   [34m├─[39m [2m/exams/dsst-human-resource-management/index.html[22m [2m(+57ms)[22m 
[2m11:25:18[22m   [34m├─[39m [2m/exams/dsst-introduction-to-business/index.html[22m [2m(+25ms)[22m 
[2m11:25:18[22m   [34m├─[39m [2m/exams/dsst-introduction-to-geography/index.html[22m [2m(+18ms)[22m 
[2m11:25:18[22m   [34m├─[39m [2m/exams/dsst-introduction-to-geology/index.html[22m [2m(+12ms)[22m 
[2m11:25:18[22m   [34m├─[39m [2m/exams/dsst-introduction-to-law-enforcement/index.html[22m [2m(+13ms)[22m 
[2m11:25:18[22m   [34m├─[39m [2m/exams/dsst-introduction-to-world-religions/index.html[22m [2m(+9ms)[22m 
[2m11:25:18[22m   [34m├─[39m [2m/exams/dsst-lifespan-developmental-psychology/index.html[22m [2m(+19ms)[22m 
[2m11:25:18[22m   [34m├─[39m [2m/exams/dsst-management-information-systems/index.html[22m [2m(+60ms)[22m 
[2m11:25:18[22m   [34m├─[39m [2m/exams/dsst-math-for-liberal-arts/index.html[22m [2m(+48ms)[22m 
[2m11:25:18[22m   [34m├─[39m [2m/exams/dsst-money-and-banking/index.html[22m [2m(+15ms)[22m 
[2m11:25:18[22m   [34m├─[39m [2m/exams/dsst-organizational-behavior/index.html[22m [2m(+18ms)[22m 
[2m11:25:18[22m   [34m├─[39m [2m/exams/dsst-personal-finance/index.html[22m [2m(+18ms)[22m 
[2m11:25:18[22m   [34m├─[39m [2m/exams/dsst-principles-of-advanced-english-composition/index.html[22m [2m(+33ms)[22m 
[2m11:25:18[22m   [34m├─[39m [2m/exams/dsst-principles-of-finance/index.html[22m [2m(+15ms)[22m 
[2m11:25:18[22m   [34m├─[39m [2m/exams/dsst-principles-of-financial-accounting/index.html[22m [2m(+37ms)[22m 
[2m11:25:18[22m   [34m├─[39m [2m/exams/dsst-principles-of-physical-science-i/index.html[22m [2m(+38ms)[22m 
[2m11:25:18[22m   [34m├─[39m [2m/exams/dsst-principles-of-public-speaking/index.html[22m [2m(+10ms)[22m 
[2m11:25:18[22m   [34m├─[39m [2m/exams/dsst-principles-of-statistics/index.html[22m [2m(+14ms)[22m 
[2m11:25:18[22m   [34m├─[39m [2m/exams/dsst-principles-of-supervision/index.html[22m [2m(+19ms)[22m 
[2m11:25:18[22m   [34m├─[39m [2m/exams/dsst-substance-abuse/index.html[22m [2m(+52ms)[22m 
[2m11:25:18[22m   [34m├─[39m [2m/exams/dsst-technical-writing/index.html[22m [2m(+35ms)[22m 
[2m11:25:18[22m   [34m├─[39m [2m/exams/dsst-the-civil-war-and-reconstruction/index.html[22m [2m(+11ms)[22m 
[2m11:25:18[22m   [34m├─[39m [2m/exams/modern-states-freshman-year-for-free/index.html[22m [2m(+8ms)[22m 
[2m11:25:18[22m   [34m├─[39m [2m/exams/tecep-thomas-edison-credit-by-exam/index.html[22m [2m(+11ms)[22m 
[2m11:25:18[22m   [34m├─[39m [2m/exams/uexcel-excelsior-college-examinations/index.html[22m [2m(+12ms)[22m 
[2m11:25:18[22m   [34m├─[39m [2m/exams/act-test/index.html[22m [2m(+8ms)[22m 
[2m11:25:18[22m   [34m├─[39m [2m/exams/clt-classic-learning-test/index.html[22m [2m(+60ms)[22m 
[2m11:25:18[22m   [34m├─[39m [2m/exams/clt8/index.html[22m [2m(+36ms)[22m 
[2m11:25:18[22m   [34m├─[39m [2m/exams/clt10/index.html[22m [2m(+12ms)[22m 
[2m11:25:18[22m   [34m├─[39m [2m/exams/preact/index.html[22m [2m(+8ms)[22m 
[2m11:25:18[22m   [34m├─[39m [2m/exams/preact-8-9/index.html[22m [2m(+13ms)[22m 
[2m11:25:18[22m   [34m├─[39m [2m/exams/psat-8-9/index.html[22m [2m(+13ms)[22m 
[2m11:25:18[22m   [34m├─[39m [2m/exams/psat-10/index.html[22m [2m(+11ms)[22m 
[2m11:25:18[22m   [34m├─[39m [2m/exams/psat-nmsqt/index.html[22m [2m(+26ms)[22m 
[2m11:25:18[22m   [34m├─[39m [2m/exams/sat-exam/index.html[22m [2m(+80ms)[22m 
[2m11:25:19[22m   [34m├─[39m [2m/exams/sat-subject-tests/index.html[22m [2m(+11ms)[22m 
[2m11:25:19[22m   [34m├─[39m [2m/exams/accuplacer-advanced-algebra-and-functions/index.html[22m [2m(+11ms)[22m 
[2m11:25:19[22m   [34m├─[39m [2m/exams/accuplacer-arithmetic/index.html[22m [2m(+16ms)[22m 
[2m11:25:19[22m   [34m├─[39m [2m/exams/accuplacer-esl-language-use/index.html[22m [2m(+16ms)[22m 
[2m11:25:19[22m   [34m├─[39m [2m/exams/accuplacer-esl-listening/index.html[22m [2m(+19ms)[22m 
[2m11:25:19[22m   [34m├─[39m [2m/exams/accuplacer-esl-reading-skills/index.html[22m [2m(+29ms)[22m 
[2m11:25:19[22m   [34m├─[39m [2m/exams/accuplacer-esl-sentence-meaning/index.html[22m [2m(+39ms)[22m 
[2m11:25:19[22m   [34m├─[39m [2m/exams/accuplacer-quantitative-reasoning-algebra-statistics/index.html[22m [2m(+24ms)[22m 
[2m11:25:19[22m   [34m├─[39m [2m/exams/accuplacer-reading/index.html[22m [2m(+25ms)[22m 
[2m11:25:19[22m   [34m├─[39m [2m/exams/accuplacer-writeplacer/index.html[22m [2m(+15ms)[22m 
[2m11:25:19[22m   [34m├─[39m [2m/exams/accuplacer-writeplacer-esl/index.html[22m [2m(+13ms)[22m 
[2m11:25:19[22m   [34m├─[39m [2m/exams/accuplacer-writing/index.html[22m [2m(+37ms)[22m 
[2m11:25:19[22m   [34m├─[39m [2m/exams/aleks-ppl/index.html[22m [2m(+19ms)[22m 
[2m11:25:19[22m   [34m├─[39m [2m/exams/tsi-assessment-2/index.html[22m [2m(+35ms)[22m 
[2m11:25:19[22m   [34m├─[39m [2m/exams/cambridge-b2-first/index.html[22m [2m(+23ms)[22m 
[2m11:25:19[22m   [34m├─[39m [2m/exams/cambridge-c1-advanced/index.html[22m [2m(+17ms)[22m 
[2m11:25:19[22m   [34m├─[39m [2m/exams/cambridge-c2-proficiency/index.html[22m [2m(+16ms)[22m 
[2m11:25:19[22m   [34m├─[39m [2m/exams/duolingo-english-test/index.html[22m [2m(+15ms)[22m 
[2m11:25:19[22m   [34m├─[39m [2m/exams/ecpe-michigan/index.html[22m [2m(+19ms)[22m 
[2m11:25:19[22m   [34m├─[39m [2m/exams/ielts-academic/index.html[22m [2m(+72ms)[22m 
[2m11:25:19[22m   [34m├─[39m [2m/exams/ielts-general-training/index.html[22m [2m(+15ms)[22m 
[2m11:25:19[22m   [34m├─[39m [2m/exams/itep-academic/index.html[22m [2m(+15ms)[22m 
[2m11:25:19[22m   [34m├─[39m [2m/exams/languagecert-academic/index.html[22m [2m(+14ms)[22m 
[2m11:25:19[22m   [34m├─[39m [2m/exams/michigan-english-test/index.html[22m [2m(+9ms)[22m 
[2m11:25:19[22m   [34m├─[39m [2m/exams/pte-academic/index.html[22m [2m(+12ms)[22m 
[2m11:25:19[22m   [34m├─[39m [2m/exams/toefl-essentials/index.html[22m [2m(+20ms)[22m 
[2m11:25:19[22m   [34m├─[39m [2m/exams/toefl-ibt/index.html[22m [2m(+26ms)[22m 
[2m11:25:19[22m   [34m├─[39m [2m/exams/toefl-itp/index.html[22m [2m(+36ms)[22m 
[2m11:25:19[22m   [34m├─[39m [2m/exams/toefl-junior/index.html[22m [2m(+22ms)[22m 
[2m11:25:19[22m   [34m├─[39m [2m/exams/toeic-listening-and-reading/index.html[22m [2m(+14ms)[22m 
[2m11:25:19[22m   [34m├─[39m [2m/exams/toeic-speaking-and-writing/index.html[22m [2m(+15ms)[22m 
[2m11:25:19[22m   [34m├─[39m [2m/exams/aamc-preview/index.html[22m [2m(+14ms)[22m 
[2m11:25:19[22m   [34m├─[39m [2m/exams/casper-test/index.html[22m [2m(+35ms)[22m 
[2m11:25:19[22m   [34m├─[39m [2m/exams/dental-admission-test/index.html[22m [2m(+20ms)[22m 
[2m11:25:19[22m   [34m├─[39m [2m/exams/duet-acuity-insights/index.html[22m [2m(+34ms)[22m 
[2m11:25:19[22m   [34m├─[39m [2m/exams/executive-assessment/index.html[22m [2m(+17ms)[22m 
[2m11:25:19[22m   [34m├─[39m [2m/exams/gmat-focus-edition/index.html[22m [2m(+11ms)[22m 
[2m11:25:19[22m   [34m├─[39m [2m/exams/gre-biology-subject-test/index.html[22m [2m(+15ms)[22m 
[2m11:25:19[22m   [34m├─[39m [2m/exams/gre-chemistry-subject-test/index.html[22m [2m(+15ms)[22m 
[2m11:25:19[22m   [34m├─[39m [2m/exams/gre-general-test/index.html[22m [2m(+19ms)[22m 
[2m11:25:19[22m   [34m├─[39m [2m/exams/gre-literature-in-english-subject-test/index.html[22m [2m(+51ms)[22m 
[2m11:25:19[22m   [34m├─[39m [2m/exams/gre-mathematics-subject-test/index.html[22m [2m(+21ms)[22m 
[2m11:25:19[22m   [34m├─[39m [2m/exams/gre-physics-subject-test/index.html[22m [2m(+15ms)[22m 
[2m11:25:19[22m   [34m├─[39m [2m/exams/gre-psychology-subject-test/index.html[22m [2m(+15ms)[22m 
[2m11:25:20[22m   [34m├─[39m [2m/exams/jd-next/index.html[22m [2m(+14ms)[22m 
[2m11:25:20[22m   [34m├─[39m [2m/exams/law-school-admission-test/index.html[22m [2m(+38ms)[22m 
[2m11:25:20[22m   [34m├─[39m [2m/exams/mcat-exam/index.html[22m [2m(+27ms)[22m 
[2m11:25:20[22m   [34m├─[39m [2m/exams/miller-analogies-test/index.html[22m [2m(+22ms)[22m 
[2m11:25:20[22m   [34m├─[39m [2m/exams/optometry-admission-test/index.html[22m [2m(+30ms)[22m 
[2m11:25:20[22m   [34m├─[39m [2m/exams/pharmacy-college-admission-test/index.html[22m [2m(+11ms)[22m 
[2m11:25:20[22m   [34m├─[39m [2m/exams/ged-test/index.html[22m [2m(+11ms)[22m 
[2m11:25:20[22m   [34m├─[39m [2m/exams/hiset-exam/index.html[22m [2m(+14ms)[22m 
[2m11:25:20[22m   [34m├─[39m [2m/exams/national-external-diploma-program/index.html[22m [2m(+28ms)[22m 
[2m11:25:20[22m   [34m├─[39m [2m/exams/tasc-test/index.html[22m [2m(+10ms)[22m 
[2m11:25:20[22m   [34m├─[39m [2m/exams/ib-career-related-programme/index.html[22m [2m(+41ms)[22m 
[2m11:25:20[22m   [34m├─[39m [2m/exams/ib-creativity-activity-service/index.html[22m [2m(+16ms)[22m 
[2m11:25:20[22m   [34m├─[39m [2m/exams/ib-diploma-programme/index.html[22m [2m(+22ms)[22m 
[2m11:25:20[22m   [34m├─[39m [2m/exams/ib-extended-essay/index.html[22m [2m(+19ms)[22m 
[2m11:25:20[22m   [34m├─[39m [2m/exams/ib-group-1-studies-in-language-and-literature/index.html[22m [2m(+21ms)[22m 
[2m11:25:20[22m   [34m├─[39m [2m/exams/ib-group-2-language-acquisition/index.html[22m [2m(+18ms)[22m 
[2m11:25:20[22m   [34m├─[39m [2m/exams/ib-group-3-individuals-and-societies/index.html[22m [2m(+17ms)[22m 
[2m11:25:20[22m   [34m├─[39m [2m/exams/ib-group-4-sciences/index.html[22m [2m(+22ms)[22m 
[2m11:25:20[22m   [34m├─[39m [2m/exams/ib-group-5-mathematics/index.html[22m [2m(+19ms)[22m 
[2m11:25:20[22m   [34m├─[39m [2m/exams/ib-group-6-the-arts/index.html[22m [2m(+44ms)[22m 
[2m11:25:20[22m   [34m├─[39m [2m/exams/ib-middle-years-programme-eassessment/index.html[22m [2m(+17ms)[22m 
[2m11:25:20[22m   [34m├─[39m [2m/exams/ib-theory-of-knowledge/index.html[22m [2m(+13ms)[22m 
[2m11:25:20[22m   [34m├─[39m [2m/exams/character-skills-snapshot/index.html[22m [2m(+17ms)[22m 
[2m11:25:20[22m   [34m├─[39m [2m/exams/cogat/index.html[22m [2m(+9ms)[22m 
[2m11:25:20[22m   [34m├─[39m [2m/exams/coop-exam/index.html[22m [2m(+28ms)[22m 
[2m11:25:20[22m   [34m├─[39m [2m/exams/hspt/index.html[22m [2m(+30ms)[22m 
[2m11:25:20[22m   [34m├─[39m [2m/exams/iowa-assessments/index.html[22m [2m(+16ms)[22m 
[2m11:25:20[22m   [34m├─[39m [2m/exams/isee-lower-level/index.html[22m [2m(+31ms)[22m 
[2m11:25:20[22m   [34m├─[39m [2m/exams/isee-middle-level/index.html[22m [2m(+16ms)[22m 
[2m11:25:20[22m   [34m├─[39m [2m/exams/isee-primary-level/index.html[22m [2m(+12ms)[22m 
[2m11:25:20[22m   [34m├─[39m [2m/exams/isee-upper-level/index.html[22m [2m(+17ms)[22m 
[2m11:25:20[22m   [34m├─[39m [2m/exams/kbit-2/index.html[22m [2m(+14ms)[22m 
[2m11:25:20[22m   [34m├─[39m [2m/exams/nnat3/index.html[22m [2m(+30ms)[22m 
[2m11:25:20[22m   [34m├─[39m [2m/exams/olsat-8/index.html[22m [2m(+23ms)[22m 
[2m11:25:20[22m   [34m├─[39m [2m/exams/scat-johns-hopkins/index.html[22m [2m(+25ms)[22m 
[2m11:25:20[22m   [34m├─[39m [2m/exams/ssat-elementary-level/index.html[22m [2m(+17ms)[22m 
[2m11:25:20[22m   [34m├─[39m [2m/exams/ssat-middle-level/index.html[22m [2m(+18ms)[22m 
[2m11:25:20[22m   [34m├─[39m [2m/exams/ssat-upper-level/index.html[22m [2m(+18ms)[22m 
[2m11:25:20[22m   [34m├─[39m [2m/exams/stanford-binet-5/index.html[22m [2m(+19ms)[22m 
[2m11:25:20[22m   [34m├─[39m [2m/exams/tachs/index.html[22m [2m(+25ms)[22m 
[2m11:25:20[22m   [34m├─[39m [2m/exams/wisc-v/index.html[22m [2m(+17ms)[22m 
[2m11:25:20[22m   [34m├─[39m [2m/exams/wppsi-iv/index.html[22m [2m(+25ms)[22m 
[2m11:25:20[22m   [34m├─[39m [2m/exams/afoqt/index.html[22m [2m(+24ms)[22m 
[2m11:25:20[22m   [34m├─[39m [2m/exams/afqt/index.html[22m [2m(+14ms)[22m 
[2m11:25:20[22m   [34m├─[39m [2m/exams/astb-e/index.html[22m [2m(+13ms)[22m 
[2m11:25:20[22m   [34m├─[39m [2m/exams/asvab/index.html[22m [2m(+25ms)[22m 
[2m11:25:20[22m   [34m├─[39m [2m/exams/asvab-career-exploration-program/index.html[22m [2m(+13ms)[22m 
[2m11:25:20[22m   [34m├─[39m [2m/exams/dlab/index.html[22m [2m(+50ms)[22m 
[2m11:25:21[22m   [34m├─[39m [2m/exams/dlpt/index.html[22m [2m(+10ms)[22m 
[2m11:25:21[22m   [34m├─[39m [2m/exams/oar-officer-aptitude-rating/index.html[22m [2m(+18ms)[22m 
[2m11:25:21[22m   [34m├─[39m [2m/exams/picat/index.html[22m [2m(+14ms)[22m 
[2m11:25:21[22m   [34m├─[39m [2m/exams/sift-army-flight-test/index.html[22m [2m(+16ms)[22m 
[2m11:25:21[22m   [34m├─[39m [2m/exams/tbas/index.html[22m [2m(+16ms)[22m 
[2m11:25:21[22m   [34m├─[39m [2m/exams/wonderlic-cognitive-ability-test/index.html[22m [2m(+10ms)[22m 
[2m11:25:21[22m   [34m├─[39m [2m/exams/wonderlic-scholastic-level-exam/index.html[22m [2m(+19ms)[22m 
[2m11:25:21[22m   [34m├─[39m [2m/exams/act-aspire/index.html[22m [2m(+21ms)[22m 
[2m11:25:21[22m   [34m├─[39m [2m/exams/act-workkeys/index.html[22m [2m(+54ms)[22m 
[2m11:25:21[22m   [34m├─[39m [2m/exams/i-ready-diagnostic/index.html[22m [2m(+12ms)[22m 
[2m11:25:21[22m   [34m├─[39m [2m/exams/map-growth/index.html[22m [2m(+13ms)[22m 
[2m11:25:21[22m   [34m├─[39m [2m/exams/naep/index.html[22m [2m(+15ms)[22m 
[2m11:25:21[22m   [34m├─[39m [2m/exams/new-york-regents-examinations/index.html[22m [2m(+7ms)[22m 
[2m11:25:21[22m   [34m├─[39m [2m/exams/parcc-assessment/index.html[22m [2m(+13ms)[22m 
[2m11:25:21[22m   [34m├─[39m [2m/exams/smarter-balanced-summative-assessments/index.html[22m [2m(+7ms)[22m 
[2m11:25:21[22m   [34m├─[39m [2m/exams/staar/index.html[22m [2m(+28ms)[22m 
[2m11:25:21[22m   [34m├─[39m [2m/exams/stanford-achievement-test-10/index.html[22m [2m(+63ms)[22m 
[2m11:25:21[22m   [34m├─[39m [2m/exams/terranova-3/index.html[22m [2m(+14ms)[22m 
[2m11:25:21[22m   [34m├─[39m [2m/exams/wida-access-for-ells/index.html[22m [2m(+17ms)[22m 
[2m11:25:21[22m   [34m├─[39m [2m/exams/arrt-radiography/index.html[22m [2m(+10ms)[22m 
[2m11:25:21[22m   [34m├─[39m [2m/exams/arrt-nuclear-medicine/index.html[22m [2m(+12ms)[22m 
[2m11:25:21[22m   [34m├─[39m [2m/exams/arrt-radiation-therapy/index.html[22m [2m(+18ms)[22m 
[2m11:25:21[22m   [34m├─[39m [2m/exams/arrt-mri/index.html[22m [2m(+36ms)[22m 
[2m11:25:21[22m   [34m├─[39m [2m/exams/arrt-sonography/index.html[22m [2m(+42ms)[22m 
[2m11:25:21[22m   [34m├─[39m [2m/exams/arrt-vascular-sonography/index.html[22m [2m(+12ms)[22m 
[2m11:25:21[22m   [34m├─[39m [2m/exams/arrt-bone-densitometry/index.html[22m [2m(+10ms)[22m 
[2m11:25:21[22m   [34m├─[39m [2m/exams/arrt-breast-sonography/index.html[22m [2m(+13ms)[22m 
[2m11:25:21[22m   [34m├─[39m [2m/exams/arrt-cardiac-interventional/index.html[22m [2m(+14ms)[22m 
[2m11:25:21[22m   [34m├─[39m [2m/exams/arrt-computed-tomography/index.html[22m [2m(+21ms)[22m 
[2m11:25:21[22m   [34m├─[39m [2m/exams/arrt-mammography/index.html[22m [2m(+32ms)[22m 
[2m11:25:21[22m   [34m├─[39m [2m/exams/arrt-vascular-interventional/index.html[22m [2m(+20ms)[22m 
[2m11:25:21[22m   [34m├─[39m [2m/exams/arrt-radiologist-assistant/index.html[22m [2m(+34ms)[22m 
[2m11:25:21[22m   [34m├─[39m [2m/exams/ardms-spi/index.html[22m [2m(+16ms)[22m 
[2m11:25:21[22m   [34m├─[39m [2m/exams/ardms-rdms/index.html[22m [2m(+11ms)[22m 
[2m11:25:21[22m   [34m├─[39m [2m/exams/ardms-rdcs/index.html[22m [2m(+13ms)[22m 
[2m11:25:21[22m   [34m├─[39m [2m/exams/ardms-rvt/index.html[22m [2m(+12ms)[22m 
[2m11:25:21[22m   [34m├─[39m [2m/exams/ardms-rmsk/index.html[22m [2m(+24ms)[22m 
[2m11:25:21[22m   [34m├─[39m [2m/exams/ardms-rpvi/index.html[22m [2m(+25ms)[22m 
[2m11:25:21[22m   [34m├─[39m [2m/exams/nmtcb-cnmt/index.html[22m [2m(+62ms)[22m 
[2m11:25:21[22m   [34m├─[39m [2m/exams/nmtcb-pet/index.html[22m [2m(+13ms)[22m 
[2m11:25:21[22m   [34m├─[39m [2m/exams/nmtcb-ct/index.html[22m [2m(+16ms)[22m 
[2m11:25:21[22m   [34m├─[39m [2m/exams/nmtcb-rs/index.html[22m [2m(+15ms)[22m 
[2m11:25:21[22m   [34m├─[39m [2m/exams/nmtcb-nct/index.html[22m [2m(+18ms)[22m 
[2m11:25:21[22m   [34m├─[39m [2m/exams/nmtcb-nmaa/index.html[22m [2m(+23ms)[22m 
[2m11:25:21[22m   [34m├─[39m [2m/exams/cci-cct/index.html[22m [2m(+29ms)[22m 
[2m11:25:21[22m   [34m├─[39m [2m/exams/cci-crat/index.html[22m [2m(+37ms)[22m 
[2m11:25:21[22m   [34m├─[39m [2m/exams/cci-rcs/index.html[22m [2m(+35ms)[22m 
[2m11:25:22[22m   [34m├─[39m [2m/exams/cci-rcis/index.html[22m [2m(+17ms)[22m 
[2m11:25:22[22m   [34m├─[39m [2m/exams/cci-rces/index.html[22m [2m(+22ms)[22m 
[2m11:25:22[22m   [34m├─[39m [2m/exams/cci-rvs/index.html[22m [2m(+10ms)[22m 
[2m11:25:22[22m   [34m├─[39m [2m/exams/cci-rccs/index.html[22m [2m(+16ms)[22m 
[2m11:25:22[22m   [34m├─[39m [2m/exams/cci-rphs/index.html[22m [2m(+62ms)[22m 
[2m11:25:22[22m   [34m├─[39m [2m/exams/cci-acs/index.html[22m [2m(+21ms)[22m 
[2m11:25:22[22m   [34m├─[39m [2m/exams/nbrc-crt/index.html[22m [2m(+16ms)[22m 
[2m11:25:22[22m   [34m├─[39m [2m/exams/nbrc-tmc/index.html[22m [2m(+14ms)[22m 
[2m11:25:22[22m   [34m├─[39m [2m/exams/nbrc-cse/index.html[22m [2m(+9ms)[22m 
[2m11:25:22[22m   [34m├─[39m [2m/exams/nbrc-rrt/index.html[22m [2m(+11ms)[22m 
[2m11:25:22[22m   [34m├─[39m [2m/exams/nbrc-accs/index.html[22m [2m(+17ms)[22m 
[2m11:25:22[22m   [34m├─[39m [2m/exams/nbrc-nps/index.html[22m [2m(+15ms)[22m 
[2m11:25:22[22m   [34m├─[39m [2m/exams/nbrc-sds/index.html[22m [2m(+79ms)[22m 
[2m11:25:22[22m   [34m├─[39m [2m/exams/nbrc-cpft/index.html[22m [2m(+11ms)[22m 
[2m11:25:22[22m   [34m├─[39m [2m/exams/nbrc-rpft/index.html[22m [2m(+12ms)[22m 
[2m11:25:22[22m   [34m├─[39m [2m/exams/nbrc-rte/index.html[22m [2m(+12ms)[22m 
[2m11:25:22[22m   [34m├─[39m [2m/exams/ascp-mls/index.html[22m [2m(+11ms)[22m 
[2m11:25:22[22m   [34m├─[39m [2m/exams/ascp-mlt/index.html[22m [2m(+12ms)[22m 
[2m11:25:22[22m   [34m├─[39m [2m/exams/ascp-bb/index.html[22m [2m(+12ms)[22m 
[2m11:25:22[22m   [34m├─[39m [2m/exams/ascp-chem/index.html[22m [2m(+17ms)[22m 
[2m11:25:22[22m   [34m├─[39m [2m/exams/ascp-hematology/index.html[22m [2m(+69ms)[22m 
[2m11:25:22[22m   [34m├─[39m [2m/exams/ascp-ht/index.html[22m [2m(+11ms)[22m 
[2m11:25:22[22m   [34m├─[39m [2m/exams/ascp-htl/index.html[22m [2m(+13ms)[22m 
[2m11:25:22[22m   [34m├─[39m [2m/exams/ascp-ct/index.html[22m [2m(+9ms)[22m 
[2m11:25:22[22m   [34m├─[39m [2m/exams/ascp-mb/index.html[22m [2m(+15ms)[22m 
[2m11:25:22[22m   [34m├─[39m [2m/exams/ascp-cg/index.html[22m [2m(+15ms)[22m 
[2m11:25:22[22m   [34m├─[39m [2m/exams/ascp-sbb/index.html[22m [2m(+18ms)[22m 
[2m11:25:22[22m   [34m├─[39m [2m/exams/ascp-sc/index.html[22m [2m(+28ms)[22m 
[2m11:25:22[22m   [34m├─[39m [2m/exams/ascp-sh/index.html[22m [2m(+69ms)[22m 
[2m11:25:22[22m   [34m├─[39m [2m/exams/ascp-sm/index.html[22m [2m(+17ms)[22m 
[2m11:25:22[22m   [34m├─[39m [2m/exams/ascp-dlm/index.html[22m [2m(+17ms)[22m 
[2m11:25:22[22m   [34m├─[39m [2m/exams/ascp-pbt/index.html[22m [2m(+12ms)[22m 
[2m11:25:22[22m   [34m├─[39m [2m/exams/ascp-mla/index.html[22m [2m(+14ms)[22m 
[2m11:25:22[22m   [34m├─[39m [2m/exams/amt-mt/index.html[22m [2m(+12ms)[22m 
[2m11:25:22[22m   [34m├─[39m [2m/exams/amt-mlt/index.html[22m [2m(+11ms)[22m 
[2m11:25:22[22m   [34m├─[39m [2m/exams/amt-rpt/index.html[22m [2m(+45ms)[22m 
[2m11:25:22[22m   [34m├─[39m [2m/exams/amt-ht/index.html[22m [2m(+48ms)[22m 
[2m11:25:22[22m   [34m├─[39m [2m/exams/aab-mls/index.html[22m [2m(+16ms)[22m 
[2m11:25:22[22m   [34m├─[39m [2m/exams/aab-mla/index.html[22m [2m(+14ms)[22m 
[2m11:25:22[22m   [34m├─[39m [2m/exams/aab-phlebotomy/index.html[22m [2m(+18ms)[22m 
[2m11:25:22[22m   [34m├─[39m [2m/exams/nnaap-cna/index.html[22m [2m(+19ms)[22m 
[2m11:25:22[22m   [34m├─[39m [2m/exams/nha-cpct/index.html[22m [2m(+20ms)[22m 
[2m11:25:22[22m   [34m├─[39m [2m/exams/ncct-pt/index.html[22m [2m(+59ms)[22m 
[2m11:25:23[22m   [34m├─[39m [2m/exams/nha-mental-health-tech/index.html[22m [2m(+15ms)[22m 
[2m11:25:23[22m   [34m├─[39m [2m/exams/aama-cma/index.html[22m [2m(+8ms)[22m 
[2m11:25:23[22m   [34m├─[39m [2m/exams/amt-rma/index.html[22m [2m(+11ms)[22m 
[2m11:25:23[22m   [34m├─[39m [2m/exams/nha-ccma/index.html[22m [2m(+14ms)[22m 
[2m11:25:23[22m   [34m├─[39m [2m/exams/nha-cmaa/index.html[22m [2m(+19ms)[22m 
[2m11:25:23[22m   [34m├─[39m [2m/exams/nha-cehrs/index.html[22m [2m(+16ms)[22m 
[2m11:25:23[22m   [34m├─[39m [2m/exams/ncct-ncma/index.html[22m [2m(+18ms)[22m 
[2m11:25:23[22m   [34m├─[39m [2m/exams/ncct-ts/index.html[22m [2m(+21ms)[22m 
[2m11:25:23[22m   [34m├─[39m [2m/exams/amt-cmas/index.html[22m [2m(+36ms)[22m 
[2m11:25:23[22m   [34m├─[39m [2m/exams/aapc-cpc/index.html[22m [2m(+17ms)[22m 
[2m11:25:23[22m   [34m├─[39m [2m/exams/aapc-coc/index.html[22m [2m(+24ms)[22m 
[2m11:25:23[22m   [34m├─[39m [2m/exams/aapc-cic/index.html[22m [2m(+18ms)[22m 
[2m11:25:23[22m   [34m├─[39m [2m/exams/aapc-crc/index.html[22m [2m(+14ms)[22m 
[2m11:25:23[22m   [34m├─[39m [2m/exams/aapc-cpb/index.html[22m [2m(+11ms)[22m 
[2m11:25:23[22m   [34m├─[39m [2m/exams/aapc-cpma/index.html[22m [2m(+30ms)[22m 
[2m11:25:23[22m   [34m├─[39m [2m/exams/aapc-cppm/index.html[22m [2m(+29ms)[22m 
[2m11:25:23[22m   [34m├─[39m [2m/exams/aapc-cpco/index.html[22m [2m(+34ms)[22m 
[2m11:25:23[22m   [34m├─[39m [2m/exams/aapc-cdeo/index.html[22m [2m(+14ms)[22m 
[2m11:25:23[22m   [34m├─[39m [2m/exams/aapc-cascc/index.html[22m [2m(+10ms)[22m 
[2m11:25:23[22m   [34m├─[39m [2m/exams/aapc-canpc/index.html[22m [2m(+21ms)[22m 
[2m11:25:23[22m   [34m├─[39m [2m/exams/aapc-ccc/index.html[22m [2m(+20ms)[22m 
[2m11:25:23[22m   [34m├─[39m [2m/exams/aapc-ccvtc/index.html[22m [2m(+18ms)[22m 
[2m11:25:23[22m   [34m├─[39m [2m/exams/aapc-cedc/index.html[22m [2m(+22ms)[22m 
[2m11:25:23[22m   [34m├─[39m [2m/exams/aapc-cfpc/index.html[22m [2m(+28ms)[22m 
[2m11:25:23[22m   [34m├─[39m [2m/exams/aapc-cgic/index.html[22m [2m(+17ms)[22m 
[2m11:25:23[22m   [34m├─[39m [2m/exams/aapc-cgsc/index.html[22m [2m(+17ms)[22m 
[2m11:25:23[22m   [34m├─[39m [2m/exams/aapc-chonc/index.html[22m [2m(+15ms)[22m 
[2m11:25:23[22m   [34m├─[39m [2m/exams/aapc-circc/index.html[22m [2m(+19ms)[22m 
[2m11:25:23[22m   [34m├─[39m [2m/exams/aapc-cosc/index.html[22m [2m(+14ms)[22m 
[2m11:25:23[22m   [34m├─[39m [2m/exams/aapc-cpedc/index.html[22m [2m(+23ms)[22m 
[2m11:25:23[22m   [34m├─[39m [2m/exams/ahima-cca/index.html[22m [2m(+44ms)[22m 
[2m11:25:23[22m   [34m├─[39m [2m/exams/ahima-ccs/index.html[22m [2m(+17ms)[22m 
[2m11:25:23[22m   [34m├─[39m [2m/exams/ahima-ccs-p/index.html[22m [2m(+15ms)[22m 
[2m11:25:23[22m   [34m├─[39m [2m/exams/ahima-rhit/index.html[22m [2m(+12ms)[22m 
[2m11:25:23[22m   [34m├─[39m [2m/exams/ahima-rhia/index.html[22m [2m(+7ms)[22m 
[2m11:25:23[22m   [34m├─[39m [2m/exams/ahima-cdip/index.html[22m [2m(+19ms)[22m 
[2m11:25:23[22m   [34m├─[39m [2m/exams/ahima-chda/index.html[22m [2m(+17ms)[22m 
[2m11:25:23[22m   [34m├─[39m [2m/exams/ahima-chps/index.html[22m [2m(+62ms)[22m 
[2m11:25:23[22m   [34m├─[39m [2m/exams/nremt-emr/index.html[22m [2m(+19ms)[22m 
[2m11:25:23[22m   [34m├─[39m [2m/exams/nremt-emt/index.html[22m [2m(+13ms)[22m 
[2m11:25:23[22m   [34m├─[39m [2m/exams/nremt-aemt/index.html[22m [2m(+14ms)[22m 
[2m11:25:23[22m   [34m├─[39m [2m/exams/nremt-paramedic/index.html[22m [2m(+17ms)[22m 
[2m11:25:23[22m   [34m├─[39m [2m/exams/ibsc-fp-c/index.html[22m [2m(+9ms)[22m 
[2m11:25:23[22m   [34m├─[39m [2m/exams/ibsc-ccp-c/index.html[22m [2m(+29ms)[22m 
[2m11:25:23[22m   [34m├─[39m [2m/exams/ibsc-cp-c/index.html[22m [2m(+67ms)[22m 
[2m11:25:23[22m   [34m├─[39m [2m/exams/ibsc-tp-c/index.html[22m [2m(+10ms)[22m 
[2m11:25:23[22m   [34m├─[39m [2m/exams/ibsc-tr-c/index.html[22m [2m(+9ms)[22m 
[2m11:25:23[22m   [34m├─[39m [2m/exams/ibsc-wp-c/index.html[22m [2m(+13ms)[22m 
[2m11:25:23[22m   [34m├─[39m [2m/exams/ibsc-dico-c/index.html[22m [2m(+15ms)[22m 
[2m11:25:23[22m   [34m├─[39m [2m/exams/ibsc-mtsp-c/index.html[22m [2m(+18ms)[22m 
[2m11:25:24[22m   [34m├─[39m [2m/exams/bcen-cen/index.html[22m [2m(+29ms)[22m 
[2m11:25:24[22m   [34m├─[39m [2m/exams/bcen-cfrn/index.html[22m [2m(+20ms)[22m 
[2m11:25:24[22m   [34m├─[39m [2m/exams/bcen-ctr-n/index.html[22m [2m(+35ms)[22m 
[2m11:25:24[22m   [34m├─[39m [2m/exams/bcen-tcrn/index.html[22m [2m(+12ms)[22m 
[2m11:25:24[22m   [34m├─[39m [2m/exams/bcen-cpen/index.html[22m [2m(+9ms)[22m 
[2m11:25:24[22m   [34m├─[39m [2m/exams/ptcb-cpht/index.html[22m [2m(+17ms)[22m 
[2m11:25:24[22m   [34m├─[39m [2m/exams/ptcb-cspt/index.html[22m [2m(+15ms)[22m 
[2m11:25:24[22m   [34m├─[39m [2m/exams/ptcb-cpht-adv/index.html[22m [2m(+31ms)[22m 
[2m11:25:24[22m   [34m├─[39m [2m/exams/ptcb-billing/index.html[22m [2m(+27ms)[22m 
[2m11:25:24[22m   [34m├─[39m [2m/exams/ptcb-controlled-substances/index.html[22m [2m(+33ms)[22m 
[2m11:25:24[22m   [34m├─[39m [2m/exams/ptcb-hazardous-drug/index.html[22m [2m(+9ms)[22m 
[2m11:25:24[22m   [34m├─[39m [2m/exams/ptcb-immunization/index.html[22m [2m(+18ms)[22m 
[2m11:25:24[22m   [34m├─[39m [2m/exams/ptcb-med-history/index.html[22m [2m(+23ms)[22m 
[2m11:25:24[22m   [34m├─[39m [2m/exams/ptcb-mtm/index.html[22m [2m(+17ms)[22m 
[2m11:25:24[22m   [34m├─[39m [2m/exams/ptcb-nonsterile-compounding/index.html[22m [2m(+21ms)[22m 
[2m11:25:24[22m   [34m├─[39m [2m/exams/ptcb-poct/index.html[22m [2m(+19ms)[22m 
[2m11:25:24[22m   [34m├─[39m [2m/exams/ptcb-regulatory/index.html[22m [2m(+20ms)[22m 
[2m11:25:24[22m   [34m├─[39m [2m/exams/ptcb-supply-chain/index.html[22m [2m(+25ms)[22m 
[2m11:25:24[22m   [34m├─[39m [2m/exams/ptcb-tpv/index.html[22m [2m(+21ms)[22m 
[2m11:25:24[22m   [34m├─[39m [2m/exams/nha-cpht/index.html[22m [2m(+19ms)[22m 
[2m11:25:24[22m   [34m├─[39m [2m/exams/danb-nelda/index.html[22m [2m(+16ms)[22m 
[2m11:25:24[22m   [34m├─[39m [2m/exams/danb-cda/index.html[22m [2m(+18ms)[22m 
[2m11:25:24[22m   [34m├─[39m [2m/exams/danb-coa/index.html[22m [2m(+24ms)[22m 
[2m11:25:24[22m   [34m├─[39m [2m/exams/danb-cpfda/index.html[22m [2m(+24ms)[22m 
[2m11:25:24[22m   [34m├─[39m [2m/exams/danb-crfda/index.html[22m [2m(+13ms)[22m 
[2m11:25:24[22m   [34m├─[39m [2m/exams/danb-cdipc/index.html[22m [2m(+17ms)[22m 
[2m11:25:24[22m   [34m├─[39m [2m/exams/danb-rhs/index.html[22m [2m(+20ms)[22m 
[2m11:25:24[22m   [34m├─[39m [2m/exams/danb-ice/index.html[22m [2m(+27ms)[22m 
[2m11:25:24[22m   [34m├─[39m [2m/exams/danb-gc/index.html[22m [2m(+17ms)[22m 
[2m11:25:24[22m   [34m├─[39m [2m/exams/nbstsa-cst/index.html[22m [2m(+19ms)[22m 
[2m11:25:24[22m   [34m├─[39m [2m/exams/nbstsa-csfa/index.html[22m [2m(+17ms)[22m 
[2m11:25:24[22m   [34m├─[39m [2m/exams/hspa-crcst/index.html[22m [2m(+20ms)[22m 
[2m11:25:24[22m   [34m├─[39m [2m/exams/hspa-cer/index.html[22m [2m(+26ms)[22m 
[2m11:25:24[22m   [34m├─[39m [2m/exams/hspa-ccsvp/index.html[22m [2m(+16ms)[22m 
[2m11:25:24[22m   [34m├─[39m [2m/exams/hspa-chl/index.html[22m [2m(+21ms)[22m 
[2m11:25:24[22m   [34m├─[39m [2m/exams/cbspd-crcst/index.html[22m [2m(+20ms)[22m 
[2m11:25:24[22m   [34m├─[39m [2m/exams/cbspd-cis/index.html[22m [2m(+18ms)[22m 
[2m11:25:24[22m   [34m├─[39m [2m/exams/cbspd-cfer/index.html[22m [2m(+14ms)[22m 
[2m11:25:24[22m   [34m├─[39m [2m/exams/bonent-cht/index.html[22m [2m(+19ms)[22m 
[2m11:25:24[22m   [34m├─[39m [2m/exams/bonent-ccht/index.html[22m [2m(+66ms)[22m 
[2m11:25:24[22m   [34m├─[39m [2m/exams/nncc-cnn/index.html[22m [2m(+18ms)[22m 
[2m11:25:24[22m   [34m├─[39m [2m/exams/nncc-cdn/index.html[22m [2m(+13ms)[22m 
[2m11:25:24[22m   [34m├─[39m [2m/exams/jcahpo-coa/index.html[22m [2m(+12ms)[22m 
[2m11:25:24[22m   [34m├─[39m [2m/exams/jcahpo-cot/index.html[22m [2m(+13ms)[22m 
[2m11:25:24[22m   [34m├─[39m [2m/exams/jcahpo-comt/index.html[22m [2m(+10ms)[22m 
[2m11:25:24[22m   [34m├─[39m [2m/exams/jcahpo-osc/index.html[22m [2m(+26ms)[22m 
[2m11:25:24[22m   [34m├─[39m [2m/exams/jcahpo-roub/index.html[22m [2m(+20ms)[22m 
[2m11:25:24[22m   [34m├─[39m [2m/exams/jcahpo-cdos/index.html[22m [2m(+48ms)[22m 
[2m11:25:25[22m   [34m├─[39m [2m/exams/jcahpo-osa/index.html[22m [2m(+17ms)[22m 
[2m11:25:25[22m   [34m├─[39m [2m/exams/jcahpo-crt/index.html[22m [2m(+14ms)[22m 
[2m11:25:25[22m   [34m├─[39m [2m/exams/jcahpo-ccoa/index.html[22m [2m(+11ms)[22m 
[2m11:25:25[22m   [34m├─[39m [2m/exams/abc-co/index.html[22m [2m(+26ms)[22m 
[2m11:25:25[22m   [34m├─[39m [2m/exams/abc-cp/index.html[22m [2m(+17ms)[22m 
[2m11:25:25[22m   [34m├─[39m [2m/exams/abc-cpo/index.html[22m [2m(+17ms)[22m 
[2m11:25:25[22m   [34m├─[39m [2m/exams/abc-cped/index.html[22m [2m(+31ms)[22m 
[2m11:25:25[22m   [34m├─[39m [2m/exams/boc-atc/index.html[22m [2m(+17ms)[22m 
[2m11:25:25[22m   [34m├─[39m [2m/exams/ncbtmb-bctmb/index.html[22m [2m(+16ms)[22m 
[2m11:25:25[22m   [34m├─[39m [2m/exams/cdr-rdn/index.html[22m [2m(+15ms)[22m 
[2m11:25:25[22m   [34m├─[39m [2m/exams/cdr-ndtr/index.html[22m [2m(+22ms)[22m 
[2m11:25:25[22m   [34m├─[39m [2m/exams/brpt-rpsgt/index.html[22m [2m(+28ms)[22m 
[2m11:25:25[22m   [34m├─[39m [2m/exams/aast-rst/index.html[22m [2m(+22ms)[22m 
[2m11:25:25[22m   [34m├─[39m [2m/exams/aast-ccsh/index.html[22m [2m(+17ms)[22m 
[2m11:25:25[22m   [34m├─[39m [2m/exams/abpct-cbp/index.html[22m [2m(+16ms)[22m 
[2m11:25:25[22m   [34m├─[39m [2m/exams/nbnasc-cnsc/index.html[22m [2m(+16ms)[22m 
[2m11:25:25[22m   [34m├─[39m [2m/exams/afa-certified-farrier/index.html[22m [2m(+13ms)[22m 
[2m11:25:25[22m   [34m├─[39m [2m/exams/afa-certified-journeyman-farrier/index.html[22m [2m(+22ms)[22m 
[2m11:25:25[22m   [34m├─[39m [2m/exams/afa-therapeutic-endorsement/index.html[22m [2m(+73ms)[22m 
[2m11:25:25[22m   [34m├─[39m [2m/exams/beef-quality-assurance-certification/index.html[22m [2m(+10ms)[22m 
[2m11:25:25[22m   [34m├─[39m [2m/exams/certified-animal-control-officer-level-1/index.html[22m [2m(+19ms)[22m 
[2m11:25:25[22m   [34m├─[39m [2m/exams/certified-animal-control-officer-level-2/index.html[22m [2m(+16ms)[22m 
[2m11:25:25[22m   [34m├─[39m [2m/exams/certified-animal-control-officer-level-3/index.html[22m [2m(+12ms)[22m 
[2m11:25:25[22m   [34m├─[39m [2m/exams/certified-animal-welfare-administrator/index.html[22m [2m(+16ms)[22m 
[2m11:25:25[22m   [34m├─[39m [2m/exams/certified-equine-massage-therapist/index.html[22m [2m(+31ms)[22m 
[2m11:25:25[22m   [34m├─[39m [2m/exams/certified-feline-master-groomer/index.html[22m [2m(+41ms)[22m 
[2m11:25:25[22m   [34m├─[39m [2m/exams/certified-professional-animal-scientist/index.html[22m [2m(+25ms)[22m 
[2m11:25:25[22m   [34m├─[39m [2m/exams/certified-veterinary-practice-manager/index.html[22m [2m(+15ms)[22m 
[2m11:25:25[22m   [34m├─[39m [2m/exams/ccpdt-cbcc-ka/index.html[22m [2m(+9ms)[22m 
[2m11:25:25[22m   [34m├─[39m [2m/exams/ccpdt-cpdt-ka/index.html[22m [2m(+16ms)[22m 
[2m11:25:25[22m   [34m├─[39m [2m/exams/ccpdt-cpdt-ksa/index.html[22m [2m(+28ms)[22m 
[2m11:25:25[22m   [34m├─[39m [2m/exams/eas-master-beekeeper/index.html[22m [2m(+46ms)[22m 
[2m11:25:25[22m   [34m├─[39m [2m/exams/iaabc-certified-dog-behavior-consultant/index.html[22m [2m(+17ms)[22m 
[2m11:25:25[22m   [34m├─[39m [2m/exams/iwrc-certified-wildlife-rehabilitator/index.html[22m [2m(+15ms)[22m 
[2m11:25:25[22m   [34m├─[39m [2m/exams/karen-pryor-academy-certified-training-partner/index.html[22m [2m(+16ms)[22m 
[2m11:25:25[22m   [34m├─[39m [2m/exams/landscape-industry-certified-horticultural-technician/index.html[22m [2m(+27ms)[22m 
[2m11:25:25[22m   [34m├─[39m [2m/exams/navle/index.html[22m [2m(+26ms)[22m 
[2m11:25:25[22m   [34m├─[39m [2m/exams/navta-approved-veterinary-assistant/index.html[22m [2m(+32ms)[22m 
[2m11:25:25[22m   [34m├─[39m [2m/exams/ndgaa-national-certified-master-groomer/index.html[22m [2m(+15ms)[22m 
[2m11:25:25[22m   [34m├─[39m [2m/exams/veterinary-technician-specialist/index.html[22m [2m(+10ms)[22m 
[2m11:25:25[22m   [34m├─[39m [2m/exams/vtne/index.html[22m [2m(+18ms)[22m 
[2m11:25:25[22m   [34m├─[39m [2m/exams/aam-board-certification-micropigmentation/index.html[22m [2m(+11ms)[22m 
[2m11:25:25[22m   [34m├─[39m [2m/exams/apt-bloodborne-pathogens-body-art/index.html[22m [2m(+14ms)[22m 
[2m11:25:25[22m   [34m├─[39m [2m/exams/certified-permanent-cosmetics-professional/index.html[22m [2m(+71ms)[22m 
[2m11:25:25[22m   [34m├─[39m [2m/exams/certified-trichologist-wts/index.html[22m [2m(+16ms)[22m 
[2m11:25:26[22m   [34m├─[39m [2m/exams/nic-advanced-micropigmentation-theory/index.html[22m [2m(+17ms)[22m 
[2m11:25:26[22m   [34m├─[39m [2m/exams/nic-advanced-practice-esthetics-practical/index.html[22m [2m(+11ms)[22m 
[2m11:25:26[22m   [34m├─[39m [2m/exams/nic-advanced-practice-esthetics-theory/index.html[22m [2m(+13ms)[22m 
[2m11:25:26[22m   [34m├─[39m [2m/exams/nic-barber-practical/index.html[22m [2m(+8ms)[22m 
[2m11:25:26[22m   [34m├─[39m [2m/exams/nic-barber-styling-practical/index.html[22m [2m(+68ms)[22m 
[2m11:25:26[22m   [34m├─[39m [2m/exams/nic-barber-styling-theory/index.html[22m [2m(+19ms)[22m 
[2m11:25:26[22m   [34m├─[39m [2m/exams/nic-barber-theory/index.html[22m [2m(+16ms)[22m 
[2m11:25:26[22m   [34m├─[39m [2m/exams/nic-barber-1-no-chemical-practical/index.html[22m [2m(+10ms)[22m 
[2m11:25:26[22m   [34m├─[39m [2m/exams/nic-barber-1-no-chemical-theory/index.html[22m [2m(+11ms)[22m 
[2m11:25:26[22m   [34m├─[39m [2m/exams/nic-blow-dry-styling-practical/index.html[22m [2m(+12ms)[22m 
[2m11:25:26[22m   [34m├─[39m [2m/exams/nic-blow-dry-styling-theory/index.html[22m [2m(+11ms)[22m 
[2m11:25:26[22m   [34m├─[39m [2m/exams/nic-body-piercing-practical/index.html[22m [2m(+17ms)[22m 
[2m11:25:26[22m   [34m├─[39m [2m/exams/nic-body-piercing-theory/index.html[22m [2m(+82ms)[22m 
[2m11:25:26[22m   [34m├─[39m [2m/exams/nic-cosmetology-practical/index.html[22m [2m(+17ms)[22m 
[2m11:25:26[22m   [34m├─[39m [2m/exams/nic-cosmetology-theory/index.html[22m [2m(+16ms)[22m 
[2m11:25:26[22m   [34m├─[39m [2m/exams/nic-cosmetology-written-practical/index.html[22m [2m(+14ms)[22m 
[2m11:25:26[22m   [34m├─[39m [2m/exams/nic-electrology-practical/index.html[22m [2m(+14ms)[22m 
[2m11:25:26[22m   [34m├─[39m [2m/exams/nic-electrology-theory/index.html[22m [2m(+12ms)[22m 
[2m11:25:26[22m   [34m├─[39m [2m/exams/nic-esthetics-practical/index.html[22m [2m(+23ms)[22m 
[2m11:25:26[22m   [34m├─[39m [2m/exams/nic-esthetics-theory/index.html[22m [2m(+62ms)[22m 
[2m11:25:26[22m   [34m├─[39m [2m/exams/nic-eyelash-eyebrow-practical/index.html[22m [2m(+9ms)[22m 
[2m11:25:26[22m   [34m├─[39m [2m/exams/nic-hair-design-practical/index.html[22m [2m(+11ms)[22m 
[2m11:25:26[22m   [34m├─[39m [2m/exams/nic-hair-design-theory/index.html[22m [2m(+20ms)[22m 
[2m11:25:26[22m   [34m├─[39m [2m/exams/nic-hair-removal-practical/index.html[22m [2m(+14ms)[22m 
[2m11:25:26[22m   [34m├─[39m [2m/exams/nic-hair-removal-theory/index.html[22m [2m(+11ms)[22m 
[2m11:25:26[22m   [34m├─[39m [2m/exams/nic-instructor-practical/index.html[22m [2m(+10ms)[22m 
[2m11:25:26[22m   [34m├─[39m [2m/exams/nic-instructor-theory/index.html[22m [2m(+16ms)[22m 
[2m11:25:26[22m   [34m├─[39m [2m/exams/nic-nail-technology-practical/index.html[22m [2m(+62ms)[22m 
[2m11:25:26[22m   [34m├─[39m [2m/exams/nic-nail-technology-theory/index.html[22m [2m(+14ms)[22m 
[2m11:25:26[22m   [34m├─[39m [2m/exams/nic-national-manager-theory/index.html[22m [2m(+20ms)[22m 
[2m11:25:26[22m   [34m├─[39m [2m/exams/nic-natural-hair-styling-practical/index.html[22m [2m(+12ms)[22m 
[2m11:25:26[22m   [34m├─[39m [2m/exams/nic-natural-hair-styling-theory/index.html[22m [2m(+13ms)[22m 
[2m11:25:26[22m   [34m├─[39m [2m/exams/nic-permanent-cosmetics-theory/index.html[22m [2m(+11ms)[22m 
[2m11:25:26[22m   [34m├─[39m [2m/exams/nic-tattooing-practical/index.html[22m [2m(+16ms)[22m 
[2m11:25:26[22m   [34m├─[39m [2m/exams/nic-tattooing-theory/index.html[22m [2m(+26ms)[22m 
[2m11:25:26[22m   [34m├─[39m [2m/exams/prov-cosmetology-examination-administration/index.html[22m [2m(+42ms)[22m 
[2m11:25:26[22m   [34m├─[39m [2m/exams/psi-cosmetology-examination/index.html[22m [2m(+23ms)[22m 
[2m11:25:26[22m   [34m├─[39m [2m/exams/arcb-certified-reflexologist/index.html[22m [2m(+16ms)[22m 
[2m11:25:26[22m   [34m├─[39m [2m/exams/bctmb/index.html[22m [2m(+9ms)[22m 
[2m11:25:26[22m   [34m├─[39m [2m/exams/certified-ayurvedic-health-counselor/index.html[22m [2m(+21ms)[22m 
[2m11:25:26[22m   [34m├─[39m [2m/exams/certified-ayurvedic-practitioner/index.html[22m [2m(+9ms)[22m 
[2m11:25:26[22m   [34m├─[39m [2m/exams/certified-nutrition-specialist/index.html[22m [2m(+16ms)[22m 
[2m11:25:26[22m   [34m├─[39m [2m/exams/certified-sleep-science-coach/index.html[22m [2m(+18ms)[22m 
[2m11:25:26[22m   [34m├─[39m [2m/exams/c-iayt-certified-yoga-therapist/index.html[22m [2m(+62ms)[22m 
[2m11:25:26[22m   [34m├─[39m [2m/exams/nanp-board-exam-holistic-nutrition/index.html[22m [2m(+21ms)[22m 
[2m11:25:26[22m   [34m├─[39m [2m/exams/nbc-hwc/index.html[22m [2m(+13ms)[22m 
[2m11:25:26[22m   [34m├─[39m [2m/exams/nwi-certified-wellness-practitioner/index.html[22m [2m(+15ms)[22m 
[2m11:25:27[22m   [34m├─[39m [2m/exams/registered-aromatherapist-arc/index.html[22m [2m(+15ms)[22m 
[2m11:25:27[22m   [34m├─[39m [2m/exams/acf-certified-chef-de-cuisine/index.html[22m [2m(+10ms)[22m 
[2m11:25:27[22m   [34m├─[39m [2m/exams/acf-certified-culinarian/index.html[22m [2m(+28ms)[22m 
[2m11:25:27[22m   [34m├─[39m [2m/exams/acf-certified-culinary-administrator/index.html[22m [2m(+52ms)[22m 
[2m11:25:27[22m   [34m├─[39m [2m/exams/acf-certified-culinary-educator/index.html[22m [2m(+14ms)[22m 
[2m11:25:27[22m   [34m├─[39m [2m/exams/acf-certified-executive-chef/index.html[22m [2m(+14ms)[22m 
[2m11:25:27[22m   [34m├─[39m [2m/exams/acf-certified-executive-pastry-chef/index.html[22m [2m(+12ms)[22m 
[2m11:25:27[22m   [34m├─[39m [2m/exams/acf-certified-fundamentals-cook/index.html[22m [2m(+20ms)[22m 
[2m11:25:27[22m   [34m├─[39m [2m/exams/acf-certified-fundamentals-pastry-cook/index.html[22m [2m(+20ms)[22m 
[2m11:25:27[22m   [34m├─[39m [2m/exams/acf-certified-master-chef/index.html[22m [2m(+20ms)[22m 
[2m11:25:27[22m   [34m├─[39m [2m/exams/acf-certified-master-pastry-chef/index.html[22m [2m(+49ms)[22m 
[2m11:25:27[22m   [34m├─[39m [2m/exams/acf-certified-pastry-culinarian/index.html[22m [2m(+16ms)[22m 
[2m11:25:27[22m   [34m├─[39m [2m/exams/acf-certified-secondary-culinary-educator/index.html[22m [2m(+12ms)[22m 
[2m11:25:27[22m   [34m├─[39m [2m/exams/acf-certified-sous-chef/index.html[22m [2m(+10ms)[22m 
[2m11:25:27[22m   [34m├─[39m [2m/exams/acf-certified-working-pastry-chef/index.html[22m [2m(+24ms)[22m 
[2m11:25:27[22m   [34m├─[39m [2m/exams/always-food-safe-food-protection-manager/index.html[22m [2m(+17ms)[22m 
[2m11:25:27[22m   [34m├─[39m [2m/exams/american-cheese-society-certified-cheese-professional/index.html[22m [2m(+8ms)[22m 
[2m11:25:27[22m   [34m├─[39m [2m/exams/barsmarts-advanced/index.html[22m [2m(+26ms)[22m 
[2m11:25:27[22m   [34m├─[39m [2m/exams/bjcp-beer-judge-exam/index.html[22m [2m(+46ms)[22m 
[2m11:25:27[22m   [34m├─[39m [2m/exams/brcgs-professional/index.html[22m [2m(+13ms)[22m 
[2m11:25:27[22m   [34m├─[39m [2m/exams/certified-dietary-manager-cfpp/index.html[22m [2m(+16ms)[22m 
[2m11:25:27[22m   [34m├─[39m [2m/exams/cicerone-advanced-cicerone/index.html[22m [2m(+14ms)[22m 
[2m11:25:27[22m   [34m├─[39m [2m/exams/cicerone-certified-beer-server/index.html[22m [2m(+14ms)[22m 
[2m11:25:27[22m   [34m├─[39m [2m/exams/cicerone-certified-cicerone/index.html[22m [2m(+11ms)[22m 
[2m11:25:27[22m   [34m├─[39m [2m/exams/cicerone-master-cicerone/index.html[22m [2m(+22ms)[22m 
[2m11:25:27[22m   [34m├─[39m [2m/exams/cms-advanced-sommelier/index.html[22m [2m(+18ms)[22m 
[2m11:25:27[22m   [34m├─[39m [2m/exams/cms-certified-sommelier/index.html[22m [2m(+53ms)[22m 
[2m11:25:27[22m   [34m├─[39m [2m/exams/cms-introductory-sommelier/index.html[22m [2m(+17ms)[22m 
[2m11:25:27[22m   [34m├─[39m [2m/exams/cms-master-sommelier-diploma/index.html[22m [2m(+12ms)[22m 
[2m11:25:27[22m   [34m├─[39m [2m/exams/coffee-quality-institute-q-grader/index.html[22m [2m(+14ms)[22m 
[2m11:25:27[22m   [34m├─[39m [2m/exams/fspca-fsvp/index.html[22m [2m(+19ms)[22m 
[2m11:25:27[22m   [34m├─[39m [2m/exams/fspca-pcqi-animal-food/index.html[22m [2m(+14ms)[22m 
[2m11:25:27[22m   [34m├─[39m [2m/exams/fspca-pcqi-human-food/index.html[22m [2m(+19ms)[22m 
[2m11:25:27[22m   [34m├─[39m [2m/exams/haccp-manager-certification/index.html[22m [2m(+38ms)[22m 
[2m11:25:27[22m   [34m├─[39m [2m/exams/iacp-certified-culinary-professional/index.html[22m [2m(+27ms)[22m 
[2m11:25:27[22m   [34m├─[39m [2m/exams/kcbs-certified-barbecue-judge/index.html[22m [2m(+15ms)[22m 
[2m11:25:27[22m   [34m├─[39m [2m/exams/learn2serve-alcohol-seller-server/index.html[22m [2m(+8ms)[22m 
[2m11:25:27[22m   [34m├─[39m [2m/exams/learn2serve-food-protection-manager/index.html[22m [2m(+15ms)[22m 
[2m11:25:27[22m   [34m├─[39m [2m/exams/neha-certified-professional-food-safety/index.html[22m [2m(+18ms)[22m 
[2m11:25:27[22m   [34m├─[39m [2m/exams/nrfsp-food-protection-manager/index.html[22m [2m(+28ms)[22m 
[2m11:25:27[22m   [34m├─[39m [2m/exams/produce-safety-alliance-grower-training/index.html[22m [2m(+33ms)[22m 
[2m11:25:27[22m   [34m├─[39m [2m/exams/prometric-certified-professional-food-manager/index.html[22m [2m(+51ms)[22m 
[2m11:25:27[22m   [34m├─[39m [2m/exams/sca-coffee-skills-professional-diploma/index.html[22m [2m(+15ms)[22m 
[2m11:25:27[22m   [34m├─[39m [2m/exams/servsafe-alcohol-advanced/index.html[22m [2m(+11ms)[22m 
[2m11:25:27[22m   [34m├─[39m [2m/exams/servsafe-alcohol-primary/index.html[22m [2m(+12ms)[22m 
[2m11:25:27[22m   [34m├─[39m [2m/exams/servsafe-allergens/index.html[22m [2m(+25ms)[22m 
[2m11:25:27[22m   [34m├─[39m [2m/exams/servsafe-food-handler/index.html[22m [2m(+17ms)[22m 
[2m11:25:27[22m   [34m├─[39m [2m/exams/servsafe-food-protection-manager/index.html[22m [2m(+21ms)[22m 
[2m11:25:28[22m   [34m├─[39m [2m/exams/servsafe-workplace/index.html[22m [2m(+45ms)[22m 
[2m11:25:28[22m   [34m├─[39m [2m/exams/sqf-practitioner/index.html[22m [2m(+13ms)[22m 
[2m11:25:28[22m   [34m├─[39m [2m/exams/statefoodsafety-food-protection-manager/index.html[22m [2m(+8ms)[22m 
[2m11:25:28[22m   [34m├─[39m [2m/exams/swe-certified-specialist-of-spirits/index.html[22m [2m(+12ms)[22m 
[2m11:25:28[22m   [34m├─[39m [2m/exams/swe-certified-specialist-of-wine/index.html[22m [2m(+17ms)[22m 
[2m11:25:28[22m   [34m├─[39m [2m/exams/swe-certified-wine-educator/index.html[22m [2m(+18ms)[22m 
[2m11:25:28[22m   [34m├─[39m [2m/exams/tips-alcohol-certification/index.html[22m [2m(+16ms)[22m 
[2m11:25:28[22m   [34m├─[39m [2m/exams/wset-level-1-award-wines/index.html[22m [2m(+57ms)[22m 
[2m11:25:28[22m   [34m├─[39m [2m/exams/wset-level-2-award-wines/index.html[22m [2m(+19ms)[22m 
[2m11:25:28[22m   [34m├─[39m [2m/exams/wset-level-3-award-wines/index.html[22m [2m(+10ms)[22m 
[2m11:25:28[22m   [34m├─[39m [2m/exams/wset-level-4-diploma-wines/index.html[22m [2m(+12ms)[22m 
[2m11:25:28[22m   [34m├─[39m [2m/exams/ahlei-certified-food-and-beverage-executive/index.html[22m [2m(+11ms)[22m 
[2m11:25:28[22m   [34m├─[39m [2m/exams/ahlei-certified-front-desk-representative/index.html[22m [2m(+16ms)[22m 
[2m11:25:28[22m   [34m├─[39m [2m/exams/ahlei-certified-guest-service-professional/index.html[22m [2m(+16ms)[22m 
[2m11:25:28[22m   [34m├─[39m [2m/exams/ahlei-certified-hospitality-department-trainer/index.html[22m [2m(+14ms)[22m 
[2m11:25:28[22m   [34m├─[39m [2m/exams/ahlei-certified-hospitality-housekeeping-executive/index.html[22m [2m(+61ms)[22m 
[2m11:25:28[22m   [34m├─[39m [2m/exams/ahlei-certified-hospitality-revenue-manager/index.html[22m [2m(+19ms)[22m 
[2m11:25:28[22m   [34m├─[39m [2m/exams/ahlei-certified-hospitality-sales-professional/index.html[22m [2m(+10ms)[22m 
[2m11:25:28[22m   [34m├─[39m [2m/exams/ahlei-certified-hospitality-supervisor/index.html[22m [2m(+12ms)[22m 
[2m11:25:28[22m   [34m├─[39m [2m/exams/ahlei-certified-hotel-administrator/index.html[22m [2m(+12ms)[22m 
[2m11:25:28[22m   [34m├─[39m [2m/exams/ahlei-certified-rooms-division-executive/index.html[22m [2m(+16ms)[22m 
[2m11:25:28[22m   [34m├─[39m [2m/exams/certified-club-manager/index.html[22m [2m(+14ms)[22m 
[2m11:25:28[22m   [34m├─[39m [2m/exams/certified-destination-management-executive/index.html[22m [2m(+15ms)[22m 
[2m11:25:28[22m   [34m├─[39m [2m/exams/certified-government-meeting-professional/index.html[22m [2m(+70ms)[22m 
[2m11:25:28[22m   [34m├─[39m [2m/exams/certified-meeting-management-mpi/index.html[22m [2m(+12ms)[22m 
[2m11:25:28[22m   [34m├─[39m [2m/exams/certified-meeting-professional/index.html[22m [2m(+10ms)[22m 
[2m11:25:28[22m   [34m├─[39m [2m/exams/certified-meeting-professional-healthcare/index.html[22m [2m(+12ms)[22m 
[2m11:25:28[22m   [34m├─[39m [2m/exams/certified-special-events-professional/index.html[22m [2m(+12ms)[22m 
[2m11:25:28[22m   [34m├─[39m [2m/exams/certified-travel-associate/index.html[22m [2m(+15ms)[22m 
[2m11:25:28[22m   [34m├─[39m [2m/exams/certified-travel-counselor/index.html[22m [2m(+18ms)[22m 
[2m11:25:28[22m   [34m├─[39m [2m/exams/certified-travel-industry-executive/index.html[22m [2m(+22ms)[22m 
[2m11:25:28[22m   [34m├─[39m [2m/exams/certified-wedding-planner-cwps/index.html[22m [2m(+64ms)[22m 
[2m11:25:28[22m   [34m├─[39m [2m/exams/digital-event-strategist/index.html[22m [2m(+18ms)[22m 
[2m11:25:28[22m   [34m├─[39m [2m/exams/iaee-certified-in-exhibition-management/index.html[22m [2m(+12ms)[22m 
[2m11:25:28[22m   [34m├─[39m [2m/exams/iata-foundation-travel-tourism/index.html[22m [2m(+10ms)[22m 
[2m11:25:28[22m   [34m├─[39m [2m/exams/acsm-certified-cancer-exercise-trainer/index.html[22m [2m(+14ms)[22m 
[2m11:25:28[22m   [34m├─[39m [2m/exams/acsm-certified-clinical-exercise-physiologist/index.html[22m [2m(+14ms)[22m 
[2m11:25:28[22m   [34m├─[39m [2m/exams/acsm-certified-exercise-physiologist/index.html[22m [2m(+19ms)[22m 
[2m11:25:28[22m   [34m├─[39m [2m/exams/acsm-certified-group-exercise-instructor/index.html[22m [2m(+52ms)[22m 
[2m11:25:28[22m   [34m├─[39m [2m/exams/acsm-certified-inclusive-fitness-trainer/index.html[22m [2m(+29ms)[22m 
[2m11:25:28[22m   [34m├─[39m [2m/exams/acsm-certified-personal-trainer/index.html[22m [2m(+14ms)[22m 
[2m11:25:28[22m   [34m├─[39m [2m/exams/ace-certified-group-fitness-instructor/index.html[22m [2m(+17ms)[22m 
[2m11:25:28[22m   [34m├─[39m [2m/exams/ace-certified-personal-trainer/index.html[22m [2m(+17ms)[22m 
[2m11:25:28[22m   [34m├─[39m [2m/exams/ace-health-coach-certification/index.html[22m [2m(+15ms)[22m 
[2m11:25:28[22m   [34m├─[39m [2m/exams/ace-medical-exercise-specialist/index.html[22m [2m(+24ms)[22m 
[2m11:25:28[22m   [34m├─[39m [2m/exams/afaa-certified-personal-trainer/index.html[22m [2m(+48ms)[22m 
[2m11:25:28[22m   [34m├─[39m [2m/exams/afaa-group-fitness-instructor/index.html[22m [2m(+38ms)[22m 
[2m11:25:29[22m   [34m├─[39m [2m/exams/amga-alpine-guide/index.html[22m [2m(+16ms)[22m 
[2m11:25:29[22m   [34m├─[39m [2m/exams/amga-rock-guide/index.html[22m [2m(+13ms)[22m 
[2m11:25:29[22m   [34m├─[39m [2m/exams/amga-single-pitch-instructor/index.html[22m [2m(+15ms)[22m 
[2m11:25:29[22m   [34m├─[39m [2m/exams/amga-ski-guide/index.html[22m [2m(+20ms)[22m 
[2m11:25:29[22m   [34m├─[39m [2m/exams/american-red-cross-lifeguard-instructor/index.html[22m [2m(+17ms)[22m 
[2m11:25:29[22m   [34m├─[39m [2m/exams/american-red-cross-lifeguarding/index.html[22m [2m(+30ms)[22m 
[2m11:25:29[22m   [34m├─[39m [2m/exams/american-red-cross-water-safety-instructor/index.html[22m [2m(+38ms)[22m 
[2m11:25:29[22m   [34m├─[39m [2m/exams/cooper-institute-personal-trainer/index.html[22m [2m(+24ms)[22m 
[2m11:25:29[22m   [34m├─[39m [2m/exams/crossfit-level-1-trainer/index.html[22m [2m(+22ms)[22m 
[2m11:25:29[22m   [34m├─[39m [2m/exams/crossfit-level-2-trainer/index.html[22m [2m(+21ms)[22m 
[2m11:25:29[22m   [34m├─[39m [2m/exams/crossfit-level-3-certified-trainer/index.html[22m [2m(+26ms)[22m 
[2m11:25:29[22m   [34m├─[39m [2m/exams/crossfit-level-4-coach/index.html[22m [2m(+15ms)[22m 
[2m11:25:29[22m   [34m├─[39m [2m/exams/ellis-international-lifeguard-training-program/index.html[22m [2m(+17ms)[22m 
[2m11:25:29[22m   [34m├─[39m [2m/exams/gcsaa-certified-golf-course-superintendent/index.html[22m [2m(+23ms)[22m 
[2m11:25:29[22m   [34m├─[39m [2m/exams/ihea-hunter-education-instructor/index.html[22m [2m(+32ms)[22m 
[2m11:25:29[22m   [34m├─[39m [2m/exams/issa-certified-personal-trainer/index.html[22m [2m(+15ms)[22m 
[2m11:25:29[22m   [34m├─[39m [2m/exams/issa-elite-trainer/index.html[22m [2m(+29ms)[22m 
[2m11:25:29[22m   [34m├─[39m [2m/exams/issa-nutritionist-certification/index.html[22m [2m(+20ms)[22m 
[2m11:25:29[22m   [34m├─[39m [2m/exams/issa-strength-and-conditioning-coach/index.html[22m [2m(+22ms)[22m 
[2m11:25:29[22m   [34m├─[39m [2m/exams/leave-no-trace-master-educator/index.html[22m [2m(+21ms)[22m 
[2m11:25:29[22m   [34m├─[39m [2m/exams/nasbla-boating-safety-certificate/index.html[22m [2m(+11ms)[22m 
[2m11:25:29[22m   [34m├─[39m [2m/exams/nasm-certified-nutrition-coach/index.html[22m [2m(+31ms)[22m 
[2m11:25:29[22m   [34m├─[39m [2m/exams/nasm-certified-personal-trainer/index.html[22m [2m(+17ms)[22m 
[2m11:25:29[22m   [34m├─[39m [2m/exams/nasm-corrective-exercise-specialist/index.html[22m [2m(+46ms)[22m 
[2m11:25:29[22m   [34m├─[39m [2m/exams/nasm-group-personal-training-specialist/index.html[22m [2m(+13ms)[22m 
[2m11:25:29[22m   [34m├─[39m [2m/exams/nasm-performance-enhancement-specialist/index.html[22m [2m(+17ms)[22m 
[2m11:25:29[22m   [34m├─[39m [2m/exams/nasm-weight-loss-specialist/index.html[22m [2m(+9ms)[22m 
[2m11:25:29[22m   [34m├─[39m [2m/exams/naui-scuba-instructor/index.html[22m [2m(+15ms)[22m 
[2m11:25:29[22m   [34m├─[39m [2m/exams/nccpt-certified-personal-trainer/index.html[22m [2m(+27ms)[22m 
[2m11:25:29[22m   [34m├─[39m [2m/exams/ncsf-certified-personal-trainer/index.html[22m [2m(+9ms)[22m 
[2m11:25:29[22m   [34m├─[39m [2m/exams/nfhs-officials-certification/index.html[22m [2m(+15ms)[22m 
[2m11:25:29[22m   [34m├─[39m [2m/exams/nfpt-certified-personal-trainer/index.html[22m [2m(+45ms)[22m 
[2m11:25:29[22m   [34m├─[39m [2m/exams/npcp-pilates-certification/index.html[22m [2m(+17ms)[22m 
[2m11:25:29[22m   [34m├─[39m [2m/exams/nra-certified-instructor/index.html[22m [2m(+11ms)[22m 
[2m11:25:29[22m   [34m├─[39m [2m/exams/nra-chief-range-safety-officer/index.html[22m [2m(+18ms)[22m 
[2m11:25:29[22m   [34m├─[39m [2m/exams/nra-range-safety-officer/index.html[22m [2m(+32ms)[22m 
[2m11:25:29[22m   [34m├─[39m [2m/exams/nsca-certified-performance-and-sport-scientist/index.html[22m [2m(+18ms)[22m 
[2m11:25:29[22m   [34m├─[39m [2m/exams/nsca-certified-personal-trainer/index.html[22m [2m(+52ms)[22m 
[2m11:25:29[22m   [34m├─[39m [2m/exams/nsca-certified-special-population-specialist/index.html[22m [2m(+14ms)[22m 
[2m11:25:29[22m   [34m├─[39m [2m/exams/nsca-cscs/index.html[22m [2m(+19ms)[22m 
[2m11:25:29[22m   [34m├─[39m [2m/exams/nsca-tsac-f/index.html[22m [2m(+29ms)[22m 
[2m11:25:29[22m   [34m├─[39m [2m/exams/nspa-certified-personal-trainer/index.html[22m [2m(+11ms)[22m 
[2m11:25:29[22m   [34m├─[39m [2m/exams/padi-divemaster/index.html[22m [2m(+17ms)[22m 
[2m11:25:29[22m   [34m├─[39m [2m/exams/padi-instructor-examination/index.html[22m [2m(+33ms)[22m 
[2m11:25:29[22m   [34m├─[39m [2m/exams/padi-instructor-development-course/index.html[22m [2m(+17ms)[22m 
[2m11:25:30[22m   [34m├─[39m [2m/exams/padi-open-water-diver/index.html[22m [2m(+31ms)[22m 
[2m11:25:30[22m   [34m├─[39m [2m/exams/pga-associate-program/index.html[22m [2m(+24ms)[22m 
[2m11:25:30[22m   [34m├─[39m [2m/exams/pga-playing-ability-test/index.html[22m [2m(+19ms)[22m 
[2m11:25:30[22m   [34m├─[39m [2m/exams/precision-nutrition-level-1/index.html[22m [2m(+16ms)[22m 
[2m11:25:30[22m   [34m├─[39m [2m/exams/precision-nutrition-level-2/index.html[22m [2m(+9ms)[22m 
[2m11:25:30[22m   [34m├─[39m [2m/exams/psia-aasi-level-1/index.html[22m [2m(+32ms)[22m 
[2m11:25:30[22m   [34m├─[39m [2m/exams/psia-aasi-level-2/index.html[22m [2m(+18ms)[22m 
[2m11:25:30[22m   [34m├─[39m [2m/exams/psia-aasi-level-3/index.html[22m [2m(+26ms)[22m 
[2m11:25:30[22m   [34m├─[39m [2m/exams/ptr-professional-certification/index.html[22m [2m(+16ms)[22m 
[2m11:25:30[22m   [34m├─[39m [2m/exams/sdi-tdi-technical-diver/index.html[22m [2m(+17ms)[22m 
[2m11:25:30[22m   [34m├─[39m [2m/exams/ssi-open-water-instructor/index.html[22m [2m(+21ms)[22m 
[2m11:25:30[22m   [34m├─[39m [2m/exams/starguard-elite-lifeguard-certification/index.html[22m [2m(+15ms)[22m 
[2m11:25:30[22m   [34m├─[39m [2m/exams/us-soccer-grassroots-coaching-license/index.html[22m [2m(+32ms)[22m 
[2m11:25:30[22m   [34m├─[39m [2m/exams/usa-cycling-coach-certification/index.html[22m [2m(+15ms)[22m 
[2m11:25:30[22m   [34m├─[39m [2m/exams/usa-swimming-certified-official/index.html[22m [2m(+23ms)[22m 
[2m11:25:30[22m   [34m├─[39m [2m/exams/usa-track-and-field-official-certification/index.html[22m [2m(+16ms)[22m 
[2m11:25:30[22m   [34m├─[39m [2m/exams/usa-weightlifting-level-1-coach/index.html[22m [2m(+15ms)[22m 
[2m11:25:30[22m   [34m├─[39m [2m/exams/usa-weightlifting-level-2-coach/index.html[22m [2m(+24ms)[22m 
[2m11:25:30[22m   [34m├─[39m [2m/exams/usccca-certified-instructor/index.html[22m [2m(+16ms)[22m 
[2m11:25:30[22m   [34m├─[39m [2m/exams/uspta-professional-certification/index.html[22m [2m(+10ms)[22m 
[2m11:25:30[22m   [34m├─[39m [2m/exams/wilderness-first-responder/index.html[22m [2m(+45ms)[22m 
[2m11:25:30[22m   [34m├─[39m [2m/exams/wilderness-emt/index.html[22m [2m(+21ms)[22m 
[2m11:25:30[22m   [34m├─[39m [2m/exams/yoga-alliance-ryt-200/index.html[22m [2m(+16ms)[22m 
[2m11:25:30[22m   [34m├─[39m [2m/exams/yoga-alliance-ryt-500/index.html[22m [2m(+14ms)[22m 
[2m11:25:30[22m   [34m├─[39m [2m/exams/accredited-genealogist-icapgen/index.html[22m [2m(+16ms)[22m 
[2m11:25:30[22m   [34m├─[39m [2m/exams/aquatic-facility-operator/index.html[22m [2m(+16ms)[22m 
[2m11:25:30[22m   [34m├─[39m [2m/exams/aslta-certification/index.html[22m [2m(+21ms)[22m 
[2m11:25:30[22m   [34m├─[39m [2m/exams/bcg-certified-genealogist/index.html[22m [2m(+29ms)[22m 
[2m11:25:30[22m   [34m├─[39m [2m/exams/board-certified-coach/index.html[22m [2m(+28ms)[22m 
[2m11:25:30[22m   [34m├─[39m [2m/exams/casli-certified-deaf-interpreter/index.html[22m [2m(+19ms)[22m 
[2m11:25:30[22m   [34m├─[39m [2m/exams/casli-national-interpreter-certification/index.html[22m [2m(+21ms)[22m 
[2m11:25:30[22m   [34m├─[39m [2m/exams/cana-certified-crematory-operator/index.html[22m [2m(+13ms)[22m 
[2m11:25:30[22m   [34m├─[39m [2m/exams/certified-braille-transcriber/index.html[22m [2m(+16ms)[22m 
[2m11:25:30[22m   [34m├─[39m [2m/exams/certified-celebrant/index.html[22m [2m(+16ms)[22m 
[2m11:25:30[22m   [34m├─[39m [2m/exams/certified-cemetery-executive/index.html[22m [2m(+32ms)[22m 
[2m11:25:30[22m   [34m├─[39m [2m/exams/certified-funeral-service-practitioner/index.html[22m [2m(+31ms)[22m 
[2m11:25:30[22m   [34m├─[39m [2m/exams/certified-healthcare-interpreter/index.html[22m [2m(+17ms)[22m 
[2m11:25:30[22m   [34m├─[39m [2m/exams/certified-image-consultant/index.html[22m [2m(+17ms)[22m 
[2m11:25:30[22m   [34m├─[39m [2m/exams/certified-medical-interpreter-nbcmi/index.html[22m [2m(+15ms)[22m 
[2m11:25:30[22m   [34m├─[39m [2m/exams/certified-personal-chef/index.html[22m [2m(+15ms)[22m 
[2m11:25:30[22m   [34m├─[39m [2m/exams/certified-playground-safety-inspector/index.html[22m [2m(+13ms)[22m 
[2m11:25:30[22m   [34m├─[39m [2m/exams/certified-pool-operator/index.html[22m [2m(+20ms)[22m 
[2m11:25:30[22m   [34m├─[39m [2m/exams/certified-preplanning-consultant/index.html[22m [2m(+42ms)[22m 
[2m11:25:30[22m   [34m├─[39m [2m/exams/certified-professional-organizer/index.html[22m [2m(+31ms)[22m 
[2m11:25:30[22m   [34m├─[39m [2m/exams/certified-professional-photographer-ppa/index.html[22m [2m(+18ms)[22m 
[2m11:25:30[22m   [34m├─[39m [2m/exams/child-passenger-safety-technician/index.html[22m [2m(+14ms)[22m 
[2m11:25:30[22m   [34m├─[39m [2m/exams/cprp-parks-recreation-professional/index.html[22m [2m(+14ms)[22m 
[2m11:25:30[22m   [34m├─[39m [2m/exams/cpre-parks-recreation-executive/index.html[22m [2m(+90ms)[22m 
[2m11:25:31[22m   [34m├─[39m [2m/exams/eipa-educational-interpreter-performance-assessment/index.html[22m [2m(+40ms)[22m 
[2m11:25:31[22m   [34m├─[39m [2m/exams/hud-housing-counselor-certification-exam/index.html[22m [2m(+18ms)[22m 
[2m11:25:31[22m   [34m├─[39m [2m/exams/icf-acc-exam/index.html[22m [2m(+15ms)[22m 
[2m11:25:31[22m   [34m├─[39m [2m/exams/icf-advanced-certification-team-coaching/index.html[22m [2m(+11ms)[22m 
[2m11:25:31[22m   [34m├─[39m [2m/exams/icf-credentialing-exam/index.html[22m [2m(+11ms)[22m 
[2m11:25:31[22m   [34m├─[39m [2m/exams/icfseb-national-board-exam-arts/index.html[22m [2m(+15ms)[22m 
[2m11:25:31[22m   [34m├─[39m [2m/exams/icfseb-national-board-exam-sciences/index.html[22m [2m(+24ms)[22m 
[2m11:25:31[22m   [34m├─[39m [2m/exams/nab-core-of-knowledge-exam/index.html[22m [2m(+44ms)[22m 
[2m11:25:31[22m   [34m├─[39m [2m/exams/nab-hcbs-line-of-service-exam/index.html[22m [2m(+20ms)[22m 
[2m11:25:31[22m   [34m├─[39m [2m/exams/nab-nha-line-of-service-exam/index.html[22m [2m(+18ms)[22m 
[2m11:25:31[22m   [34m├─[39m [2m/exams/nab-rcal-line-of-service-exam/index.html[22m [2m(+15ms)[22m 
[2m11:25:31[22m   [34m├─[39m [2m/exams/nationally-certified-resume-writer/index.html[22m [2m(+11ms)[22m 
[2m11:25:31[22m   [34m├─[39m [2m/exams/parwcc-certified-professional-resume-writer/index.html[22m [2m(+21ms)[22m 
[2m11:25:31[22m   [34m├─[39m [2m/exams/texas-bei-interpreter-certification/index.html[22m [2m(+14ms)[22m 
[2m11:25:31[22m   [34m├─[39m [2m/exams/asis-associate-protection-professional/index.html[22m [2m(+18ms)[22m 
[2m11:25:31[22m   [34m├─[39m [2m/exams/asis-certified-protection-professional/index.html[22m [2m(+50ms)[22m 
[2m11:25:31[22m   [34m├─[39m [2m/exams/asis-physical-security-professional/index.html[22m [2m(+20ms)[22m 
[2m11:25:31[22m   [34m├─[39m [2m/exams/asis-professional-certified-investigator/index.html[22m [2m(+14ms)[22m 
[2m11:25:31[22m   [34m├─[39m [2m/exams/board-certified-criminal-defense-investigator/index.html[22m [2m(+17ms)[22m 
[2m11:25:31[22m   [34m├─[39m [2m/exams/certified-computer-examiner/index.html[22m [2m(+16ms)[22m 
[2m11:25:31[22m   [34m├─[39m [2m/exams/certified-criminal-defense-investigator/index.html[22m [2m(+18ms)[22m 
[2m11:25:31[22m   [34m├─[39m [2m/exams/certified-forensic-computer-examiner/index.html[22m [2m(+20ms)[22m 
[2m11:25:31[22m   [34m├─[39m [2m/exams/certified-fraud-specialist/index.html[22m [2m(+47ms)[22m 
[2m11:25:31[22m   [34m├─[39m [2m/exams/certified-healthcare-protection-administrator/index.html[22m [2m(+15ms)[22m 
[2m11:25:31[22m   [34m├─[39m [2m/exams/certified-international-investigator/index.html[22m [2m(+13ms)[22m 
[2m11:25:31[22m   [34m├─[39m [2m/exams/certified-security-project-manager/index.html[22m [2m(+15ms)[22m 
[2m11:25:31[22m   [34m├─[39m [2m/exams/certified-security-supervision-management/index.html[22m [2m(+10ms)[22m 
[2m11:25:31[22m   [34m├─[39m [2m/exams/cdse-physical-security-certification/index.html[22m [2m(+14ms)[22m 
[2m11:25:31[22m   [34m├─[39m [2m/exams/esa-certified-alarm-technician-level-1/index.html[22m [2m(+20ms)[22m 
[2m11:25:31[22m   [34m├─[39m [2m/exams/esa-certified-alarm-technician-level-2/index.html[22m [2m(+16ms)[22m 
[2m11:25:31[22m   [34m├─[39m [2m/exams/esa-certified-fire-alarm-installer/index.html[22m [2m(+32ms)[22m 
[2m11:25:31[22m   [34m├─[39m [2m/exams/esa-electronic-security-networking-technician/index.html[22m [2m(+32ms)[22m 
[2m11:25:31[22m   [34m├─[39m [2m/exams/iahss-basic-officer-certification/index.html[22m [2m(+18ms)[22m 
[2m11:25:31[22m   [34m├─[39m [2m/exams/nna-certified-notary-signing-agent/index.html[22m [2m(+25ms)[22m 
[2m11:25:31[22m   [34m├─[39m [2m/exams/nna-remote-online-notarization-training/index.html[22m [2m(+10ms)[22m 
[2m11:25:31[22m   [34m├─[39m [2m/exams/personal-protection-specialist/index.html[22m [2m(+11ms)[22m 
[2m11:25:31[22m   [34m├─[39m [2m/exams/tsa-certified-cargo-screening-program/index.html[22m [2m(+19ms)[22m 
[2m11:25:31[22m   [34m├─[39m [2m/exams/icrc-advanced-alcohol-and-drug-counselor/index.html[22m [2m(+24ms)[22m 
[2m11:25:31[22m   [34m├─[39m [2m/exams/icrc-alcohol-and-drug-counselor/index.html[22m [2m(+28ms)[22m 
[2m11:25:31[22m   [34m├─[39m [2m/exams/icrc-certified-criminal-justice-addictions-professional/index.html[22m [2m(+14ms)[22m 
[2m11:25:31[22m   [34m├─[39m [2m/exams/icrc-clinical-supervisor/index.html[22m [2m(+15ms)[22m 
[2m11:25:31[22m   [34m├─[39m [2m/exams/icrc-co-occurring-disorders-professional/index.html[22m [2m(+18ms)[22m 
[2m11:25:31[22m   [34m├─[39m [2m/exams/icrc-peer-recovery/index.html[22m [2m(+19ms)[22m 
[2m11:25:31[22m   [34m├─[39m [2m/exams/icrc-prevention-specialist/index.html[22m [2m(+17ms)[22m 
[2m11:25:31[22m   [34m├─[39m [2m/exams/igccb-gambling-counselor-certification/index.html[22m [2m(+20ms)[22m 
[2m11:25:31[22m   [34m├─[39m [2m/exams/mate-act-training/index.html[22m [2m(+43ms)[22m 
[2m11:25:32[22m   [34m├─[39m [2m/exams/naadac-master-addiction-counselor/index.html[22m [2m(+17ms)[22m 
[2m11:25:32[22m   [34m├─[39m [2m/exams/national-certified-tobacco-treatment-practitioner/index.html[22m [2m(+16ms)[22m 
[2m11:25:32[22m   [34m├─[39m [2m/exams/naadac-ncac-i/index.html[22m [2m(+18ms)[22m 
[2m11:25:32[22m   [34m├─[39m [2m/exams/naadac-ncac-ii/index.html[22m [2m(+17ms)[22m 
[2m11:25:32[22m   [34m├─[39m [2m/exams/naadac-national-certified-adolescent-addictions-counselor/index.html[22m [2m(+15ms)[22m 
[2m11:25:32[22m   [34m├─[39m [2m/exams/naadac-national-certified-peer-recovery-support-specialist/index.html[22m [2m(+24ms)[22m 
[2m11:25:32[22m   [34m├─[39m [2m/exams/qaba-applied-behavior-analysis-technician/index.html[22m [2m(+49ms)[22m 
[2m11:25:32[22m   [34m├─[39m [2m/exams/bcaba-board-certified-assistant-behavior-analyst/index.html[22m [2m(+15ms)[22m 
[2m11:25:32[22m   [34m├─[39m [2m/exams/bcba-board-certified-behavior-analyst/index.html[22m [2m(+14ms)[22m 
[2m11:25:32[22m   [34m├─[39m [2m/exams/bcba-d-doctoral-designation/index.html[22m [2m(+15ms)[22m 
[2m11:25:32[22m   [34m├─[39m [2m/exams/ibao-international-behavior-analyst/index.html[22m [2m(+15ms)[22m 
[2m11:25:32[22m   [34m├─[39m [2m/exams/ibao-international-behavior-technician/index.html[22m [2m(+24ms)[22m 
[2m11:25:32[22m   [34m├─[39m [2m/exams/qaba-qualified-autism-services-practitioner-supervisor/index.html[22m [2m(+33ms)[22m 
[2m11:25:32[22m   [34m├─[39m [2m/exams/qaba-qualified-behavior-analyst/index.html[22m [2m(+41ms)[22m 
[2m11:25:32[22m   [34m├─[39m [2m/exams/rbt-registered-behavior-technician/index.html[22m [2m(+9ms)[22m 
[2m11:25:32[22m   [34m├─[39m [2m/exams/acs-approved-clinical-supervisor/index.html[22m [2m(+14ms)[22m 
[2m11:25:32[22m   [34m├─[39m [2m/exams/bc-tmh-board-certified-telemental-health-provider/index.html[22m [2m(+9ms)[22m 
[2m11:25:32[22m   [34m├─[39m [2m/exams/ccmhc-certified-clinical-mental-health-counselor/index.html[22m [2m(+10ms)[22m 
[2m11:25:32[22m   [34m├─[39m [2m/exams/crc-clinical-supervisor-rehabilitation/index.html[22m [2m(+16ms)[22m 
[2m11:25:32[22m   [34m├─[39m [2m/exams/crc-certified-rehabilitation-counselor/index.html[22m [2m(+10ms)[22m 
[2m11:25:32[22m   [34m├─[39m [2m/exams/dcc-distance-credentialed-counselor/index.html[22m [2m(+62ms)[22m 
[2m11:25:32[22m   [34m├─[39m [2m/exams/gcdf-global-career-development-facilitator/index.html[22m [2m(+27ms)[22m 
[2m11:25:32[22m   [34m├─[39m [2m/exams/ncc-national-certified-counselor/index.html[22m [2m(+12ms)[22m 
[2m11:25:32[22m   [34m├─[39m [2m/exams/ncsc-national-certified-school-counselor/index.html[22m [2m(+7ms)[22m 
[2m11:25:32[22m   [34m├─[39m [2m/exams/ncmhce-national-clinical-mental-health-counseling-examination/index.html[22m [2m(+11ms)[22m 
[2m11:25:32[22m   [34m├─[39m [2m/exams/nce-national-counselor-examination/index.html[22m [2m(+9ms)[22m 
[2m11:25:32[22m   [34m├─[39m [2m/exams/nbcc-master-addictions-counselor/index.html[22m [2m(+12ms)[22m 
[2m11:25:32[22m   [34m├─[39m [2m/exams/atcb-board-certified-art-therapist/index.html[22m [2m(+35ms)[22m 
[2m11:25:32[22m   [34m├─[39m [2m/exams/adta-board-certified-dance-movement-therapist/index.html[22m [2m(+44ms)[22m 
[2m11:25:32[22m   [34m├─[39m [2m/exams/cbmt-board-certified-music-therapist/index.html[22m [2m(+35ms)[22m 
[2m11:25:32[22m   [34m├─[39m [2m/exams/nadta-board-certified-trainer-drama-therapy/index.html[22m [2m(+19ms)[22m 
[2m11:25:32[22m   [34m├─[39m [2m/exams/ifbpt-certified-poetry-therapist/index.html[22m [2m(+9ms)[22m 
[2m11:25:32[22m   [34m├─[39m [2m/exams/atcb-registered-art-therapist/index.html[22m [2m(+8ms)[22m 
[2m11:25:32[22m   [34m├─[39m [2m/exams/adta-registered-dance-movement-therapist/index.html[22m [2m(+17ms)[22m 
[2m11:25:32[22m   [34m├─[39m [2m/exams/nadta-registered-drama-therapist/index.html[22m [2m(+42ms)[22m 
[2m11:25:32[22m   [34m├─[39m [2m/exams/aamft-approved-supervisor/index.html[22m [2m(+54ms)[22m 
[2m11:25:32[22m   [34m├─[39m [2m/exams/amftrb-national-mft-examination/index.html[22m [2m(+28ms)[22m 
[2m11:25:32[22m   [34m├─[39m [2m/exams/ncfr-certified-family-life-educator/index.html[22m [2m(+15ms)[22m 
[2m11:25:32[22m   [34m├─[39m [2m/exams/abpp-addiction-psychology/index.html[22m [2m(+24ms)[22m 
[2m11:25:32[22m   [34m├─[39m [2m/exams/abpp-behavioral-and-cognitive-psychology/index.html[22m [2m(+27ms)[22m 
[2m11:25:32[22m   [34m├─[39m [2m/exams/abpp-clinical-child-and-adolescent-psychology/index.html[22m [2m(+40ms)[22m 
[2m11:25:32[22m   [34m├─[39m [2m/exams/abpp-clinical-health-psychology/index.html[22m [2m(+26ms)[22m 
[2m11:25:32[22m   [34m├─[39m [2m/exams/abpp-clinical-neuropsychology/index.html[22m [2m(+15ms)[22m 
[2m11:25:32[22m   [34m├─[39m [2m/exams/abpp-clinical-psychology/index.html[22m [2m(+11ms)[22m 
[2m11:25:33[22m   [34m├─[39m [2m/exams/abpp-counseling-psychology/index.html[22m [2m(+15ms)[22m 
[2m11:25:33[22m   [34m├─[39m [2m/exams/abpp-couple-and-family-psychology/index.html[22m [2m(+29ms)[22m 
[2m11:25:33[22m   [34m├─[39m [2m/exams/abpp-forensic-psychology/index.html[22m [2m(+50ms)[22m 
[2m11:25:33[22m   [34m├─[39m [2m/exams/abpp-geropsychology/index.html[22m [2m(+21ms)[22m 
[2m11:25:33[22m   [34m├─[39m [2m/exams/abpp-group-psychology/index.html[22m [2m(+15ms)[22m 
[2m11:25:33[22m   [34m├─[39m [2m/exams/abpp-organizational-and-business-consulting-psychology/index.html[22m [2m(+11ms)[22m 
[2m11:25:33[22m   [34m├─[39m [2m/exams/abpp-police-and-public-safety-psychology/index.html[22m [2m(+9ms)[22m 
[2m11:25:33[22m   [34m├─[39m [2m/exams/abpp-psychoanalytic-and-psychodynamic-psychology/index.html[22m [2m(+15ms)[22m 
[2m11:25:33[22m   [34m├─[39m [2m/exams/abpp-rehabilitation-psychology/index.html[22m [2m(+31ms)[22m 
[2m11:25:33[22m   [34m├─[39m [2m/exams/abpp-school-psychology/index.html[22m [2m(+29ms)[22m 
[2m11:25:33[22m   [34m├─[39m [2m/exams/abpp-serious-mental-illness-psychology/index.html[22m [2m(+25ms)[22m 
[2m11:25:33[22m   [34m├─[39m [2m/exams/abpp-pediatric-neuropsychology/index.html[22m [2m(+17ms)[22m 
[2m11:25:33[22m   [34m├─[39m [2m/exams/asppb-certificate-of-professional-qualification/index.html[22m [2m(+12ms)[22m 
[2m11:25:33[22m   [34m├─[39m [2m/exams/eppp-part-1-knowledge/index.html[22m [2m(+12ms)[22m 
[2m11:25:33[22m   [34m├─[39m [2m/exams/eppp-part-2-skills/index.html[22m [2m(+15ms)[22m 
[2m11:25:33[22m   [34m├─[39m [2m/exams/asppb-interjurisdictional-practice-certificate/index.html[22m [2m(+27ms)[22m 
[2m11:25:33[22m   [34m├─[39m [2m/exams/national-register-health-service-psychologist/index.html[22m [2m(+26ms)[22m 
[2m11:25:33[22m   [34m├─[39m [2m/exams/psychopharmacology-examination-for-psychologists/index.html[22m [2m(+55ms)[22m 
[2m11:25:33[22m   [34m├─[39m [2m/exams/ccls-certified-child-life-specialist/index.html[22m [2m(+19ms)[22m 
[2m11:25:33[22m   [34m├─[39m [2m/exams/school-social-work-specialist/index.html[22m [2m(+23ms)[22m 
[2m11:25:33[22m   [34m├─[39m [2m/exams/ncsp-nationally-certified-school-psychologist/index.html[22m [2m(+17ms)[22m 
[2m11:25:33[22m   [34m├─[39m [2m/exams/rpt-registered-play-therapist/index.html[22m [2m(+27ms)[22m 
[2m11:25:33[22m   [34m├─[39m [2m/exams/rpt-s-registered-play-therapist-supervisor/index.html[22m [2m(+17ms)[22m 
[2m11:25:33[22m   [34m├─[39m [2m/exams/acsw-academy-of-certified-social-workers/index.html[22m [2m(+24ms)[22m 
[2m11:25:33[22m   [34m├─[39m [2m/exams/hospice-and-palliative-social-worker-certification/index.html[22m [2m(+22ms)[22m 
[2m11:25:33[22m   [34m├─[39m [2m/exams/aswb-advanced-generalist-examination/index.html[22m [2m(+27ms)[22m 
[2m11:25:33[22m   [34m├─[39m [2m/exams/aswb-associate-examination/index.html[22m [2m(+19ms)[22m 
[2m11:25:33[22m   [34m├─[39m [2m/exams/aswb-bachelors-examination/index.html[22m [2m(+16ms)[22m 
[2m11:25:33[22m   [34m├─[39m [2m/exams/aswb-clinical-examination/index.html[22m [2m(+15ms)[22m 
[2m11:25:33[22m   [34m├─[39m [2m/exams/aswb-masters-examination/index.html[22m [2m(+20ms)[22m 
[2m11:25:33[22m   [34m├─[39m [2m/exams/c-aswcm-certified-advanced-social-work-case-manager/index.html[22m [2m(+12ms)[22m 
[2m11:25:33[22m   [34m├─[39m [2m/exams/c-cyfsw-certified-children-youth-and-family-social-worker/index.html[22m [2m(+19ms)[22m 
[2m11:25:33[22m   [34m├─[39m [2m/exams/c-catodsw-clinical-alcohol-tobacco-and-other-drugs-social-worker/index.html[22m [2m(+22ms)[22m 
[2m11:25:33[22m   [34m├─[39m [2m/exams/c-swcm-certified-social-work-case-manager/index.html[22m [2m(+49ms)[22m 
[2m11:25:33[22m   [34m├─[39m [2m/exams/c-swhc-certified-social-worker-in-health-care/index.html[22m [2m(+17ms)[22m 
[2m11:25:33[22m   [34m├─[39m [2m/exams/csw-g-clinical-social-worker-in-gerontology/index.html[22m [2m(+13ms)[22m 
[2m11:25:33[22m   [34m├─[39m [2m/exams/dcsw-diplomate-in-clinical-social-work/index.html[22m [2m(+18ms)[22m 
[2m11:25:33[22m   [34m├─[39m [2m/exams/qcsw-qualified-clinical-social-worker/index.html[22m [2m(+12ms)[22m 
[2m11:25:33[22m   [34m├─[39m [2m/exams/aasect-certified-sex-therapist/index.html[22m [2m(+16ms)[22m 
[2m11:25:33[22m   [34m├─[39m [2m/exams/aasect-certified-sexuality-counselor/index.html[22m [2m(+19ms)[22m 
[2m11:25:33[22m   [34m├─[39m [2m/exams/aasect-certified-sexuality-educator/index.html[22m [2m(+20ms)[22m 
[2m11:25:33[22m   [34m├─[39m [2m/exams/asch-certification-in-clinical-hypnosis/index.html[22m [2m(+45ms)[22m 
[2m11:25:33[22m   [34m├─[39m [2m/exams/bcia-board-certification-in-biofeedback/index.html[22m [2m(+16ms)[22m 
[2m11:25:33[22m   [34m├─[39m [2m/exams/bcia-board-certification-in-neurofeedback/index.html[22m [2m(+26ms)[22m 
[2m11:25:33[22m   [34m├─[39m [2m/exams/thanatology-certification-in-thanatology/index.html[22m [2m(+13ms)[22m 
[2m11:25:33[22m   [34m├─[39m [2m/exams/cams-certified-anger-management-specialist/index.html[22m [2m(+12ms)[22m 
[2m11:25:34[22m   [34m├─[39m [2m/exams/ibcces-certified-autism-specialist/index.html[22m [2m(+15ms)[22m 
[2m11:25:34[22m   [34m├─[39m [2m/exams/ctp-certified-clinical-trauma-professional/index.html[22m [2m(+24ms)[22m 
[2m11:25:34[22m   [34m├─[39m [2m/exams/ceap-certified-employee-assistance-professional/index.html[22m [2m(+28ms)[22m 
[2m11:25:34[22m   [34m├─[39m [2m/exams/nbfe-certified-forensic-mental-health-evaluator/index.html[22m [2m(+24ms)[22m 
[2m11:25:34[22m   [34m├─[39m [2m/exams/cprp-certified-psychiatric-rehabilitation-practitioner/index.html[22m [2m(+17ms)[22m 
[2m11:25:34[22m   [34m├─[39m [2m/exams/emdria-approved-basic-training/index.html[22m [2m(+24ms)[22m 
[2m11:25:34[22m   [34m├─[39m [2m/exams/emdria-certified-therapist/index.html[22m [2m(+14ms)[22m 
[2m11:25:34[22m   [34m├─[39m [2m/exams/thanatology-fellow-in-thanatology/index.html[22m [2m(+20ms)[22m 
[2m11:25:34[22m   [34m├─[39m [2m/exams/mha-national-certified-peer-specialist/index.html[22m [2m(+18ms)[22m 
[2m11:25:34[22m   [34m├─[39m [2m/exams/montessori-ams-teacher-credential/index.html[22m [2m(+20ms)[22m 
[2m11:25:34[22m   [34m├─[39m [2m/exams/montessori-ami-diploma/index.html[22m [2m(+20ms)[22m 
[2m11:25:34[22m   [34m├─[39m [2m/exams/certified-childcare-professional/index.html[22m [2m(+22ms)[22m 
[2m11:25:34[22m   [34m├─[39m [2m/exams/certified-educational-planner/index.html[22m [2m(+16ms)[22m 
[2m11:25:34[22m   [34m├─[39m [2m/exams/cda-family-child-care/index.html[22m [2m(+14ms)[22m 
[2m11:25:34[22m   [34m├─[39m [2m/exams/cda-home-visitor/index.html[22m [2m(+19ms)[22m 
[2m11:25:34[22m   [34m├─[39m [2m/exams/cda-infant-toddler/index.html[22m [2m(+22ms)[22m 
[2m11:25:34[22m   [34m├─[39m [2m/exams/cda-preschool/index.html[22m [2m(+14ms)[22m 
[2m11:25:34[22m   [34m├─[39m [2m/exams/cda-bilingual-specialization/index.html[22m [2m(+26ms)[22m 
[2m11:25:34[22m   [34m├─[39m [2m/exams/ets-parapro-assessment/index.html[22m [2m(+22ms)[22m 
[2m11:25:34[22m   [34m├─[39m [2m/exams/praxis-parapathways-mathematics-5759/index.html[22m [2m(+37ms)[22m 
[2m11:25:34[22m   [34m├─[39m [2m/exams/praxis-parapathways-reading-and-writing-5758/index.html[22m [2m(+13ms)[22m 
[2m11:25:34[22m   [34m├─[39m [2m/exams/stedi-substitute-teacher-certification/index.html[22m [2m(+14ms)[22m 
[2m11:25:34[22m   [34m├─[39m [2m/exams/edtpa-essentials/index.html[22m [2m(+16ms)[22m 
[2m11:25:34[22m   [34m├─[39m [2m/exams/edtpa/index.html[22m [2m(+17ms)[22m 
[2m11:25:34[22m   [34m├─[39m [2m/exams/ets-major-field-test/index.html[22m [2m(+18ms)[22m 
[2m11:25:34[22m   [34m├─[39m [2m/exams/foundations-of-reading-assessment/index.html[22m [2m(+31ms)[22m 
[2m11:25:34[22m   [34m├─[39m [2m/exams/nbpts-art/index.html[22m [2m(+15ms)[22m 
[2m11:25:34[22m   [34m├─[39m [2m/exams/nbpts-career-and-technical-education/index.html[22m [2m(+37ms)[22m 
[2m11:25:34[22m   [34m├─[39m [2m/exams/nbpts-generalist-early-childhood/index.html[22m [2m(+10ms)[22m 
[2m11:25:34[22m   [34m├─[39m [2m/exams/nbpts-english-language-arts/index.html[22m [2m(+9ms)[22m 
[2m11:25:34[22m   [34m├─[39m [2m/exams/nbpts-exceptional-needs-specialist/index.html[22m [2m(+13ms)[22m 
[2m11:25:34[22m   [34m├─[39m [2m/exams/nbpts-health-education/index.html[22m [2m(+18ms)[22m 
[2m11:25:34[22m   [34m├─[39m [2m/exams/nbpts-library-media/index.html[22m [2m(+30ms)[22m 
[2m11:25:34[22m   [34m├─[39m [2m/exams/nbpts-literacy-reading-language-arts/index.html[22m [2m(+51ms)[22m 
[2m11:25:34[22m   [34m├─[39m [2m/exams/nbpts-mathematics/index.html[22m [2m(+17ms)[22m 
[2m11:25:34[22m   [34m├─[39m [2m/exams/nbpts-generalist-middle-childhood/index.html[22m [2m(+13ms)[22m 
[2m11:25:34[22m   [34m├─[39m [2m/exams/nbpts-music/index.html[22m [2m(+11ms)[22m 
[2m11:25:34[22m   [34m├─[39m [2m/exams/nbpts-physical-education/index.html[22m [2m(+13ms)[22m 
[2m11:25:34[22m   [34m├─[39m [2m/exams/nbpts-school-counseling/index.html[22m [2m(+15ms)[22m 
[2m11:25:34[22m   [34m├─[39m [2m/exams/nbpts-science/index.html[22m [2m(+13ms)[22m 
[2m11:25:34[22m   [34m├─[39m [2m/exams/nbpts-social-studies-history/index.html[22m [2m(+19ms)[22m 
[2m11:25:34[22m   [34m├─[39m [2m/exams/nbpts-world-languages/index.html[22m [2m(+40ms)[22m 
[2m11:25:34[22m   [34m├─[39m [2m/exams/nbpts-component-1-content-knowledge/index.html[22m [2m(+31ms)[22m 
[2m11:25:34[22m   [34m├─[39m [2m/exams/nbpts-component-2-differentiation-in-instruction/index.html[22m [2m(+18ms)[22m 
[2m11:25:34[22m   [34m├─[39m [2m/exams/nbpts-component-3-teaching-practice-and-learning-environment/index.html[22m [2m(+17ms)[22m 
[2m11:25:34[22m   [34m├─[39m [2m/exams/nbpts-component-4-effective-and-reflective-practitioner/index.html[22m [2m(+9ms)[22m 
[2m11:25:34[22m   [34m├─[39m [2m/exams/nes-assessment-of-professional-knowledge/index.html[22m [2m(+22ms)[22m 
[2m11:25:34[22m   [34m├─[39m [2m/exams/nes-essential-academic-skills/index.html[22m [2m(+21ms)[22m 
[2m11:25:34[22m   [34m├─[39m [2m/exams/nes-subject-assessments/index.html[22m [2m(+36ms)[22m 
[2m11:25:35[22m   [34m├─[39m [2m/exams/praxis-proethica/index.html[22m [2m(+30ms)[22m 
[2m11:25:35[22m   [34m├─[39m [2m/exams/praxis-agriculture-5701/index.html[22m [2m(+17ms)[22m 
[2m11:25:35[22m   [34m├─[39m [2m/exams/praxis-business-education-content-knowledge-5101/index.html[22m [2m(+15ms)[22m 
[2m11:25:35[22m   [34m├─[39m [2m/exams/praxis-family-and-consumer-sciences-5123/index.html[22m [2m(+10ms)[22m 
[2m11:25:35[22m   [34m├─[39m [2m/exams/praxis-health-and-physical-education-content-knowledge-5857/index.html[22m [2m(+15ms)[22m 
[2m11:25:35[22m   [34m├─[39m [2m/exams/praxis-health-education-5551/index.html[22m [2m(+24ms)[22m 
[2m11:25:35[22m   [34m├─[39m [2m/exams/praxis-health-occupations-5052/index.html[22m [2m(+30ms)[22m 
[2m11:25:35[22m   [34m├─[39m [2m/exams/praxis-marketing-education-5561/index.html[22m [2m(+40ms)[22m 
[2m11:25:35[22m   [34m├─[39m [2m/exams/praxis-physical-education-content-and-design-5095/index.html[22m [2m(+16ms)[22m 
[2m11:25:35[22m   [34m├─[39m [2m/exams/praxis-physical-education-content-knowledge-5091/index.html[22m [2m(+14ms)[22m 
[2m11:25:35[22m   [34m├─[39m [2m/exams/praxis-technology-and-engineering-education-5053/index.html[22m [2m(+18ms)[22m 
[2m11:25:35[22m   [34m├─[39m [2m/exams/praxis-communication-and-literacy-combined-5753/index.html[22m [2m(+14ms)[22m 
[2m11:25:35[22m   [34m├─[39m [2m/exams/praxis-communication-and-literacy-reading-5714/index.html[22m [2m(+18ms)[22m 
[2m11:25:35[22m   [34m├─[39m [2m/exams/praxis-communication-and-literacy-writing-5724/index.html[22m [2m(+20ms)[22m 
[2m11:25:35[22m   [34m├─[39m [2m/exams/praxis-core-combined-5752/index.html[22m [2m(+64ms)[22m 
[2m11:25:35[22m   [34m├─[39m [2m/exams/praxis-core-mathematics-5733/index.html[22m [2m(+16ms)[22m 
[2m11:25:35[22m   [34m├─[39m [2m/exams/praxis-core-reading-5713/index.html[22m [2m(+16ms)[22m 
[2m11:25:35[22m   [34m├─[39m [2m/exams/praxis-core-writing-5723/index.html[22m [2m(+10ms)[22m 
[2m11:25:35[22m   [34m├─[39m [2m/exams/praxis-fundamental-subjects-content-knowledge-5511/index.html[22m [2m(+14ms)[22m 
[2m11:25:35[22m   [34m├─[39m [2m/exams/praxis-early-childhood-assessment-5026/index.html[22m [2m(+16ms)[22m 
[2m11:25:35[22m   [34m├─[39m [2m/exams/praxis-early-childhood-education-5025/index.html[22m [2m(+14ms)[22m 
[2m11:25:35[22m   [34m├─[39m [2m/exams/praxis-early-childhood-education-foundational-knowledge-5533/index.html[22m [2m(+19ms)[22m 
[2m11:25:35[22m   [34m├─[39m [2m/exams/praxis-early-childhood-education-foundational-knowledge-and-content-5534/index.html[22m [2m(+28ms)[22m 
[2m11:25:35[22m   [34m├─[39m [2m/exams/praxis-early-childhood-mathematics-and-science-5028/index.html[22m [2m(+39ms)[22m 
[2m11:25:35[22m   [34m├─[39m [2m/exams/praxis-early-childhood-reading-language-arts-and-social-studies-5027/index.html[22m [2m(+15ms)[22m 
[2m11:25:35[22m   [34m├─[39m [2m/exams/praxis-education-of-young-children-5024/index.html[22m [2m(+19ms)[22m 
[2m11:25:35[22m   [34m├─[39m [2m/exams/praxis-elementary-education-assessment-5006/index.html[22m [2m(+15ms)[22m 
[2m11:25:35[22m   [34m├─[39m [2m/exams/praxis-elementary-education-fundamentals-mathematics-8003/index.html[22m [2m(+16ms)[22m 
[2m11:25:35[22m   [34m├─[39m [2m/exams/praxis-elementary-education-fundamentals-reading-and-language-arts-8002/index.html[22m [2m(+35ms)[22m 
[2m11:25:35[22m   [34m├─[39m [2m/exams/praxis-elementary-education-fundamentals-science-8005/index.html[22m [2m(+34ms)[22m 
[2m11:25:35[22m   [34m├─[39m [2m/exams/praxis-elementary-education-fundamentals-social-studies-8004/index.html[22m [2m(+28ms)[22m 
[2m11:25:35[22m   [34m├─[39m [2m/exams/praxis-elementary-education-fundamentals-teaching-reading-8006/index.html[22m [2m(+13ms)[22m 
[2m11:25:35[22m   [34m├─[39m [2m/exams/praxis-elementary-education-content-knowledge-5018/index.html[22m [2m(+16ms)[22m 
[2m11:25:35[22m   [34m├─[39m [2m/exams/praxis-elementary-education-ckt-7811/index.html[22m [2m(+8ms)[22m 
[2m11:25:35[22m   [34m├─[39m [2m/exams/praxis-elementary-education-curriculum-instruction-and-assessment-5017/index.html[22m [2m(+15ms)[22m 
[2m11:25:35[22m   [34m├─[39m [2m/exams/praxis-elementary-education-math-specialist-5037/index.html[22m [2m(+17ms)[22m 
[2m11:25:35[22m   [34m├─[39m [2m/exams/praxis-elementary-education-mathematics-7003/index.html[22m [2m(+32ms)[22m 
[2m11:25:35[22m   [34m├─[39m [2m/exams/praxis-elementary-education-mathematics-ckt-7813/index.html[22m [2m(+48ms)[22m 
[2m11:25:35[22m   [34m├─[39m [2m/exams/praxis-elementary-education-mathematics-subtest-5003/index.html[22m [2m(+16ms)[22m 
[2m11:25:35[22m   [34m├─[39m [2m/exams/praxis-elementary-education-multiple-subjects-5001/index.html[22m [2m(+17ms)[22m 
[2m11:25:35[22m   [34m├─[39m [2m/exams/praxis-elementary-education-multiple-subjects-7001/index.html[22m [2m(+15ms)[22m 
[2m11:25:35[22m   [34m├─[39m [2m/exams/praxis-elementary-education-reading-and-language-arts-ckt-7812/index.html[22m [2m(+23ms)[22m 
[2m11:25:35[22m   [34m├─[39m [2m/exams/praxis-elementary-education-reading-and-language-arts-subtest-5002/index.html[22m [2m(+16ms)[22m 
[2m11:25:35[22m   [34m├─[39m [2m/exams/praxis-elementary-education-science-7005/index.html[22m [2m(+25ms)[22m 
[2m11:25:35[22m   [34m├─[39m [2m/exams/praxis-elementary-education-science-ckt-7814/index.html[22m [2m(+25ms)[22m 
[2m11:25:35[22m   [34m├─[39m [2m/exams/praxis-elementary-education-science-subtest-5005/index.html[22m [2m(+32ms)[22m 
[2m11:25:36[22m   [34m├─[39m [2m/exams/praxis-elementary-education-social-studies-7004/index.html[22m [2m(+30ms)[22m 
[2m11:25:36[22m   [34m├─[39m [2m/exams/praxis-elementary-education-social-studies-ckt-7815/index.html[22m [2m(+16ms)[22m 
[2m11:25:36[22m   [34m├─[39m [2m/exams/praxis-elementary-education-social-studies-subtest-5004/index.html[22m [2m(+18ms)[22m 
[2m11:25:36[22m   [34m├─[39m [2m/exams/praxis-elementary-education-teaching-reading-7002/index.html[22m [2m(+15ms)[22m 
[2m11:25:36[22m   [34m├─[39m [2m/exams/praxis-elementary-education-three-subject-bundle-5901/index.html[22m [2m(+21ms)[22m 
[2m11:25:36[22m   [34m├─[39m [2m/exams/praxis-interdisciplinary-early-childhood-education-5023/index.html[22m [2m(+84ms)[22m 
[2m11:25:36[22m   [34m├─[39m [2m/exams/praxis-pre-kindergarten-education-5531/index.html[22m [2m(+15ms)[22m 
[2m11:25:36[22m   [34m├─[39m [2m/exams/praxis-stem-for-the-elementary-grades-5036/index.html[22m [2m(+18ms)[22m 
[2m11:25:36[22m   [34m├─[39m [2m/exams/praxis-teaching-reading-elementary-5205/index.html[22m [2m(+15ms)[22m 
[2m11:25:36[22m   [34m├─[39m [2m/exams/praxis-teaching-reading-k-12-5206/index.html[22m [2m(+12ms)[22m 
[2m11:25:36[22m   [34m├─[39m [2m/exams/praxis-art-content-and-analysis-5135/index.html[22m [2m(+17ms)[22m 
[2m11:25:36[22m   [34m├─[39m [2m/exams/praxis-art-content-knowledge-5134/index.html[22m [2m(+16ms)[22m 
[2m11:25:36[22m   [34m├─[39m [2m/exams/praxis-citizenship-education-content-knowledge-5087/index.html[22m [2m(+38ms)[22m 
[2m11:25:36[22m   [34m├─[39m [2m/exams/praxis-economics-5911/index.html[22m [2m(+49ms)[22m 
[2m11:25:36[22m   [34m├─[39m [2m/exams/praxis-english-language-arts-content-and-analysis-5039/index.html[22m [2m(+18ms)[22m 
[2m11:25:36[22m   [34m├─[39m [2m/exams/praxis-english-language-arts-content-knowledge-5038/index.html[22m [2m(+15ms)[22m 
[2m11:25:36[22m   [34m├─[39m [2m/exams/praxis-geography-5921/index.html[22m [2m(+12ms)[22m 
[2m11:25:36[22m   [34m├─[39m [2m/exams/praxis-government-political-science-5931/index.html[22m [2m(+15ms)[22m 
[2m11:25:36[22m   [34m├─[39m [2m/exams/praxis-journalism-5224/index.html[22m [2m(+21ms)[22m 
[2m11:25:36[22m   [34m├─[39m [2m/exams/praxis-music-content-and-instruction-5114/index.html[22m [2m(+47ms)[22m 
[2m11:25:36[22m   [34m├─[39m [2m/exams/praxis-music-content-knowledge-5113/index.html[22m [2m(+36ms)[22m 
[2m11:25:36[22m   [34m├─[39m [2m/exams/praxis-music-instrumental-and-general-knowledge-5115/index.html[22m [2m(+15ms)[22m 
[2m11:25:36[22m   [34m├─[39m [2m/exams/praxis-music-vocal-and-general-knowledge-5116/index.html[22m [2m(+16ms)[22m 
[2m11:25:36[22m   [34m├─[39m [2m/exams/praxis-psychology-5391/index.html[22m [2m(+17ms)[22m 
[2m11:25:36[22m   [34m├─[39m [2m/exams/praxis-social-studies-5581/index.html[22m [2m(+17ms)[22m 
[2m11:25:36[22m   [34m├─[39m [2m/exams/praxis-social-studies-content-and-interpretation-5086/index.html[22m [2m(+32ms)[22m 
[2m11:25:36[22m   [34m├─[39m [2m/exams/praxis-sociology-5952/index.html[22m [2m(+50ms)[22m 
[2m11:25:36[22m   [34m├─[39m [2m/exams/praxis-speech-and-theatre-5222/index.html[22m [2m(+17ms)[22m 
[2m11:25:36[22m   [34m├─[39m [2m/exams/praxis-speech-communication-content-knowledge-5221/index.html[22m [2m(+17ms)[22m 
[2m11:25:36[22m   [34m├─[39m [2m/exams/praxis-theatre-5641/index.html[22m [2m(+10ms)[22m 
[2m11:25:36[22m   [34m├─[39m [2m/exams/praxis-world-and-us-history-content-knowledge-5941/index.html[22m [2m(+17ms)[22m 
[2m11:25:36[22m   [34m├─[39m [2m/exams/praxis-algebra-i-5162/index.html[22m [2m(+22ms)[22m 
[2m11:25:36[22m   [34m├─[39m [2m/exams/praxis-biology-5236/index.html[22m [2m(+20ms)[22m 
[2m11:25:36[22m   [34m├─[39m [2m/exams/praxis-chemistry-5246/index.html[22m [2m(+21ms)[22m 
[2m11:25:36[22m   [34m├─[39m [2m/exams/praxis-computer-science-5652/index.html[22m [2m(+40ms)[22m 
[2m11:25:36[22m   [34m├─[39m [2m/exams/praxis-earth-and-space-sciences-5572/index.html[22m [2m(+16ms)[22m 
[2m11:25:36[22m   [34m├─[39m [2m/exams/praxis-general-science-5436/index.html[22m [2m(+14ms)[22m 
[2m11:25:36[22m   [34m├─[39m [2m/exams/praxis-geometry-5163/index.html[22m [2m(+11ms)[22m 
[2m11:25:36[22m   [34m├─[39m [2m/exams/praxis-mathematics-5165/index.html[22m [2m(+25ms)[22m 
[2m11:25:36[22m   [34m├─[39m [2m/exams/praxis-physical-science-5485/index.html[22m [2m(+17ms)[22m 
[2m11:25:36[22m   [34m├─[39m [2m/exams/praxis-physics-5266/index.html[22m [2m(+22ms)[22m 
[2m11:25:36[22m   [34m├─[39m [2m/exams/praxis-middle-school-english-language-arts-5047/index.html[22m [2m(+17ms)[22m 
[2m11:25:36[22m   [34m├─[39m [2m/exams/praxis-middle-school-mathematics-5164/index.html[22m [2m(+53ms)[22m 
[2m11:25:37[22m   [34m├─[39m [2m/exams/praxis-middle-school-science-5442/index.html[22m [2m(+27ms)[22m 
[2m11:25:37[22m   [34m├─[39m [2m/exams/praxis-middle-school-social-studies-5089/index.html[22m [2m(+13ms)[22m 
[2m11:25:37[22m   [34m├─[39m [2m/exams/praxis-plt-early-childhood-5621/index.html[22m [2m(+16ms)[22m 
[2m11:25:37[22m   [34m├─[39m [2m/exams/praxis-plt-grades-5-9-5623/index.html[22m [2m(+34ms)[22m 
[2m11:25:37[22m   [34m├─[39m [2m/exams/praxis-plt-grades-7-12-5624/index.html[22m [2m(+38ms)[22m 
[2m11:25:37[22m   [34m├─[39m [2m/exams/praxis-plt-grades-k-6-5622/index.html[22m [2m(+45ms)[22m 
[2m11:25:37[22m   [34m├─[39m [2m/exams/praxis-plt-prek-12-5625/index.html[22m [2m(+16ms)[22m 
[2m11:25:37[22m   [34m├─[39m [2m/exams/ets-performance-assessment-for-school-leaders/index.html[22m [2m(+13ms)[22m 
[2m11:25:37[22m   [34m├─[39m [2m/exams/praxis-audiology-5343/index.html[22m [2m(+14ms)[22m 
[2m11:25:37[22m   [34m├─[39m [2m/exams/praxis-educational-leadership-administration-and-supervision-5412/index.html[22m [2m(+22ms)[22m 
[2m11:25:37[22m   [34m├─[39m [2m/exams/praxis-school-counselor-5422/index.html[22m [2m(+19ms)[22m 
[2m11:25:37[22m   [34m├─[39m [2m/exams/praxis-reading-specialist-5302/index.html[22m [2m(+22ms)[22m 
[2m11:25:37[22m   [34m├─[39m [2m/exams/praxis-school-librarian-5312/index.html[22m [2m(+37ms)[22m 
[2m11:25:37[22m   [34m├─[39m [2m/exams/praxis-school-psychologist-5403/index.html[22m [2m(+23ms)[22m 
[2m11:25:37[22m   [34m├─[39m [2m/exams/praxis-speech-language-pathology-5331/index.html[22m [2m(+17ms)[22m 
[2m11:25:37[22m   [34m├─[39m [2m/exams/praxis-school-leaders-licensure-assessment-6990/index.html[22m [2m(+18ms)[22m 
[2m11:25:37[22m   [34m├─[39m [2m/exams/praxis-school-superintendent-assessment-6991/index.html[22m [2m(+14ms)[22m 
[2m11:25:37[22m   [34m├─[39m [2m/exams/praxis-braille-proficiency-0633/index.html[22m [2m(+13ms)[22m 
[2m11:25:37[22m   [34m├─[39m [2m/exams/praxis-gifted-education-5358/index.html[22m [2m(+20ms)[22m 
[2m11:25:37[22m   [34m├─[39m [2m/exams/praxis-special-education-early-childhood-early-intervention-5692/index.html[22m [2m(+36ms)[22m 
[2m11:25:37[22m   [34m├─[39m [2m/exams/praxis-special-education-deaf-and-hard-of-hearing-5272/index.html[22m [2m(+46ms)[22m 
[2m11:25:37[22m   [34m├─[39m [2m/exams/praxis-special-education-foundational-knowledge-5355/index.html[22m [2m(+17ms)[22m 
[2m11:25:37[22m   [34m├─[39m [2m/exams/praxis-special-education-severe-to-profound-5547/index.html[22m [2m(+10ms)[22m 
[2m11:25:37[22m   [34m├─[39m [2m/exams/praxis-special-education-teaching-speech-to-students-with-language-impairments-5881/index.html[22m [2m(+12ms)[22m 
[2m11:25:37[22m   [34m├─[39m [2m/exams/praxis-special-education-teaching-students-with-behavioral-disorders-5372/index.html[22m [2m(+13ms)[22m 
[2m11:25:37[22m   [34m├─[39m [2m/exams/praxis-special-education-intellectual-disabilities-5322/index.html[22m [2m(+11ms)[22m 
[2m11:25:37[22m   [34m├─[39m [2m/exams/praxis-special-education-learning-disabilities-5383/index.html[22m [2m(+15ms)[22m 
[2m11:25:37[22m   [34m├─[39m [2m/exams/praxis-special-education-visual-impairments-5282/index.html[22m [2m(+65ms)[22m 
[2m11:25:37[22m   [34m├─[39m [2m/exams/praxis-chinese-mandarin-world-language-5665/index.html[22m [2m(+24ms)[22m 
[2m11:25:37[22m   [34m├─[39m [2m/exams/praxis-english-to-speakers-of-other-languages-5362/index.html[22m [2m(+17ms)[22m 
[2m11:25:37[22m   [34m├─[39m [2m/exams/praxis-french-world-language-5174/index.html[22m [2m(+10ms)[22m 
[2m11:25:37[22m   [34m├─[39m [2m/exams/praxis-german-world-language-5183/index.html[22m [2m(+14ms)[22m 
[2m11:25:37[22m   [34m├─[39m [2m/exams/praxis-japanese-world-language-5661/index.html[22m [2m(+15ms)[22m 
[2m11:25:37[22m   [34m├─[39m [2m/exams/praxis-latin-5601/index.html[22m [2m(+15ms)[22m 
[2m11:25:37[22m   [34m├─[39m [2m/exams/praxis-russian-world-language-5671/index.html[22m [2m(+36ms)[22m 
[2m11:25:37[22m   [34m├─[39m [2m/exams/praxis-spanish-world-language-5195/index.html[22m [2m(+45ms)[22m 
[2m11:25:37[22m   [34m├─[39m [2m/exams/praxis-world-languages-pedagogy-5841/index.html[22m [2m(+13ms)[22m 
[2m11:25:37[22m   [34m├─[39m [2m/exams/actfl-listening-proficiency-test/index.html[22m [2m(+11ms)[22m 
[2m11:25:37[22m   [34m├─[39m [2m/exams/actfl-oral-proficiency-interview/index.html[22m [2m(+13ms)[22m 
[2m11:25:37[22m   [34m├─[39m [2m/exams/actfl-oral-proficiency-interview-computer/index.html[22m [2m(+14ms)[22m 
[2m11:25:37[22m   [34m├─[39m [2m/exams/actfl-reading-proficiency-test/index.html[22m [2m(+23ms)[22m 
[2m11:25:37[22m   [34m├─[39m [2m/exams/actfl-writing-proficiency-test/index.html[22m [2m(+30ms)[22m 
[2m11:25:37[22m   [34m├─[39m [2m/exams/apple-teacher/index.html[22m [2m(+33ms)[22m 
[2m11:25:38[22m   [34m├─[39m [2m/exams/celta-certificate-in-teaching-english/index.html[22m [2m(+14ms)[22m 
[2m11:25:38[22m   [34m├─[39m [2m/exams/delta-diploma-in-teaching-english/index.html[22m [2m(+15ms)[22m 
[2m11:25:38[22m   [34m├─[39m [2m/exams/google-certified-educator-level-1/index.html[22m [2m(+18ms)[22m 
[2m11:25:38[22m   [34m├─[39m [2m/exams/google-certified-educator-level-2/index.html[22m [2m(+17ms)[22m 
[2m11:25:38[22m   [34m├─[39m [2m/exams/google-certified-trainer/index.html[22m [2m(+33ms)[22m 
[2m11:25:38[22m   [34m├─[39m [2m/exams/microsoft-certified-educator/index.html[22m [2m(+30ms)[22m 
[2m11:25:38[22m   [34m├─[39m [2m/exams/microsoft-innovative-educator/index.html[22m [2m(+20ms)[22m 
[2m11:25:38[22m   [34m├─[39m [2m/exams/tefl-certification/index.html[22m [2m(+18ms)[22m 
[2m11:25:38[22m   [34m├─[39m [2m/exams/tesol-core-certificate-program/index.html[22m [2m(+15ms)[22m 
[2m11:25:38[22m   [34m├─[39m [2m/exams/fe-civil/index.html[22m [2m(+14ms)[22m 
[2m11:25:38[22m   [34m├─[39m [2m/exams/fe-mechanical/index.html[22m [2m(+20ms)[22m 
[2m11:25:38[22m   [34m├─[39m [2m/exams/fe-electrical-computer/index.html[22m [2m(+22ms)[22m 
[2m11:25:38[22m   [34m├─[39m [2m/exams/fe-chemical/index.html[22m [2m(+34ms)[22m 
[2m11:25:38[22m   [34m├─[39m [2m/exams/fe-environmental/index.html[22m [2m(+26ms)[22m 
[2m11:25:38[22m   [34m├─[39m [2m/exams/fe-industrial-systems/index.html[22m [2m(+13ms)[22m 
[2m11:25:38[22m   [34m├─[39m [2m/exams/fe-other-disciplines/index.html[22m [2m(+10ms)[22m 
[2m11:25:38[22m   [34m├─[39m [2m/exams/pe-civil/index.html[22m [2m(+15ms)[22m 
[2m11:25:38[22m   [34m├─[39m [2m/exams/pe-mechanical/index.html[22m [2m(+13ms)[22m 
[2m11:25:38[22m   [34m├─[39m [2m/exams/pe-electrical-computer/index.html[22m [2m(+19ms)[22m 
[2m11:25:38[22m   [34m├─[39m [2m/exams/pe-chemical/index.html[22m [2m(+30ms)[22m 
[2m11:25:38[22m   [34m├─[39m [2m/exams/pe-environmental/index.html[22m [2m(+35ms)[22m 
[2m11:25:38[22m   [34m├─[39m [2m/exams/pe-agricultural-biological/index.html[22m [2m(+16ms)[22m 
[2m11:25:38[22m   [34m├─[39m [2m/exams/pe-architectural/index.html[22m [2m(+12ms)[22m 
[2m11:25:38[22m   [34m├─[39m [2m/exams/pe-control-systems/index.html[22m [2m(+16ms)[22m 
[2m11:25:38[22m   [34m├─[39m [2m/exams/pe-fire-protection/index.html[22m [2m(+17ms)[22m 
[2m11:25:38[22m   [34m├─[39m [2m/exams/pe-industrial-systems/index.html[22m [2m(+24ms)[22m 
[2m11:25:38[22m   [34m├─[39m [2m/exams/pe-metallurgical-materials/index.html[22m [2m(+12ms)[22m 
[2m11:25:38[22m   [34m├─[39m [2m/exams/pe-mining-mineral/index.html[22m [2m(+21ms)[22m 
[2m11:25:38[22m   [34m├─[39m [2m/exams/pe-naval-architecture/index.html[22m [2m(+24ms)[22m 
[2m11:25:38[22m   [34m├─[39m [2m/exams/pe-nuclear/index.html[22m [2m(+16ms)[22m 
[2m11:25:38[22m   [34m├─[39m [2m/exams/pe-petroleum/index.html[22m [2m(+15ms)[22m 
[2m11:25:38[22m   [34m├─[39m [2m/exams/se-structural-engineering/index.html[22m [2m(+11ms)[22m 
[2m11:25:38[22m   [34m├─[39m [2m/exams/icc-concrete-special-inspector/index.html[22m [2m(+10ms)[22m 
[2m11:25:38[22m   [34m├─[39m [2m/exams/icc-masonry-special-inspector/index.html[22m [2m(+16ms)[22m 
[2m11:25:38[22m   [34m├─[39m [2m/exams/icc-steel-special-inspector/index.html[22m [2m(+47ms)[22m 
[2m11:25:38[22m   [34m├─[39m [2m/exams/icc-wood-special-inspector/index.html[22m [2m(+19ms)[22m 
[2m11:25:38[22m   [34m├─[39m [2m/exams/icc-reinforced-concrete-special-inspector/index.html[22m [2m(+18ms)[22m 
[2m11:25:38[22m   [34m├─[39m [2m/exams/icc-structural-welding-special-inspector/index.html[22m [2m(+14ms)[22m 
[2m11:25:38[22m   [34m├─[39m [2m/exams/nsps-cst-level-1/index.html[22m [2m(+26ms)[22m 
[2m11:25:38[22m   [34m├─[39m [2m/exams/nsps-cst-level-2/index.html[22m [2m(+10ms)[22m 
[2m11:25:38[22m   [34m├─[39m [2m/exams/nsps-cst-level-3/index.html[22m [2m(+14ms)[22m 
[2m11:25:38[22m   [34m├─[39m [2m/exams/nsps-cst-level-4/index.html[22m [2m(+20ms)[22m 
[2m11:25:38[22m   [34m├─[39m [2m/exams/nsps-cfeds/index.html[22m [2m(+55ms)[22m 
[2m11:25:38[22m   [34m├─[39m [2m/exams/are-practice-management/index.html[22m [2m(+21ms)[22m 
[2m11:25:38[22m   [34m├─[39m [2m/exams/are-project-management/index.html[22m [2m(+17ms)[22m 
[2m11:25:38[22m   [34m├─[39m [2m/exams/are-programming-analysis/index.html[22m [2m(+16ms)[22m 
[2m11:25:38[22m   [34m├─[39m [2m/exams/are-project-planning-design/index.html[22m [2m(+14ms)[22m 
[2m11:25:38[22m   [34m├─[39m [2m/exams/are-project-development-documentation/index.html[22m [2m(+10ms)[22m 
[2m11:25:38[22m   [34m├─[39m [2m/exams/are-construction-evaluation/index.html[22m [2m(+17ms)[22m 
[2m11:25:38[22m   [34m├─[39m [2m/exams/ncarb-certificate/index.html[22m [2m(+17ms)[22m 
[2m11:25:38[22m   [34m├─[39m [2m/exams/ncidx-idfx/index.html[22m [2m(+73ms)[22m 
[2m11:25:39[22m   [34m├─[39m [2m/exams/ncidx-idpx/index.html[22m [2m(+7ms)[22m 
[2m11:25:39[22m   [34m├─[39m [2m/exams/ncidx-prac/index.html[22m [2m(+14ms)[22m 
[2m11:25:39[22m   [34m├─[39m [2m/exams/csi-cdt/index.html[22m [2m(+10ms)[22m 
[2m11:25:39[22m   [34m├─[39m [2m/exams/csi-ccs/index.html[22m [2m(+18ms)[22m 
[2m11:25:39[22m   [34m├─[39m [2m/exams/csi-ccca/index.html[22m [2m(+26ms)[22m 
[2m11:25:39[22m   [34m├─[39m [2m/exams/csi-ccpr/index.html[22m [2m(+16ms)[22m 
[2m11:25:39[22m   [34m├─[39m [2m/exams/leed-green-associate/index.html[22m [2m(+31ms)[22m 
[2m11:25:39[22m   [34m├─[39m [2m/exams/leed-ap-bdc/index.html[22m [2m(+26ms)[22m 
[2m11:25:39[22m   [34m├─[39m [2m/exams/leed-ap-om/index.html[22m [2m(+19ms)[22m 
[2m11:25:39[22m   [34m├─[39m [2m/exams/leed-ap-idc/index.html[22m [2m(+17ms)[22m 
[2m11:25:39[22m   [34m├─[39m [2m/exams/leed-ap-homes/index.html[22m [2m(+19ms)[22m 
[2m11:25:39[22m   [34m├─[39m [2m/exams/leed-ap-nd/index.html[22m [2m(+22ms)[22m 
[2m11:25:39[22m   [34m├─[39m [2m/exams/well-ap/index.html[22m [2m(+24ms)[22m 
[2m11:25:39[22m   [34m├─[39m [2m/exams/well-faculty/index.html[22m [2m(+25ms)[22m 
[2m11:25:39[22m   [34m├─[39m [2m/exams/green-globes-professional/index.html[22m [2m(+17ms)[22m 
[2m11:25:39[22m   [34m├─[39m [2m/exams/true-advisor/index.html[22m [2m(+26ms)[22m 
[2m11:25:39[22m   [34m├─[39m [2m/exams/sites-ap/index.html[22m [2m(+15ms)[22m 
[2m11:25:39[22m   [34m├─[39m [2m/exams/phiuc-cphc/index.html[22m [2m(+16ms)[22m 
[2m11:25:39[22m   [34m├─[39m [2m/exams/phiuc-passive-house-builder/index.html[22m [2m(+10ms)[22m 
[2m11:25:39[22m   [34m├─[39m [2m/exams/phiuc-passive-house-designer/index.html[22m [2m(+27ms)[22m 
[2m11:25:39[22m   [34m├─[39m [2m/exams/living-future-accredited/index.html[22m [2m(+17ms)[22m 
[2m11:25:39[22m   [34m├─[39m [2m/exams/edge-expert/index.html[22m [2m(+51ms)[22m 
[2m11:25:39[22m   [34m├─[39m [2m/exams/ngbs-green-professional/index.html[22m [2m(+16ms)[22m 
[2m11:25:39[22m   [34m├─[39m [2m/exams/gpro-fundamentals/index.html[22m [2m(+14ms)[22m 
[2m11:25:39[22m   [34m├─[39m [2m/exams/gpro-mechanical/index.html[22m [2m(+17ms)[22m 
[2m11:25:39[22m   [34m├─[39m [2m/exams/gpro-electrical/index.html[22m [2m(+17ms)[22m 
[2m11:25:39[22m   [34m├─[39m [2m/exams/gpro-plumbing/index.html[22m [2m(+16ms)[22m 
[2m11:25:39[22m   [34m├─[39m [2m/exams/gpro-operations/index.html[22m [2m(+33ms)[22m 
[2m11:25:39[22m   [34m├─[39m [2m/exams/gpro-carpentry/index.html[22m [2m(+31ms)[22m 
[2m11:25:39[22m   [34m├─[39m [2m/exams/gpro-exterior/index.html[22m [2m(+15ms)[22m 
[2m11:25:39[22m   [34m├─[39m [2m/exams/aee-beap/index.html[22m [2m(+11ms)[22m 
[2m11:25:39[22m   [34m├─[39m [2m/exams/aee-bemp/index.html[22m [2m(+14ms)[22m 
[2m11:25:39[22m   [34m├─[39m [2m/exams/aee-cmvp/index.html[22m [2m(+18ms)[22m 
[2m11:25:39[22m   [34m├─[39m [2m/exams/aee-rep/index.html[22m [2m(+17ms)[22m 
[2m11:25:39[22m   [34m├─[39m [2m/exams/aee-cbcp/index.html[22m [2m(+28ms)[22m 
[2m11:25:39[22m   [34m├─[39m [2m/exams/aee-cep/index.html[22m [2m(+54ms)[22m 
[2m11:25:39[22m   [34m├─[39m [2m/exams/aee-eep/index.html[22m [2m(+20ms)[22m 
[2m11:25:39[22m   [34m├─[39m [2m/exams/sme-cmfgt/index.html[22m [2m(+23ms)[22m 
[2m11:25:39[22m   [34m├─[39m [2m/exams/sme-cmfge/index.html[22m [2m(+17ms)[22m 
[2m11:25:39[22m   [34m├─[39m [2m/exams/sme-cmtse/index.html[22m [2m(+15ms)[22m 
[2m11:25:39[22m   [34m├─[39m [2m/exams/sme-lean-bronze/index.html[22m [2m(+9ms)[22m 
[2m11:25:39[22m   [34m├─[39m [2m/exams/sme-lean-silver/index.html[22m [2m(+44ms)[22m 
[2m11:25:39[22m   [34m├─[39m [2m/exams/sme-lean-gold/index.html[22m [2m(+20ms)[22m 
[2m11:25:39[22m   [34m├─[39m [2m/exams/asq-cqe/index.html[22m [2m(+38ms)[22m 
[2m11:25:40[22m   [34m├─[39m [2m/exams/asq-cqa/index.html[22m [2m(+24ms)[22m 
[2m11:25:40[22m   [34m├─[39m [2m/exams/asq-cssbb/index.html[22m [2m(+20ms)[22m 
[2m11:25:40[22m   [34m├─[39m [2m/exams/asq-cssgb/index.html[22m [2m(+14ms)[22m 
[2m11:25:40[22m   [34m├─[39m [2m/exams/asq-cmqoe/index.html[22m [2m(+18ms)[22m 
[2m11:25:40[22m   [34m├─[39m [2m/exams/asq-cre/index.html[22m [2m(+36ms)[22m 
[2m11:25:40[22m   [34m├─[39m [2m/exams/asq-cqia/index.html[22m [2m(+28ms)[22m 
[2m11:25:40[22m   [34m├─[39m [2m/exams/asq-cqt/index.html[22m [2m(+34ms)[22m 
[2m11:25:40[22m   [34m├─[39m [2m/exams/apics-cpim/index.html[22m [2m(+14ms)[22m 
[2m11:25:40[22m   [34m├─[39m [2m/exams/apics-cscp/index.html[22m [2m(+11ms)[22m 
[2m11:25:40[22m   [34m├─[39m [2m/exams/apics-cltd/index.html[22m [2m(+16ms)[22m 
[2m11:25:40[22m   [34m├─[39m [2m/exams/apics-ctsc/index.html[22m [2m(+25ms)[22m 
[2m11:25:40[22m   [34m├─[39m [2m/exams/isa-cap/index.html[22m [2m(+33ms)[22m 
[2m11:25:40[22m   [34m├─[39m [2m/exams/isa-ccst-level-1/index.html[22m [2m(+32ms)[22m 
[2m11:25:40[22m   [34m├─[39m [2m/exams/isa-ccst-level-2/index.html[22m [2m(+17ms)[22m 
[2m11:25:40[22m   [34m├─[39m [2m/exams/isa-ccst-level-3/index.html[22m [2m(+14ms)[22m 
[2m11:25:40[22m   [34m├─[39m [2m/exams/ipc-cid/index.html[22m [2m(+11ms)[22m 
[2m11:25:40[22m   [34m├─[39m [2m/exams/ipc-cid-plus/index.html[22m [2m(+16ms)[22m 
[2m11:25:40[22m   [34m├─[39m [2m/exams/ipc-a-610-cis/index.html[22m [2m(+14ms)[22m 
[2m11:25:40[22m   [34m├─[39m [2m/exams/cswa/index.html[22m [2m(+33ms)[22m 
[2m11:25:40[22m   [34m├─[39m [2m/exams/cswp/index.html[22m [2m(+38ms)[22m 
[2m11:25:40[22m   [34m├─[39m [2m/exams/asme-gdtp-technologist/index.html[22m [2m(+23ms)[22m 
[2m11:25:40[22m   [34m├─[39m [2m/exams/asme-gdtp-senior/index.html[22m [2m(+11ms)[22m 
[2m11:25:40[22m   [34m├─[39m [2m/exams/smrp-cmrp/index.html[22m [2m(+11ms)[22m 
[2m11:25:40[22m   [34m├─[39m [2m/exams/smrp-cmrt/index.html[22m [2m(+15ms)[22m 
[2m11:25:40[22m   [34m├─[39m [2m/exams/acat-aba-credential/index.html[22m [2m(+14ms)[22m 
[2m11:25:40[22m   [34m├─[39m [2m/exams/acat-ata/index.html[22m [2m(+17ms)[22m 
[2m11:25:40[22m   [34m├─[39m [2m/exams/acat-atp/index.html[22m [2m(+18ms)[22m 
[2m11:25:40[22m   [34m├─[39m [2m/exams/aicpa-abv/index.html[22m [2m(+66ms)[22m 
[2m11:25:40[22m   [34m├─[39m [2m/exams/aicpa-cff/index.html[22m [2m(+14ms)[22m 
[2m11:25:40[22m   [34m├─[39m [2m/exams/aicpa-pfs/index.html[22m [2m(+18ms)[22m 
[2m11:25:40[22m   [34m├─[39m [2m/exams/aipb-certified-bookkeeper/index.html[22m [2m(+15ms)[22m 
[2m11:25:40[22m   [34m├─[39m [2m/exams/asa-accredited-member-valuation/index.html[22m [2m(+8ms)[22m 
[2m11:25:40[22m   [34m├─[39m [2m/exams/asa-business-valuation/index.html[22m [2m(+20ms)[22m 
[2m11:25:40[22m   [34m├─[39m [2m/exams/cgma-finance-leadership-exam/index.html[22m [2m(+29ms)[22m 
[2m11:25:40[22m   [34m├─[39m [2m/exams/cia-part-1/index.html[22m [2m(+62ms)[22m 
[2m11:25:40[22m   [34m├─[39m [2m/exams/cia-part-2/index.html[22m [2m(+22ms)[22m 
[2m11:25:40[22m   [34m├─[39m [2m/exams/cia-part-3/index.html[22m [2m(+12ms)[22m 
[2m11:25:40[22m   [34m├─[39m [2m/exams/ceiv-credential/index.html[22m [2m(+13ms)[22m 
[2m11:25:40[22m   [34m├─[39m [2m/exams/cfe-exam/index.html[22m [2m(+12ms)[22m 
[2m11:25:40[22m   [34m├─[39m [2m/exams/cgap-exam/index.html[22m [2m(+31ms)[22m 
[2m11:25:40[22m   [34m├─[39m [2m/exams/cgfm-exams/index.html[22m [2m(+28ms)[22m 
[2m11:25:40[22m   [34m├─[39m [2m/exams/cdfm-exams/index.html[22m [2m(+38ms)[22m 
[2m11:25:40[22m   [34m├─[39m [2m/exams/cma-part-1/index.html[22m [2m(+13ms)[22m 
[2m11:25:40[22m   [34m├─[39m [2m/exams/cma-part-2/index.html[22m [2m(+13ms)[22m 
[2m11:25:40[22m   [34m├─[39m [2m/exams/cpa-exam-aud/index.html[22m [2m(+9ms)[22m 
[2m11:25:40[22m   [34m├─[39m [2m/exams/cpa-exam-bar/index.html[22m [2m(+24ms)[22m 
[2m11:25:41[22m   [34m├─[39m [2m/exams/cpa-exam-far/index.html[22m [2m(+14ms)[22m 
[2m11:25:41[22m   [34m├─[39m [2m/exams/cpa-exam-isc/index.html[22m [2m(+22ms)[22m 
[2m11:25:41[22m   [34m├─[39m [2m/exams/cpa-exam-reg/index.html[22m [2m(+48ms)[22m 
[2m11:25:41[22m   [34m├─[39m [2m/exams/cpa-exam-tcp/index.html[22m [2m(+16ms)[22m 
[2m11:25:41[22m   [34m├─[39m [2m/exams/cpfo-exams/index.html[22m [2m(+9ms)[22m 
[2m11:25:41[22m   [34m├─[39m [2m/exams/cpp-payroll/index.html[22m [2m(+16ms)[22m 
[2m11:25:41[22m   [34m├─[39m [2m/exams/fpc-payroll/index.html[22m [2m(+15ms)[22m 
[2m11:25:41[22m   [34m├─[39m [2m/exams/intuit-academy-tax/index.html[22m [2m(+14ms)[22m 
[2m11:25:41[22m   [34m├─[39m [2m/exams/irs-afsp-record-of-completion/index.html[22m [2m(+22ms)[22m 
[2m11:25:41[22m   [34m├─[39m [2m/exams/irs-certifying-acceptance-agent/index.html[22m [2m(+52ms)[22m 
[2m11:25:41[22m   [34m├─[39m [2m/exams/nacpb-cpb/index.html[22m [2m(+12ms)[22m 
[2m11:25:41[22m   [34m├─[39m [2m/exams/nacva-cva/index.html[22m [2m(+10ms)[22m 
[2m11:25:41[22m   [34m├─[39m [2m/exams/nacva-maff/index.html[22m [2m(+13ms)[22m 
[2m11:25:41[22m   [34m├─[39m [2m/exams/quickbooks-certified-proadvisor/index.html[22m [2m(+13ms)[22m 
[2m11:25:41[22m   [34m├─[39m [2m/exams/see-part-1/index.html[22m [2m(+17ms)[22m 
[2m11:25:41[22m   [34m├─[39m [2m/exams/see-part-2/index.html[22m [2m(+23ms)[22m 
[2m11:25:41[22m   [34m├─[39m [2m/exams/see-part-3/index.html[22m [2m(+27ms)[22m 
[2m11:25:41[22m   [34m├─[39m [2m/exams/aba-cafp/index.html[22m [2m(+22ms)[22m 
[2m11:25:41[22m   [34m├─[39m [2m/exams/aba-ccts/index.html[22m [2m(+28ms)[22m 
[2m11:25:41[22m   [34m├─[39m [2m/exams/aba-cerp/index.html[22m [2m(+12ms)[22m 
[2m11:25:41[22m   [34m├─[39m [2m/exams/aba-cfmp/index.html[22m [2m(+13ms)[22m 
[2m11:25:41[22m   [34m├─[39m [2m/exams/aba-cisp/index.html[22m [2m(+14ms)[22m 
[2m11:25:41[22m   [34m├─[39m [2m/exams/aba-crcm/index.html[22m [2m(+15ms)[22m 
[2m11:25:41[22m   [34m├─[39m [2m/exams/aba-crsp/index.html[22m [2m(+17ms)[22m 
[2m11:25:41[22m   [34m├─[39m [2m/exams/aba-csop/index.html[22m [2m(+28ms)[22m 
[2m11:25:41[22m   [34m├─[39m [2m/exams/aba-ctfa/index.html[22m [2m(+37ms)[22m 
[2m11:25:41[22m   [34m├─[39m [2m/exams/acams-cams/index.html[22m [2m(+15ms)[22m 
[2m11:25:41[22m   [34m├─[39m [2m/exams/acams-cams-audit/index.html[22m [2m(+13ms)[22m 
[2m11:25:41[22m   [34m├─[39m [2m/exams/acams-cams-fci/index.html[22m [2m(+7ms)[22m 
[2m11:25:41[22m   [34m├─[39m [2m/exams/acams-cams-risk-management/index.html[22m [2m(+13ms)[22m 
[2m11:25:41[22m   [34m├─[39m [2m/exams/acams-ccas/index.html[22m [2m(+48ms)[22m 
[2m11:25:41[22m   [34m├─[39m [2m/exams/acams-cgss/index.html[22m [2m(+25ms)[22m 
[2m11:25:41[22m   [34m├─[39m [2m/exams/acams-ckyca/index.html[22m [2m(+21ms)[22m 
[2m11:25:41[22m   [34m├─[39m [2m/exams/acfcs-cfcs/index.html[22m [2m(+16ms)[22m 
[2m11:25:41[22m   [34m├─[39m [2m/exams/afp-ctp/index.html[22m [2m(+12ms)[22m 
[2m11:25:41[22m   [34m├─[39m [2m/exams/eccho-ncp/index.html[22m [2m(+10ms)[22m 
[2m11:25:41[22m   [34m├─[39m [2m/exams/icba-ccbco/index.html[22m [2m(+13ms)[22m 
[2m11:25:41[22m   [34m├─[39m [2m/exams/icba-ccbia/index.html[22m [2m(+49ms)[22m 
[2m11:25:41[22m   [34m├─[39m [2m/exams/mba-accredited-mortgage-professional/index.html[22m [2m(+27ms)[22m 
[2m11:25:41[22m   [34m├─[39m [2m/exams/mba-certified-mortgage-banker/index.html[22m [2m(+16ms)[22m 
[2m11:25:41[22m   [34m├─[39m [2m/exams/mba-certified-residential-underwriter/index.html[22m [2m(+20ms)[22m 
[2m11:25:41[22m   [34m├─[39m [2m/exams/nacha-aap/index.html[22m [2m(+11ms)[22m 
[2m11:25:41[22m   [34m├─[39m [2m/exams/nacha-afpp/index.html[22m [2m(+15ms)[22m 
[2m11:25:41[22m   [34m├─[39m [2m/exams/nacha-aprp/index.html[22m [2m(+20ms)[22m 
[2m11:25:41[22m   [34m├─[39m [2m/exams/nacm-credit-business-associate/index.html[22m [2m(+25ms)[22m 
[2m11:25:41[22m   [34m├─[39m [2m/exams/nacm-credit-business-fellow/index.html[22m [2m(+58ms)[22m 
[2m11:25:41[22m   [34m├─[39m [2m/exams/nacm-certified-credit-executive/index.html[22m [2m(+13ms)[22m 
[2m11:25:42[22m   [34m├─[39m [2m/exams/namb-certified-mortgage-consultant/index.html[22m [2m(+11ms)[22m 
[2m11:25:42[22m   [34m├─[39m [2m/exams/namb-certified-residential-mortgage-specialist/index.html[22m [2m(+7ms)[22m 
[2m11:25:42[22m   [34m├─[39m [2m/exams/nmls-safe-mlo-national-test/index.html[22m [2m(+16ms)[22m 
[2m11:25:42[22m   [34m├─[39m [2m/exams/rma-credit-risk-certification/index.html[22m [2m(+14ms)[22m 
[2m11:25:42[22m   [34m├─[39m [2m/exams/acca-applied-knowledge/index.html[22m [2m(+23ms)[22m 
[2m11:25:42[22m   [34m├─[39m [2m/exams/acca-applied-skills/index.html[22m [2m(+28ms)[22m 
[2m11:25:42[22m   [34m├─[39m [2m/exams/acca-strategic-professional/index.html[22m [2m(+31ms)[22m 
[2m11:25:42[22m   [34m├─[39m [2m/exams/afp-fpac/index.html[22m [2m(+22ms)[22m 
[2m11:25:42[22m   [34m├─[39m [2m/exams/certified-equity-professional-level-1/index.html[22m [2m(+13ms)[22m 
[2m11:25:42[22m   [34m├─[39m [2m/exams/certified-equity-professional-level-2/index.html[22m [2m(+13ms)[22m 
[2m11:25:42[22m   [34m├─[39m [2m/exams/certified-equity-professional-level-3/index.html[22m [2m(+9ms)[22m 
[2m11:25:42[22m   [34m├─[39m [2m/exams/certified-merger-and-acquisition-advisor/index.html[22m [2m(+30ms)[22m 
[2m11:25:42[22m   [34m├─[39m [2m/exams/cfi-cmsa/index.html[22m [2m(+27ms)[22m 
[2m11:25:42[22m   [34m├─[39m [2m/exams/cfi-fmva/index.html[22m [2m(+24ms)[22m 
[2m11:25:42[22m   [34m├─[39m [2m/exams/cima-certificate-business-accounting/index.html[22m [2m(+25ms)[22m 
[2m11:25:42[22m   [34m├─[39m [2m/exams/gfoa-cpfo-adjacent-debt-management/index.html[22m [2m(+18ms)[22m 
[2m11:25:42[22m   [34m├─[39m [2m/exams/ibf-certified-fund-specialist/index.html[22m [2m(+14ms)[22m 
[2m11:25:42[22m   [34m├─[39m [2m/exams/ma-source-mami/index.html[22m [2m(+10ms)[22m 
[2m11:25:42[22m   [34m├─[39m [2m/exams/niri-investor-relations-charter/index.html[22m [2m(+24ms)[22m 
[2m11:25:42[22m   [34m├─[39m [2m/exams/worldcc-contract-management-advanced-practitioner/index.html[22m [2m(+15ms)[22m 
[2m11:25:42[22m   [34m├─[39m [2m/exams/worldcc-contract-management-associate/index.html[22m [2m(+37ms)[22m 
[2m11:25:42[22m   [34m├─[39m [2m/exams/worldcc-contract-management-practitioner/index.html[22m [2m(+30ms)[22m 
[2m11:25:42[22m   [34m├─[39m [2m/exams/sie-exam/index.html[22m [2m(+8ms)[22m 
[2m11:25:42[22m   [34m├─[39m [2m/exams/series-10/index.html[22m [2m(+14ms)[22m 
[2m11:25:42[22m   [34m├─[39m [2m/exams/series-14/index.html[22m [2m(+11ms)[22m 
[2m11:25:42[22m   [34m├─[39m [2m/exams/series-16/index.html[22m [2m(+8ms)[22m 
[2m11:25:42[22m   [34m├─[39m [2m/exams/series-22/index.html[22m [2m(+19ms)[22m 
[2m11:25:42[22m   [34m├─[39m [2m/exams/series-23/index.html[22m [2m(+25ms)[22m 
[2m11:25:42[22m   [34m├─[39m [2m/exams/series-24/index.html[22m [2m(+24ms)[22m 
[2m11:25:42[22m   [34m├─[39m [2m/exams/series-26/index.html[22m [2m(+15ms)[22m 
[2m11:25:42[22m   [34m├─[39m [2m/exams/series-27/index.html[22m [2m(+44ms)[22m 
[2m11:25:42[22m   [34m├─[39m [2m/exams/series-28/index.html[22m [2m(+10ms)[22m 
[2m11:25:42[22m   [34m├─[39m [2m/exams/series-3/index.html[22m [2m(+10ms)[22m 
[2m11:25:42[22m   [34m├─[39m [2m/exams/series-30/index.html[22m [2m(+17ms)[22m 
[2m11:25:42[22m   [34m├─[39m [2m/exams/series-31/index.html[22m [2m(+29ms)[22m 
[2m11:25:42[22m   [34m├─[39m [2m/exams/series-32/index.html[22m [2m(+17ms)[22m 
[2m11:25:42[22m   [34m├─[39m [2m/exams/series-34/index.html[22m [2m(+31ms)[22m 
[2m11:25:42[22m   [34m├─[39m [2m/exams/series-39/index.html[22m [2m(+18ms)[22m 
[2m11:25:42[22m   [34m├─[39m [2m/exams/series-4/index.html[22m [2m(+23ms)[22m 
[2m11:25:42[22m   [34m├─[39m [2m/exams/series-50/index.html[22m [2m(+29ms)[22m 
[2m11:25:42[22m   [34m├─[39m [2m/exams/series-51/index.html[22m [2m(+26ms)[22m 
[2m11:25:42[22m   [34m├─[39m [2m/exams/series-52/index.html[22m [2m(+19ms)[22m 
[2m11:25:42[22m   [34m├─[39m [2m/exams/series-53/index.html[22m [2m(+11ms)[22m 
[2m11:25:42[22m   [34m├─[39m [2m/exams/series-54/index.html[22m [2m(+32ms)[22m 
[2m11:25:42[22m   [34m├─[39m [2m/exams/series-57/index.html[22m [2m(+28ms)[22m 
[2m11:25:42[22m   [34m├─[39m [2m/exams/series-6/index.html[22m [2m(+16ms)[22m 
[2m11:25:42[22m   [34m├─[39m [2m/exams/series-63/index.html[22m [2m(+18ms)[22m 
[2m11:25:42[22m   [34m├─[39m [2m/exams/series-65/index.html[22m [2m(+14ms)[22m 
[2m11:25:42[22m   [34m├─[39m [2m/exams/series-66/index.html[22m [2m(+20ms)[22m 
[2m11:25:42[22m   [34m├─[39m [2m/exams/series-7/index.html[22m [2m(+15ms)[22m 
[2m11:25:43[22m   [34m├─[39m [2m/exams/series-79/index.html[22m [2m(+29ms)[22m 
[2m11:25:43[22m   [34m├─[39m [2m/exams/series-82/index.html[22m [2m(+21ms)[22m 
[2m11:25:43[22m   [34m├─[39m [2m/exams/series-86/index.html[22m [2m(+29ms)[22m 
[2m11:25:43[22m   [34m├─[39m [2m/exams/series-87/index.html[22m [2m(+15ms)[22m 
[2m11:25:43[22m   [34m├─[39m [2m/exams/series-9/index.html[22m [2m(+15ms)[22m 
[2m11:25:43[22m   [34m├─[39m [2m/exams/series-99/index.html[22m [2m(+12ms)[22m 
[2m11:25:43[22m   [34m├─[39m [2m/exams/accredited-financial-counselor/index.html[22m [2m(+14ms)[22m 
[2m11:25:43[22m   [34m├─[39m [2m/exams/accredited-investment-fiduciary/index.html[22m [2m(+18ms)[22m 
[2m11:25:43[22m   [34m├─[39m [2m/exams/accredited-investment-fiduciary-analyst/index.html[22m [2m(+43ms)[22m 
[2m11:25:43[22m   [34m├─[39m [2m/exams/accredited-portfolio-management-advisor/index.html[22m [2m(+21ms)[22m 
[2m11:25:43[22m   [34m├─[39m [2m/exams/accredited-wealth-management-advisor/index.html[22m [2m(+13ms)[22m 
[2m11:25:43[22m   [34m├─[39m [2m/exams/certified-401k-professional/index.html[22m [2m(+18ms)[22m 
[2m11:25:43[22m   [34m├─[39m [2m/exams/certified-divorce-financial-analyst/index.html[22m [2m(+15ms)[22m 
[2m11:25:43[22m   [34m├─[39m [2m/exams/certified-investment-management-analyst/index.html[22m [2m(+15ms)[22m 
[2m11:25:43[22m   [34m├─[39m [2m/exams/certified-plan-fiduciary-advisor/index.html[22m [2m(+24ms)[22m 
[2m11:25:43[22m   [34m├─[39m [2m/exams/certified-private-wealth-advisor/index.html[22m [2m(+66ms)[22m 
[2m11:25:43[22m   [34m├─[39m [2m/exams/certified-retirement-counselor/index.html[22m [2m(+17ms)[22m 
[2m11:25:43[22m   [34m├─[39m [2m/exams/certified-specialist-in-planned-giving/index.html[22m [2m(+15ms)[22m 
[2m11:25:43[22m   [34m├─[39m [2m/exams/certified-wealth-strategist/index.html[22m [2m(+17ms)[22m 
[2m11:25:43[22m   [34m├─[39m [2m/exams/cfp-certification-exam/index.html[22m [2m(+17ms)[22m 
[2m11:25:43[22m   [34m├─[39m [2m/exams/chartered-advisor-in-philanthropy/index.html[22m [2m(+15ms)[22m 
[2m11:25:43[22m   [34m├─[39m [2m/exams/chartered-financial-consultant/index.html[22m [2m(+21ms)[22m 
[2m11:25:43[22m   [34m├─[39m [2m/exams/chartered-leadership-fellow/index.html[22m [2m(+31ms)[22m 
[2m11:25:43[22m   [34m├─[39m [2m/exams/chartered-life-underwriter/index.html[22m [2m(+21ms)[22m 
[2m11:25:43[22m   [34m├─[39m [2m/exams/chartered-retirement-plans-specialist/index.html[22m [2m(+37ms)[22m 
[2m11:25:43[22m   [34m├─[39m [2m/exams/chartered-retirement-planning-counselor/index.html[22m [2m(+13ms)[22m 
[2m11:25:43[22m   [34m├─[39m [2m/exams/chartered-sri-counselor/index.html[22m [2m(+11ms)[22m 
[2m11:25:43[22m   [34m├─[39m [2m/exams/chartered-special-needs-consultant/index.html[22m [2m(+15ms)[22m 
[2m11:25:43[22m   [34m├─[39m [2m/exams/financial-fitness-coach/index.html[22m [2m(+39ms)[22m 
[2m11:25:43[22m   [34m├─[39m [2m/exams/financial-paraplanner-qualified-professional/index.html[22m [2m(+38ms)[22m 
[2m11:25:43[22m   [34m├─[39m [2m/exams/qualified-401k-administrator/index.html[22m [2m(+36ms)[22m 
[2m11:25:43[22m   [34m├─[39m [2m/exams/qualified-pension-administrator/index.html[22m [2m(+13ms)[22m 
[2m11:25:43[22m   [34m├─[39m [2m/exams/aspa-certified-pension-consultant/index.html[22m [2m(+11ms)[22m 
[2m11:25:43[22m   [34m├─[39m [2m/exams/tax-exempt-governmental-plan-consultant/index.html[22m [2m(+14ms)[22m 
[2m11:25:43[22m   [34m├─[39m [2m/exams/retirement-income-certified-professional/index.html[22m [2m(+25ms)[22m 
[2m11:25:43[22m   [34m├─[39m [2m/exams/retirement-management-advisor/index.html[22m [2m(+46ms)[22m 
[2m11:25:43[22m   [34m├─[39m [2m/exams/tax-planning-certified-professional/index.html[22m [2m(+46ms)[22m 
[2m11:25:43[22m   [34m├─[39m [2m/exams/wealth-management-certified-professional/index.html[22m [2m(+18ms)[22m 
[2m11:25:43[22m   [34m├─[39m [2m/exams/caia-level-1/index.html[22m [2m(+9ms)[22m 
[2m11:25:43[22m   [34m├─[39m [2m/exams/caia-level-2/index.html[22m [2m(+16ms)[22m 
[2m11:25:43[22m   [34m├─[39m [2m/exams/certificate-in-esg-investing/index.html[22m [2m(+14ms)[22m 
[2m11:25:43[22m   [34m├─[39m [2m/exams/cfa-institute-climate-risk-certificate/index.html[22m [2m(+26ms)[22m 
[2m11:25:43[22m   [34m├─[39m [2m/exams/cfa-institute-private-markets-certificate/index.html[22m [2m(+23ms)[22m 
[2m11:25:43[22m   [34m├─[39m [2m/exams/cfa-level-1/index.html[22m [2m(+33ms)[22m 
[2m11:25:44[22m   [34m├─[39m [2m/exams/cfa-level-2/index.html[22m [2m(+28ms)[22m 
[2m11:25:44[22m   [34m├─[39m [2m/exams/cfa-level-3/index.html[22m [2m(+10ms)[22m 
[2m11:25:44[22m   [34m├─[39m [2m/exams/cipm-exam/index.html[22m [2m(+23ms)[22m 
[2m11:25:44[22m   [34m├─[39m [2m/exams/cmt-level-1/index.html[22m [2m(+18ms)[22m 
[2m11:25:44[22m   [34m├─[39m [2m/exams/cmt-level-2/index.html[22m [2m(+18ms)[22m 
[2m11:25:44[22m   [34m├─[39m [2m/exams/cmt-level-3/index.html[22m [2m(+33ms)[22m 
[2m11:25:44[22m   [34m├─[39m [2m/exams/cqf-certificate/index.html[22m [2m(+51ms)[22m 
[2m11:25:44[22m   [34m├─[39m [2m/exams/fdp-charter/index.html[22m [2m(+14ms)[22m 
[2m11:25:44[22m   [34m├─[39m [2m/exams/frm-part-1/index.html[22m [2m(+17ms)[22m 
[2m11:25:44[22m   [34m├─[39m [2m/exams/frm-part-2/index.html[22m [2m(+18ms)[22m 
[2m11:25:44[22m   [34m├─[39m [2m/exams/garp-scr-certificate/index.html[22m [2m(+18ms)[22m 
[2m11:25:44[22m   [34m├─[39m [2m/exams/prmia-associate-prm/index.html[22m [2m(+33ms)[22m 
[2m11:25:44[22m   [34m├─[39m [2m/exams/prmia-operational-risk-manager/index.html[22m [2m(+38ms)[22m 
[2m11:25:44[22m   [34m├─[39m [2m/exams/prmia-prm-designation/index.html[22m [2m(+19ms)[22m 
[2m11:25:44[22m   [34m├─[39m [2m/exams/usmle-step-1/index.html[22m [2m(+17ms)[22m 
[2m11:25:44[22m   [34m├─[39m [2m/exams/usmle-step-2-ck/index.html[22m [2m(+30ms)[22m 
[2m11:25:44[22m   [34m├─[39m [2m/exams/usmle-step-3/index.html[22m [2m(+18ms)[22m 
[2m11:25:44[22m   [34m├─[39m [2m/exams/comlex-level-1/index.html[22m [2m(+20ms)[22m 
[2m11:25:44[22m   [34m├─[39m [2m/exams/comlex-level-2-ce/index.html[22m [2m(+15ms)[22m 
[2m11:25:44[22m   [34m├─[39m [2m/exams/comlex-level-3/index.html[22m [2m(+29ms)[22m 
[2m11:25:44[22m   [34m├─[39m [2m/exams/abms-anesthesiology/index.html[22m [2m(+34ms)[22m 
[2m11:25:44[22m   [34m├─[39m [2m/exams/abms-dermatology/index.html[22m [2m(+26ms)[22m 
[2m11:25:44[22m   [34m├─[39m [2m/exams/abms-emergency-medicine/index.html[22m [2m(+15ms)[22m 
[2m11:25:44[22m   [34m├─[39m [2m/exams/abms-family-medicine/index.html[22m [2m(+16ms)[22m 
[2m11:25:44[22m   [34m├─[39m [2m/exams/abms-internal-medicine/index.html[22m [2m(+16ms)[22m 
[2m11:25:44[22m   [34m├─[39m [2m/exams/abms-medical-genetics/index.html[22m [2m(+33ms)[22m 
[2m11:25:44[22m   [34m├─[39m [2m/exams/abms-neurosurgery/index.html[22m [2m(+24ms)[22m 
[2m11:25:44[22m   [34m├─[39m [2m/exams/abms-neurology-psychiatry/index.html[22m [2m(+21ms)[22m 
[2m11:25:44[22m   [34m├─[39m [2m/exams/abms-obgyn/index.html[22m [2m(+28ms)[22m 
[2m11:25:44[22m   [34m├─[39m [2m/exams/abms-ophthalmology/index.html[22m [2m(+11ms)[22m 
[2m11:25:44[22m   [34m├─[39m [2m/exams/abms-orthopaedic-surgery/index.html[22m [2m(+15ms)[22m 
[2m11:25:44[22m   [34m├─[39m [2m/exams/abms-otolaryngology/index.html[22m [2m(+31ms)[22m 
[2m11:25:44[22m   [34m├─[39m [2m/exams/abms-pathology/index.html[22m [2m(+33ms)[22m 
[2m11:25:44[22m   [34m├─[39m [2m/exams/abms-pediatrics/index.html[22m [2m(+15ms)[22m 
[2m11:25:44[22m   [34m├─[39m [2m/exams/abms-physical-med-rehab/index.html[22m [2m(+13ms)[22m 
[2m11:25:44[22m   [34m├─[39m [2m/exams/abms-plastic-surgery/index.html[22m [2m(+18ms)[22m 
[2m11:25:44[22m   [34m├─[39m [2m/exams/abms-preventive-medicine/index.html[22m [2m(+19ms)[22m 
[2m11:25:44[22m   [34m├─[39m [2m/exams/abms-radiology/index.html[22m [2m(+14ms)[22m 
[2m11:25:44[22m   [34m├─[39m [2m/exams/abms-surgery/index.html[22m [2m(+20ms)[22m 
[2m11:25:44[22m   [34m├─[39m [2m/exams/abms-thoracic-surgery/index.html[22m [2m(+16ms)[22m 
[2m11:25:44[22m   [34m├─[39m [2m/exams/abms-urology/index.html[22m [2m(+49ms)[22m 
[2m11:25:44[22m   [34m├─[39m [2m/exams/abms-allergy-immunology/index.html[22m [2m(+13ms)[22m 
[2m11:25:44[22m   [34m├─[39m [2m/exams/abms-colon-rectal-surgery/index.html[22m [2m(+17ms)[22m 
[2m11:25:44[22m   [34m├─[39m [2m/exams/abms-nuclear-medicine/index.html[22m [2m(+14ms)[22m 
[2m11:25:45[22m   [34m├─[39m [2m/exams/aoa-anesthesiology/index.html[22m [2m(+17ms)[22m 
[2m11:25:45[22m   [34m├─[39m [2m/exams/aoa-emergency-medicine/index.html[22m [2m(+11ms)[22m 
[2m11:25:45[22m   [34m├─[39m [2m/exams/aoa-family-practice/index.html[22m [2m(+17ms)[22m 
[2m11:25:45[22m   [34m├─[39m [2m/exams/aoa-internal-medicine/index.html[22m [2m(+30ms)[22m 
[2m11:25:45[22m   [34m├─[39m [2m/exams/aoa-neurology-psychiatry/index.html[22m [2m(+35ms)[22m 
[2m11:25:45[22m   [34m├─[39m [2m/exams/aoa-obgyn/index.html[22m [2m(+15ms)[22m 
[2m11:25:45[22m   [34m├─[39m [2m/exams/aoa-ophthalmology/index.html[22m [2m(+11ms)[22m 
[2m11:25:45[22m   [34m├─[39m [2m/exams/aoa-orthopedic-surgery/index.html[22m [2m(+16ms)[22m 
[2m11:25:45[22m   [34m├─[39m [2m/exams/aoa-otolaryngology/index.html[22m [2m(+17ms)[22m 
[2m11:25:45[22m   [34m├─[39m [2m/exams/aoa-pathology/index.html[22m [2m(+17ms)[22m 
[2m11:25:45[22m   [34m├─[39m [2m/exams/aoa-pediatrics/index.html[22m [2m(+16ms)[22m 
[2m11:25:45[22m   [34m├─[39m [2m/exams/aoa-preventive-medicine/index.html[22m [2m(+35ms)[22m 
[2m11:25:45[22m   [34m├─[39m [2m/exams/aoa-radiology/index.html[22m [2m(+36ms)[22m 
[2m11:25:45[22m   [34m├─[39m [2m/exams/aoa-surgery/index.html[22m [2m(+11ms)[22m 
[2m11:25:45[22m   [34m├─[39m [2m/exams/aoa-physical-med-rehab/index.html[22m [2m(+16ms)[22m 
[2m11:25:45[22m   [34m├─[39m [2m/exams/aoa-neurological-surgery/index.html[22m [2m(+20ms)[22m 
[2m11:25:45[22m   [34m├─[39m [2m/exams/nclex-rn/index.html[22m [2m(+13ms)[22m 
[2m11:25:45[22m   [34m├─[39m [2m/exams/nclex-pn/index.html[22m [2m(+11ms)[22m 
[2m11:25:45[22m   [34m├─[39m [2m/exams/aanp-fnp/index.html[22m [2m(+49ms)[22m 
[2m11:25:45[22m   [34m├─[39m [2m/exams/aanp-agpcnp/index.html[22m [2m(+26ms)[22m 
[2m11:25:45[22m   [34m├─[39m [2m/exams/aanp-agacnp/index.html[22m [2m(+17ms)[22m 
[2m11:25:45[22m   [34m├─[39m [2m/exams/aanp-pmhnp/index.html[22m [2m(+13ms)[22m 
[2m11:25:45[22m   [34m├─[39m [2m/exams/aanp-enp/index.html[22m [2m(+18ms)[22m 
[2m11:25:45[22m   [34m├─[39m [2m/exams/aanp-whnp/index.html[22m [2m(+13ms)[22m 
[2m11:25:45[22m   [34m├─[39m [2m/exams/ancc-fnp/index.html[22m [2m(+15ms)[22m 
[2m11:25:45[22m   [34m├─[39m [2m/exams/ancc-agpcnp/index.html[22m [2m(+16ms)[22m 
[2m11:25:45[22m   [34m├─[39m [2m/exams/ancc-agacnp/index.html[22m [2m(+22ms)[22m 
[2m11:25:45[22m   [34m├─[39m [2m/exams/ancc-pmhnp/index.html[22m [2m(+49ms)[22m 
[2m11:25:45[22m   [34m├─[39m [2m/exams/pncb-cpnp-pc/index.html[22m [2m(+14ms)[22m 
[2m11:25:45[22m   [34m├─[39m [2m/exams/pncb-cpnp-ac/index.html[22m [2m(+15ms)[22m 
[2m11:25:45[22m   [34m├─[39m [2m/exams/pncb-nnp/index.html[22m [2m(+13ms)[22m 
[2m11:25:45[22m   [34m├─[39m [2m/exams/ncc-whnp/index.html[22m [2m(+10ms)[22m 
[2m11:25:45[22m   [34m├─[39m [2m/exams/nbcrna-crna/index.html[22m [2m(+25ms)[22m 
[2m11:25:45[22m   [34m├─[39m [2m/exams/amcb-cnm/index.html[22m [2m(+25ms)[22m 
[2m11:25:45[22m   [34m├─[39m [2m/exams/naplex/index.html[22m [2m(+44ms)[22m 
[2m11:25:45[22m   [34m├─[39m [2m/exams/mpje/index.html[22m [2m(+17ms)[22m 
[2m11:25:45[22m   [34m├─[39m [2m/exams/bps-pharmacotherapy/index.html[22m [2m(+13ms)[22m 
[2m11:25:45[22m   [34m├─[39m [2m/exams/bps-ambulatory-care/index.html[22m [2m(+9ms)[22m 
[2m11:25:45[22m   [34m├─[39m [2m/exams/bps-oncology/index.html[22m [2m(+14ms)[22m 
[2m11:25:45[22m   [34m├─[39m [2m/exams/bps-psychiatric/index.html[22m [2m(+14ms)[22m 
[2m11:25:45[22m   [34m├─[39m [2m/exams/bps-critical-care/index.html[22m [2m(+33ms)[22m 
[2m11:25:45[22m   [34m├─[39m [2m/exams/bps-nutrition-support/index.html[22m [2m(+19ms)[22m 
[2m11:25:45[22m   [34m├─[39m [2m/exams/bps-geriatric/index.html[22m [2m(+33ms)[22m 
[2m11:25:45[22m   [34m├─[39m [2m/exams/bps-infectious-disease/index.html[22m [2m(+20ms)[22m 
[2m11:25:45[22m   [34m├─[39m [2m/exams/bps-cardiology/index.html[22m [2m(+15ms)[22m 
[2m11:25:45[22m   [34m├─[39m [2m/exams/bps-sterile-compounding/index.html[22m [2m(+17ms)[22m 
[2m11:25:45[22m   [34m├─[39m [2m/exams/bps-transplant/index.html[22m [2m(+11ms)[22m 
[2m11:25:45[22m   [34m├─[39m [2m/exams/bps-pediatric/index.html[22m [2m(+15ms)[22m 
[2m11:25:45[22m   [34m├─[39m [2m/exams/bps-nuclear/index.html[22m [2m(+15ms)[22m 
[2m11:25:45[22m   [34m├─[39m [2m/exams/bps-emergency-medicine/index.html[22m [2m(+57ms)[22m 
[2m11:25:46[22m   [34m├─[39m [2m/exams/bps-pain-management/index.html[22m [2m(+18ms)[22m 
[2m11:25:46[22m   [34m├─[39m [2m/exams/inbde/index.html[22m [2m(+11ms)[22m 
[2m11:25:46[22m   [34m├─[39m [2m/exams/adat/index.html[22m [2m(+13ms)[22m 
[2m11:25:46[22m   [34m├─[39m [2m/exams/ab-dental-anesthesiology/index.html[22m [2m(+13ms)[22m 
[2m11:25:46[22m   [34m├─[39m [2m/exams/ab-orthodontics/index.html[22m [2m(+10ms)[22m 
[2m11:25:46[22m   [34m├─[39m [2m/exams/ab-periodontology/index.html[22m [2m(+25ms)[22m 
[2m11:25:46[22m   [34m├─[39m [2m/exams/ab-prosthodontics/index.html[22m [2m(+22ms)[22m 
[2m11:25:46[22m   [34m├─[39m [2m/exams/ab-omfs/index.html[22m [2m(+42ms)[22m 
[2m11:25:46[22m   [34m├─[39m [2m/exams/ab-pediatric-dentistry/index.html[22m [2m(+9ms)[22m 
[2m11:25:46[22m   [34m├─[39m [2m/exams/ab-endodontics/index.html[22m [2m(+16ms)[22m 
[2m11:25:46[22m   [34m├─[39m [2m/exams/ab-oral-pathology/index.html[22m [2m(+15ms)[22m 
[2m11:25:46[22m   [34m├─[39m [2m/exams/ab-oral-medicine/index.html[22m [2m(+15ms)[22m 
[2m11:25:46[22m   [34m├─[39m [2m/exams/ab-oral-radiology/index.html[22m [2m(+14ms)[22m 
[2m11:25:46[22m   [34m├─[39m [2m/exams/ab-public-health-dentistry/index.html[22m [2m(+20ms)[22m 
[2m11:25:46[22m   [34m├─[39m [2m/exams/nbeo-part-1-abs/index.html[22m [2m(+63ms)[22m 
[2m11:25:46[22m   [34m├─[39m [2m/exams/nbeo-part-2-pam/index.html[22m [2m(+9ms)[22m 
[2m11:25:46[22m   [34m├─[39m [2m/exams/nbeo-part-2-tmod/index.html[22m [2m(+12ms)[22m 
[2m11:25:46[22m   [34m├─[39m [2m/exams/nbeo-part-3-peps/index.html[22m [2m(+11ms)[22m 
[2m11:25:46[22m   [34m├─[39m [2m/exams/nbeo-lspe/index.html[22m [2m(+24ms)[22m 
[2m11:25:46[22m   [34m├─[39m [2m/exams/abo-noce/index.html[22m [2m(+20ms)[22m 
[2m11:25:46[22m   [34m├─[39m [2m/exams/ncle-clre/index.html[22m [2m(+17ms)[22m 
[2m11:25:46[22m   [34m├─[39m [2m/exams/abo-advanced/index.html[22m [2m(+31ms)[22m 
[2m11:25:46[22m   [34m├─[39m [2m/exams/abo-master/index.html[22m [2m(+27ms)[22m 
[2m11:25:46[22m   [34m├─[39m [2m/exams/ncle-advanced/index.html[22m [2m(+11ms)[22m 
[2m11:25:46[22m   [34m├─[39m [2m/exams/npte/index.html[22m [2m(+14ms)[22m 
[2m11:25:46[22m   [34m├─[39m [2m/exams/npte-pta/index.html[22m [2m(+28ms)[22m 
[2m11:25:46[22m   [34m├─[39m [2m/exams/nbcot-otr/index.html[22m [2m(+19ms)[22m 
[2m11:25:46[22m   [34m├─[39m [2m/exams/asha-ccc-slp/index.html[22m [2m(+25ms)[22m 
[2m11:25:46[22m   [34m├─[39m [2m/exams/asha-ccc-a/index.html[22m [2m(+16ms)[22m 
[2m11:25:46[22m   [34m├─[39m [2m/exams/abpts-ocs/index.html[22m [2m(+19ms)[22m 
[2m11:25:46[22m   [34m├─[39m [2m/exams/abpts-ncs/index.html[22m [2m(+16ms)[22m 
[2m11:25:46[22m   [34m├─[39m [2m/exams/abpts-scs/index.html[22m [2m(+25ms)[22m 
[2m11:25:46[22m   [34m├─[39m [2m/exams/abpts-pcs/index.html[22m [2m(+16ms)[22m 
[2m11:25:46[22m   [34m├─[39m [2m/exams/abpts-gcs/index.html[22m [2m(+18ms)[22m 
[2m11:25:46[22m   [34m├─[39m [2m/exams/abpts-ccs/index.html[22m [2m(+16ms)[22m 
[2m11:25:46[22m   [34m├─[39m [2m/exams/abpts-ecs/index.html[22m [2m(+32ms)[22m 
[2m11:25:46[22m   [34m├─[39m [2m/exams/abpts-wcs/index.html[22m [2m(+16ms)[22m 
[2m11:25:46[22m   [34m├─[39m [2m/exams/abpts-oncs/index.html[22m [2m(+17ms)[22m 
[2m11:25:46[22m   [34m├─[39m [2m/exams/nbce-part-1/index.html[22m [2m(+33ms)[22m 
[2m11:25:46[22m   [34m├─[39m [2m/exams/nbce-part-2/index.html[22m [2m(+21ms)[22m 
[2m11:25:46[22m   [34m├─[39m [2m/exams/nbce-part-3/index.html[22m [2m(+15ms)[22m 
[2m11:25:46[22m   [34m├─[39m [2m/exams/nbce-part-4/index.html[22m [2m(+14ms)[22m 
[2m11:25:46[22m   [34m├─[39m [2m/exams/nbpme-part-1/index.html[22m [2m(+19ms)[22m 
[2m11:25:46[22m   [34m├─[39m [2m/exams/nbpme-part-2/index.html[22m [2m(+27ms)[22m 
[2m11:25:46[22m   [34m├─[39m [2m/exams/nbpme-part-3/index.html[22m [2m(+53ms)[22m 
[2m11:25:46[22m   [34m├─[39m [2m/exams/nccaom-acupuncture/index.html[22m [2m(+24ms)[22m 
[2m11:25:47[22m   [34m├─[39m [2m/exams/nccaom-herbology/index.html[22m [2m(+10ms)[22m 
[2m11:25:47[22m   [34m├─[39m [2m/exams/nccaom-oriental-medicine/index.html[22m [2m(+26ms)[22m 
[2m11:25:47[22m   [34m├─[39m [2m/exams/nccaom-fom/index.html[22m [2m(+17ms)[22m 
[2m11:25:47[22m   [34m├─[39m [2m/exams/nccaom-biomedicine/index.html[22m [2m(+9ms)[22m 
[2m11:25:47[22m   [34m├─[39m [2m/exams/mblex/index.html[22m [2m(+43ms)[22m 
[2m11:25:47[22m   [34m├─[39m [2m/exams/pance/index.html[22m [2m(+22ms)[22m 
[2m11:25:47[22m   [34m├─[39m [2m/exams/panre/index.html[22m [2m(+32ms)[22m 
[2m11:25:47[22m   [34m├─[39m [2m/exams/narm-cpm/index.html[22m [2m(+29ms)[22m 
[2m11:25:47[22m   [34m├─[39m [2m/exams/nplex-part-1/index.html[22m [2m(+33ms)[22m 
[2m11:25:47[22m   [34m├─[39m [2m/exams/nplex-part-2/index.html[22m [2m(+15ms)[22m 
[2m11:25:47[22m   [34m├─[39m [2m/exams/cas-exam-5/index.html[22m [2m(+17ms)[22m 
[2m11:25:47[22m   [34m├─[39m [2m/exams/cas-exam-6/index.html[22m [2m(+33ms)[22m 
[2m11:25:47[22m   [34m├─[39m [2m/exams/cas-exam-7/index.html[22m [2m(+16ms)[22m 
[2m11:25:47[22m   [34m├─[39m [2m/exams/cas-exam-8/index.html[22m [2m(+21ms)[22m 
[2m11:25:47[22m   [34m├─[39m [2m/exams/cas-exam-9/index.html[22m [2m(+52ms)[22m 
[2m11:25:47[22m   [34m├─[39m [2m/exams/cas-mas-i/index.html[22m [2m(+13ms)[22m 
[2m11:25:47[22m   [34m├─[39m [2m/exams/cas-mas-ii/index.html[22m [2m(+27ms)[22m 
[2m11:25:47[22m   [34m├─[39m [2m/exams/cas-property-casualty-predictive-analytics/index.html[22m [2m(+11ms)[22m 
[2m11:25:47[22m   [34m├─[39m [2m/exams/enrolled-actuary-ea-1/index.html[22m [2m(+24ms)[22m 
[2m11:25:47[22m   [34m├─[39m [2m/exams/enrolled-actuary-ea-2f/index.html[22m [2m(+16ms)[22m 
[2m11:25:47[22m   [34m├─[39m [2m/exams/enrolled-actuary-ea-2l/index.html[22m [2m(+16ms)[22m 
[2m11:25:47[22m   [34m├─[39m [2m/exams/soa-apc/index.html[22m [2m(+28ms)[22m 
[2m11:25:47[22m   [34m├─[39m [2m/exams/soa-exam-altam/index.html[22m [2m(+17ms)[22m 
[2m11:25:47[22m   [34m├─[39m [2m/exams/soa-exam-astam/index.html[22m [2m(+33ms)[22m 
[2m11:25:47[22m   [34m├─[39m [2m/exams/soa-exam-fam/index.html[22m [2m(+17ms)[22m 
[2m11:25:47[22m   [34m├─[39m [2m/exams/soa-exam-fm/index.html[22m [2m(+25ms)[22m 
[2m11:25:47[22m   [34m├─[39m [2m/exams/soa-exam-p/index.html[22m [2m(+16ms)[22m 
[2m11:25:47[22m   [34m├─[39m [2m/exams/soa-exam-pa/index.html[22m [2m(+15ms)[22m 
[2m11:25:47[22m   [34m├─[39m [2m/exams/soa-exam-srm/index.html[22m [2m(+19ms)[22m 
[2m11:25:47[22m   [34m├─[39m [2m/exams/soa-fap/index.html[22m [2m(+18ms)[22m 
[2m11:25:47[22m   [34m├─[39m [2m/exams/soa-atpa/index.html[22m [2m(+22ms)[22m 
[2m11:25:47[22m   [34m├─[39m [2m/exams/soa-vee-requirements/index.html[22m [2m(+51ms)[22m 
[2m11:25:47[22m   [34m├─[39m [2m/exams/aei-casualty-claim-law-associate/index.html[22m [2m(+21ms)[22m 
[2m11:25:47[22m   [34m├─[39m [2m/exams/aei-property-claim-law-associate/index.html[22m [2m(+16ms)[22m 
[2m11:25:47[22m   [34m├─[39m [2m/exams/aei-senior-claim-law-associate/index.html[22m [2m(+11ms)[22m 
[2m11:25:47[22m   [34m├─[39m [2m/exams/aei-workers-compensation-claim-law-associate/index.html[22m [2m(+23ms)[22m 
[2m11:25:47[22m   [34m├─[39m [2m/exams/associate-in-claims/index.html[22m [2m(+11ms)[22m 
[2m11:25:47[22m   [34m├─[39m [2m/exams/associate-in-claims-management/index.html[22m [2m(+14ms)[22m 
[2m11:25:47[22m   [34m├─[39m [2m/exams/haag-certified-inspector-commercial-roof/index.html[22m [2m(+31ms)[22m 
[2m11:25:47[22m   [34m├─[39m [2m/exams/haag-certified-inspector-residential-roof/index.html[22m [2m(+52ms)[22m 
[2m11:25:47[22m   [34m├─[39m [2m/exams/haag-certified-inspector-wind-damage/index.html[22m [2m(+14ms)[22m 
[2m11:25:47[22m   [34m├─[39m [2m/exams/iicrc-amrt/index.html[22m [2m(+21ms)[22m 
[2m11:25:47[22m   [34m├─[39m [2m/exams/iicrc-asd/index.html[22m [2m(+14ms)[22m 
[2m11:25:47[22m   [34m├─[39m [2m/exams/iicrc-cct/index.html[22m [2m(+19ms)[22m 
[2m11:25:48[22m   [34m├─[39m [2m/exams/iicrc-cds/index.html[22m [2m(+16ms)[22m 
[2m11:25:48[22m   [34m├─[39m [2m/exams/iicrc-cpt/index.html[22m [2m(+27ms)[22m 
[2m11:25:48[22m   [34m├─[39m [2m/exams/iicrc-fsrt/index.html[22m [2m(+25ms)[22m 
[2m11:25:48[22m   [34m├─[39m [2m/exams/iicrc-hst/index.html[22m [2m(+38ms)[22m 
[2m11:25:48[22m   [34m├─[39m [2m/exams/iicrc-oct/index.html[22m [2m(+10ms)[22m 
[2m11:25:48[22m   [34m├─[39m [2m/exams/iicrc-rrt/index.html[22m [2m(+12ms)[22m 
[2m11:25:48[22m   [34m├─[39m [2m/exams/iicrc-tcst/index.html[22m [2m(+15ms)[22m 
[2m11:25:48[22m   [34m├─[39m [2m/exams/iicrc-wrt/index.html[22m [2m(+16ms)[22m 
[2m11:25:48[22m   [34m├─[39m [2m/exams/senior-professional-public-adjuster/index.html[22m [2m(+29ms)[22m 
[2m11:25:48[22m   [34m├─[39m [2m/exams/workers-compensation-claims-administration-certificate/index.html[22m [2m(+21ms)[22m 
[2m11:25:48[22m   [34m├─[39m [2m/exams/xactimate-level-1-certification/index.html[22m [2m(+20ms)[22m 
[2m11:25:48[22m   [34m├─[39m [2m/exams/xactimate-level-2-certification/index.html[22m [2m(+31ms)[22m 
[2m11:25:48[22m   [34m├─[39m [2m/exams/xactimate-level-3-certification/index.html[22m [2m(+13ms)[22m 
[2m11:25:48[22m   [34m├─[39m [2m/exams/accredited-adviser-in-insurance/index.html[22m [2m(+10ms)[22m 
[2m11:25:48[22m   [34m├─[39m [2m/exams/accredited-adviser-in-insurance-management/index.html[22m [2m(+19ms)[22m 
[2m11:25:48[22m   [34m├─[39m [2m/exams/accredited-customer-service-representative/index.html[22m [2m(+11ms)[22m 
[2m11:25:48[22m   [34m├─[39m [2m/exams/associate-in-commercial-underwriting/index.html[22m [2m(+22ms)[22m 
[2m11:25:48[22m   [34m├─[39m [2m/exams/associate-in-commercial-underwriting-management/index.html[22m [2m(+24ms)[22m 
[2m11:25:48[22m   [34m├─[39m [2m/exams/associate-in-fidelity-and-surety-bonding/index.html[22m [2m(+37ms)[22m 
[2m11:25:48[22m   [34m├─[39m [2m/exams/associate-in-information-technology/index.html[22m [2m(+18ms)[22m 
[2m11:25:48[22m   [34m├─[39m [2m/exams/associate-in-insurance/index.html[22m [2m(+15ms)[22m 
[2m11:25:48[22m   [34m├─[39m [2m/exams/associate-in-insurance-accounting-and-finance/index.html[22m [2m(+14ms)[22m 
[2m11:25:48[22m   [34m├─[39m [2m/exams/associate-in-insurance-data-analytics/index.html[22m [2m(+16ms)[22m 
[2m11:25:48[22m   [34m├─[39m [2m/exams/associate-in-insurance-services/index.html[22m [2m(+13ms)[22m 
[2m11:25:48[22m   [34m├─[39m [2m/exams/associate-in-management-institutes/index.html[22m [2m(+19ms)[22m 
[2m11:25:48[22m   [34m├─[39m [2m/exams/associate-in-marine-insurance-management/index.html[22m [2m(+21ms)[22m 
[2m11:25:48[22m   [34m├─[39m [2m/exams/associate-in-national-flood-insurance/index.html[22m [2m(+49ms)[22m 
[2m11:25:48[22m   [34m├─[39m [2m/exams/associate-in-personal-insurance/index.html[22m [2m(+15ms)[22m 
[2m11:25:48[22m   [34m├─[39m [2m/exams/associate-in-premium-auditing/index.html[22m [2m(+15ms)[22m 
[2m11:25:48[22m   [34m├─[39m [2m/exams/associate-in-regulation-and-compliance/index.html[22m [2m(+15ms)[22m 
[2m11:25:48[22m   [34m├─[39m [2m/exams/associate-in-reinsurance/index.html[22m [2m(+15ms)[22m 
[2m11:25:48[22m   [34m├─[39m [2m/exams/associate-in-risk-management/index.html[22m [2m(+18ms)[22m 
[2m11:25:48[22m   [34m├─[39m [2m/exams/associate-in-surplus-lines-insurance/index.html[22m [2m(+47ms)[22m 
[2m11:25:48[22m   [34m├─[39m [2m/exams/cpcu-500/index.html[22m [2m(+18ms)[22m 
[2m11:25:48[22m   [34m├─[39m [2m/exams/cpcu-520/index.html[22m [2m(+21ms)[22m 
[2m11:25:48[22m   [34m├─[39m [2m/exams/cpcu-530/index.html[22m [2m(+13ms)[22m 
[2m11:25:48[22m   [34m├─[39m [2m/exams/cpcu-540/index.html[22m [2m(+22ms)[22m 
[2m11:25:48[22m   [34m├─[39m [2m/exams/cpcu-550/index.html[22m [2m(+13ms)[22m 
[2m11:25:48[22m   [34m├─[39m [2m/exams/cpcu-551/index.html[22m [2m(+17ms)[22m 
[2m11:25:48[22m   [34m├─[39m [2m/exams/cpcu-552/index.html[22m [2m(+18ms)[22m 
[2m11:25:48[22m   [34m├─[39m [2m/exams/cpcu-555/index.html[22m [2m(+48ms)[22m 
[2m11:25:48[22m   [34m├─[39m [2m/exams/cpcu-556/index.html[22m [2m(+28ms)[22m 
[2m11:25:48[22m   [34m├─[39m [2m/exams/cpcu-designation/index.html[22m [2m(+10ms)[22m 
[2m11:25:48[22m   [34m├─[39m [2m/exams/cpcu-matriculation/index.html[22m [2m(+19ms)[22m 
[2m11:25:48[22m   [34m├─[39m [2m/exams/professional-risk-consultant/index.html[22m [2m(+12ms)[22m 
[2m11:25:48[22m   [34m├─[39m [2m/exams/ahip-fahm/index.html[22m [2m(+14ms)[22m 
[2m11:25:48[22m   [34m├─[39m [2m/exams/ahip-hcsa/index.html[22m [2m(+13ms)[22m 
[2m11:25:48[22m   [34m├─[39m [2m/exams/ahip-health-insurance-associate/index.html[22m [2m(+20ms)[22m 
[2m11:25:48[22m   [34m├─[39m [2m/exams/ahip-managed-healthcare-professional/index.html[22m [2m(+55ms)[22m 
[2m11:25:49[22m   [34m├─[39m [2m/exams/ahip-medicare-certification/index.html[22m [2m(+14ms)[22m 
[2m11:25:49[22m   [34m├─[39m [2m/exams/ahip-pahm/index.html[22m [2m(+15ms)[22m 
[2m11:25:49[22m   [34m├─[39m [2m/exams/certification-in-long-term-care/index.html[22m [2m(+14ms)[22m 
[2m11:25:49[22m   [34m├─[39m [2m/exams/certified-senior-advisor/index.html[22m [2m(+13ms)[22m 
[2m11:25:49[22m   [34m├─[39m [2m/exams/financial-services-certified-professional/index.html[22m [2m(+19ms)[22m 
[2m11:25:49[22m   [34m├─[39m [2m/exams/ica-alhc/index.html[22m [2m(+17ms)[22m 
[2m11:25:49[22m   [34m├─[39m [2m/exams/ica-flhc/index.html[22m [2m(+22ms)[22m 
[2m11:25:49[22m   [34m├─[39m [2m/exams/loma-aapa/index.html[22m [2m(+44ms)[22m 
[2m11:25:49[22m   [34m├─[39m [2m/exams/loma-acs/index.html[22m [2m(+9ms)[22m 
[2m11:25:49[22m   [34m├─[39m [2m/exams/loma-airc/index.html[22m [2m(+16ms)[22m 
[2m11:25:49[22m   [34m├─[39m [2m/exams/loma-almi/index.html[22m [2m(+13ms)[22m 
[2m11:25:49[22m   [34m├─[39m [2m/exams/loma-ffsi/index.html[22m [2m(+19ms)[22m 
[2m11:25:49[22m   [34m├─[39m [2m/exams/loma-flmi/index.html[22m [2m(+13ms)[22m 
[2m11:25:49[22m   [34m├─[39m [2m/exams/loma-fsri/index.html[22m [2m(+31ms)[22m 
[2m11:25:49[22m   [34m├─[39m [2m/exams/lutcf-designation/index.html[22m [2m(+17ms)[22m 
[2m11:25:49[22m   [34m├─[39m [2m/exams/nabip-certified-in-self-funding/index.html[22m [2m(+31ms)[22m 
[2m11:25:49[22m   [34m├─[39m [2m/exams/certified-enterprise-risk-analyst-cera/index.html[22m [2m(+10ms)[22m 
[2m11:25:49[22m   [34m├─[39m [2m/exams/certified-insurance-counselor/index.html[22m [2m(+16ms)[22m 
[2m11:25:49[22m   [34m├─[39m [2m/exams/certified-insurance-and-risk-professional/index.html[22m [2m(+15ms)[22m 
[2m11:25:49[22m   [34m├─[39m [2m/exams/certified-insurance-service-representative/index.html[22m [2m(+15ms)[22m 
[2m11:25:49[22m   [34m├─[39m [2m/exams/certified-insurance-service-representative-elite/index.html[22m [2m(+28ms)[22m 
[2m11:25:49[22m   [34m├─[39m [2m/exams/certified-personal-risk-manager/index.html[22m [2m(+54ms)[22m 
[2m11:25:49[22m   [34m├─[39m [2m/exams/certified-risk-manager/index.html[22m [2m(+12ms)[22m 
[2m11:25:49[22m   [34m├─[39m [2m/exams/certified-school-risk-manager/index.html[22m [2m(+12ms)[22m 
[2m11:25:49[22m   [34m├─[39m [2m/exams/construction-risk-and-insurance-specialist/index.html[22m [2m(+8ms)[22m 
[2m11:25:49[22m   [34m├─[39m [2m/exams/idma-associate-insurance-data-manager/index.html[22m [2m(+12ms)[22m 
[2m11:25:49[22m   [34m├─[39m [2m/exams/idma-certified-insurance-data-manager/index.html[22m [2m(+17ms)[22m 
[2m11:25:49[22m   [34m├─[39m [2m/exams/iia-crma/index.html[22m [2m(+36ms)[22m 
[2m11:25:49[22m   [34m├─[39m [2m/exams/management-liability-insurance-specialist/index.html[22m [2m(+47ms)[22m 
[2m11:25:49[22m   [34m├─[39m [2m/exams/rims-crmp/index.html[22m [2m(+11ms)[22m 
[2m11:25:49[22m   [34m├─[39m [2m/exams/transportation-risk-insurance-professional/index.html[22m [2m(+10ms)[22m 
[2m11:25:49[22m   [34m├─[39m [2m/exams/nextgen-bar-exam/index.html[22m [2m(+14ms)[22m 
[2m11:25:49[22m   [34m├─[39m [2m/exams/uniform-bar-exam/index.html[22m [2m(+15ms)[22m 
[2m11:25:49[22m   [34m├─[39m [2m/exams/mbe/index.html[22m [2m(+13ms)[22m 
[2m11:25:49[22m   [34m├─[39m [2m/exams/mee/index.html[22m [2m(+28ms)[22m 
[2m11:25:49[22m   [34m├─[39m [2m/exams/mpt/index.html[22m [2m(+49ms)[22m 
[2m11:25:49[22m   [34m├─[39m [2m/exams/mpre/index.html[22m [2m(+15ms)[22m 
[2m11:25:49[22m   [34m├─[39m [2m/exams/california-bar-exam/index.html[22m [2m(+16ms)[22m 
[2m11:25:49[22m   [34m├─[39m [2m/exams/nyle/index.html[22m [2m(+10ms)[22m 
[2m11:25:49[22m   [34m├─[39m [2m/exams/nylc/index.html[22m [2m(+14ms)[22m 
[2m11:25:49[22m   [34m├─[39m [2m/exams/louisiana-bar-exam/index.html[22m [2m(+21ms)[22m 
[2m11:25:49[22m   [34m├─[39m [2m/exams/uspto-registration-exam/index.html[22m [2m(+17ms)[22m 
[2m11:25:49[22m   [34m├─[39m [2m/exams/design-patent-practitioner-exam/index.html[22m [2m(+33ms)[22m 
[2m11:25:49[22m   [34m├─[39m [2m/exams/patent-agent-vs-attorney/index.html[22m [2m(+22ms)[22m 
[2m11:25:49[22m   [34m├─[39m [2m/exams/clp-certified-licensing-professional/index.html[22m [2m(+22ms)[22m 
[2m11:25:49[22m   [34m├─[39m [2m/exams/cpva/index.html[22m [2m(+10ms)[22m 
[2m11:25:49[22m   [34m├─[39m [2m/exams/nala-cp/index.html[22m [2m(+15ms)[22m 
[2m11:25:49[22m   [34m├─[39m [2m/exams/nala-advanced-paralegal/index.html[22m [2m(+13ms)[22m 
[2m11:25:50[22m   [34m├─[39m [2m/exams/nfpa-pace/index.html[22m [2m(+29ms)[22m 
[2m11:25:50[22m   [34m├─[39m [2m/exams/nfpa-pcce/index.html[22m [2m(+21ms)[22m 
[2m11:25:50[22m   [34m├─[39m [2m/exams/nals-alp/index.html[22m [2m(+13ms)[22m 
[2m11:25:50[22m   [34m├─[39m [2m/exams/nals-pp/index.html[22m [2m(+15ms)[22m 
[2m11:25:50[22m   [34m├─[39m [2m/exams/nals-clp/index.html[22m [2m(+14ms)[22m 
[2m11:25:50[22m   [34m├─[39m [2m/exams/nals-als/index.html[22m [2m(+17ms)[22m 
[2m11:25:50[22m   [34m├─[39m [2m/exams/nals-pls-cls/index.html[22m [2m(+9ms)[22m 
[2m11:25:50[22m   [34m├─[39m [2m/exams/aapi-accredited-legal-professional/index.html[22m [2m(+45ms)[22m 
[2m11:25:50[22m   [34m├─[39m [2m/exams/ceds/index.html[22m [2m(+43ms)[22m 
[2m11:25:50[22m   [34m├─[39m [2m/exams/clnc/index.html[22m [2m(+8ms)[22m 
[2m11:25:50[22m   [34m├─[39m [2m/exams/clm/index.html[22m [2m(+10ms)[22m 
[2m11:25:50[22m   [34m├─[39m [2m/exams/certified-legal-investigator/index.html[22m [2m(+10ms)[22m 
[2m11:25:50[22m   [34m├─[39m [2m/exams/notary-signing-agent/index.html[22m [2m(+32ms)[22m 
[2m11:25:50[22m   [34m├─[39m [2m/exams/ncrea-rpr/index.html[22m [2m(+25ms)[22m 
[2m11:25:50[22m   [34m├─[39m [2m/exams/ncrea-rmr/index.html[22m [2m(+21ms)[22m 
[2m11:25:50[22m   [34m├─[39m [2m/exams/ncrea-rdr/index.html[22m [2m(+37ms)[22m 
[2m11:25:50[22m   [34m├─[39m [2m/exams/ncrea-crr/index.html[22m [2m(+14ms)[22m 
[2m11:25:50[22m   [34m├─[39m [2m/exams/ncrea-crc/index.html[22m [2m(+12ms)[22m 
[2m11:25:50[22m   [34m├─[39m [2m/exams/ncrea-clvs/index.html[22m [2m(+9ms)[22m 
[2m11:25:50[22m   [34m├─[39m [2m/exams/ncrea-rsr/index.html[22m [2m(+17ms)[22m 
[2m11:25:50[22m   [34m├─[39m [2m/exams/ncrea-cbc/index.html[22m [2m(+13ms)[22m 
[2m11:25:50[22m   [34m├─[39m [2m/exams/ncrea-ccp/index.html[22m [2m(+31ms)[22m 
[2m11:25:50[22m   [34m├─[39m [2m/exams/ncrea-cri/index.html[22m [2m(+41ms)[22m 
[2m11:25:50[22m   [34m├─[39m [2m/exams/ncrea-cmrs/index.html[22m [2m(+24ms)[22m 
[2m11:25:50[22m   [34m├─[39m [2m/exams/aaert-cer/index.html[22m [2m(+12ms)[22m 
[2m11:25:50[22m   [34m├─[39m [2m/exams/aaert-cet/index.html[22m [2m(+13ms)[22m 
[2m11:25:50[22m   [34m├─[39m [2m/exams/aaert-cdr/index.html[22m [2m(+16ms)[22m 
[2m11:25:50[22m   [34m├─[39m [2m/exams/nvra-cvr/index.html[22m [2m(+15ms)[22m 
[2m11:25:50[22m   [34m├─[39m [2m/exams/nvra-cm/index.html[22m [2m(+32ms)[22m 
[2m11:25:50[22m   [34m├─[39m [2m/exams/ahdi-rhds/index.html[22m [2m(+54ms)[22m 
[2m11:25:50[22m   [34m├─[39m [2m/exams/ahdi-chds/index.html[22m [2m(+10ms)[22m 
[2m11:25:50[22m   [34m├─[39m [2m/exams/certified-scopist/index.html[22m [2m(+19ms)[22m 
[2m11:25:50[22m   [34m├─[39m [2m/exams/ccep/index.html[22m [2m(+16ms)[22m 
[2m11:25:50[22m   [34m├─[39m [2m/exams/ccep-international/index.html[22m [2m(+11ms)[22m 
[2m11:25:50[22m   [34m├─[39m [2m/exams/chc/index.html[22m [2m(+61ms)[22m 
[2m11:25:50[22m   [34m├─[39m [2m/exams/chpc/index.html[22m [2m(+21ms)[22m 
[2m11:25:50[22m   [34m├─[39m [2m/exams/chrc/index.html[22m [2m(+19ms)[22m 
[2m11:25:50[22m   [34m├─[39m [2m/exams/certified-regulatory-compliance-manager/index.html[22m [2m(+10ms)[22m 
[2m11:25:50[22m   [34m├─[39m [2m/exams/certified-government-financial-manager/index.html[22m [2m(+10ms)[22m 
[2m11:25:50[22m   [34m├─[39m [2m/exams/certified-hipaa-professional/index.html[22m [2m(+12ms)[22m 
[2m11:25:50[22m   [34m├─[39m [2m/exams/usps-vea-474/index.html[22m [2m(+31ms)[22m 
[2m11:25:50[22m   [34m├─[39m [2m/exams/usps-vea-475/index.html[22m [2m(+57ms)[22m 
[2m11:25:50[22m   [34m├─[39m [2m/exams/usps-vea-476/index.html[22m [2m(+13ms)[22m 
[2m11:25:50[22m   [34m├─[39m [2m/exams/usps-vea-477/index.html[22m [2m(+19ms)[22m 
[2m11:25:50[22m   [34m├─[39m [2m/exams/fsot/index.html[22m [2m(+10ms)[22m 
[2m11:25:50[22m   [34m├─[39m [2m/exams/fsot-qep/index.html[22m [2m(+8ms)[22m 
[2m11:25:50[22m   [34m├─[39m [2m/exams/fbi-sa-phase-1/index.html[22m [2m(+18ms)[22m 
[2m11:25:51[22m   [34m├─[39m [2m/exams/fbi-sa-phase-2/index.html[22m [2m(+30ms)[22m 
[2m11:25:51[22m   [34m├─[39m [2m/exams/cbp-officer-entrance-exam/index.html[22m [2m(+63ms)[22m 
[2m11:25:51[22m   [34m├─[39m [2m/exams/cbp-spanish-language-test/index.html[22m [2m(+15ms)[22m 
[2m11:25:51[22m   [34m├─[39m [2m/exams/border-patrol-alt/index.html[22m [2m(+11ms)[22m 
[2m11:25:51[22m   [34m├─[39m [2m/exams/atf-special-agent-exam/index.html[22m [2m(+14ms)[22m 
[2m11:25:51[22m   [34m├─[39m [2m/exams/dea-special-agent-exam/index.html[22m [2m(+10ms)[22m 
[2m11:25:51[22m   [34m├─[39m [2m/exams/secret-service-entrance-exam/index.html[22m [2m(+15ms)[22m 
[2m11:25:51[22m   [34m├─[39m [2m/exams/secret-service-uniformed-division-exam/index.html[22m [2m(+36ms)[22m 
[2m11:25:51[22m   [34m├─[39m [2m/exams/us-marshals-exam/index.html[22m [2m(+40ms)[22m 
[2m11:25:51[22m   [34m├─[39m [2m/exams/irs-ci-special-agent-exam/index.html[22m [2m(+13ms)[22m 
[2m11:25:51[22m   [34m├─[39m [2m/exams/ice-officer-exam/index.html[22m [2m(+16ms)[22m 
[2m11:25:51[22m   [34m├─[39m [2m/exams/diplomatic-security-service-exam/index.html[22m [2m(+14ms)[22m 
[2m11:25:51[22m   [34m├─[39m [2m/exams/us-citizenship-immigration-officer-exam/index.html[22m [2m(+15ms)[22m 
[2m11:25:51[22m   [34m├─[39m [2m/exams/tsa-cbt/index.html[22m [2m(+19ms)[22m 
[2m11:25:51[22m   [34m├─[39m [2m/exams/tsa-ort/index.html[22m [2m(+30ms)[22m 
[2m11:25:51[22m   [34m├─[39m [2m/exams/atsa/index.html[22m [2m(+24ms)[22m 
[2m11:25:51[22m   [34m├─[39m [2m/exams/faa-air-traffic-controller/index.html[22m [2m(+46ms)[22m 
[2m11:25:51[22m   [34m├─[39m [2m/exams/federal-air-marshal-exam/index.html[22m [2m(+21ms)[22m 
[2m11:25:51[22m   [34m├─[39m [2m/exams/federal-protective-service-officer/index.html[22m [2m(+24ms)[22m 
[2m11:25:51[22m   [34m├─[39m [2m/exams/federal-capital-police-exam/index.html[22m [2m(+17ms)[22m 
[2m11:25:51[22m   [34m├─[39m [2m/exams/usahire-assessment/index.html[22m [2m(+23ms)[22m 
[2m11:25:51[22m   [34m├─[39m [2m/exams/nyc-dcas-exam/index.html[22m [2m(+28ms)[22m 
[2m11:25:51[22m   [34m├─[39m [2m/exams/nj-civil-service-exam/index.html[22m [2m(+15ms)[22m 
[2m11:25:51[22m   [34m├─[39m [2m/exams/state-civil-service-exams/index.html[22m [2m(+18ms)[22m 
[2m11:25:51[22m   [34m├─[39m [2m/exams/certified-public-manager/index.html[22m [2m(+25ms)[22m 
[2m11:25:51[22m   [34m├─[39m [2m/exams/icma-credentialed-manager/index.html[22m [2m(+28ms)[22m 
[2m11:25:51[22m   [34m├─[39m [2m/exams/nigp-cpp/index.html[22m [2m(+15ms)[22m 
[2m11:25:51[22m   [34m├─[39m [2m/exams/nigp-cppb/index.html[22m [2m(+15ms)[22m 
[2m11:25:51[22m   [34m├─[39m [2m/exams/nigp-cppo/index.html[22m [2m(+22ms)[22m 
[2m11:25:51[22m   [34m├─[39m [2m/exams/fac-c/index.html[22m [2m(+26ms)[22m 
[2m11:25:51[22m   [34m├─[39m [2m/exams/fac-cor/index.html[22m [2m(+17ms)[22m 
[2m11:25:51[22m   [34m├─[39m [2m/exams/fac-ppm/index.html[22m [2m(+18ms)[22m 
[2m11:25:51[22m   [34m├─[39m [2m/exams/dawia/index.html[22m [2m(+26ms)[22m 
[2m11:25:51[22m   [34m├─[39m [2m/exams/cfcm/index.html[22m [2m(+21ms)[22m 
[2m11:25:51[22m   [34m├─[39m [2m/exams/cpcm/index.html[22m [2m(+9ms)[22m 
[2m11:25:51[22m   [34m├─[39m [2m/exams/cccm/index.html[22m [2m(+16ms)[22m 
[2m11:25:51[22m   [34m├─[39m [2m/exams/icagile-agile-coaching/index.html[22m [2m(+28ms)[22m 
[2m11:25:51[22m   [34m├─[39m [2m/exams/icagile-agile-fundamentals/index.html[22m [2m(+18ms)[22m 
[2m11:25:51[22m   [34m├─[39m [2m/exams/icagile-agile-product-ownership/index.html[22m [2m(+17ms)[22m 
[2m11:25:51[22m   [34m├─[39m [2m/exams/icagile-agile-programming/index.html[22m [2m(+20ms)[22m 
[2m11:25:51[22m   [34m├─[39m [2m/exams/icagile-agile-team-facilitation/index.html[22m [2m(+25ms)[22m 
[2m11:25:51[22m   [34m├─[39m [2m/exams/icagile-expert-agile-coaching/index.html[22m [2m(+17ms)[22m 
[2m11:25:51[22m   [34m├─[39m [2m/exams/kanban-management-professional/index.html[22m [2m(+18ms)[22m 
[2m11:25:51[22m   [34m├─[39m [2m/exams/aipmm-certified-product-manager/index.html[22m [2m(+17ms)[22m 
[2m11:25:51[22m   [34m├─[39m [2m/exams/aipmm-certified-product-marketing-manager/index.html[22m [2m(+19ms)[22m 
[2m11:25:51[22m   [34m├─[39m [2m/exams/certified-less-practitioner/index.html[22m [2m(+20ms)[22m 
[2m11:25:52[22m   [34m├─[39m [2m/exams/pragmatic-institute-product-management-certification/index.html[22m [2m(+35ms)[22m 
[2m11:25:52[22m   [34m├─[39m [2m/exams/scrum-alliance-advanced-csm/index.html[22m [2m(+14ms)[22m 
[2m11:25:52[22m   [34m├─[39m [2m/exams/scrum-alliance-advanced-cspo/index.html[22m [2m(+17ms)[22m 
[2m11:25:52[22m   [34m├─[39m [2m/exams/scrum-alliance-certified-agile-leadership-1/index.html[22m [2m(+15ms)[22m 
[2m11:25:52[22m   [34m├─[39m [2m/exams/scrum-alliance-certified-agile-leadership-2/index.html[22m [2m(+28ms)[22m 
[2m11:25:52[22m   [34m├─[39m [2m/exams/scrum-alliance-certified-enterprise-coach/index.html[22m [2m(+19ms)[22m 
[2m11:25:52[22m   [34m├─[39m [2m/exams/scrum-alliance-certified-scrum-developer/index.html[22m [2m(+16ms)[22m 
[2m11:25:52[22m   [34m├─[39m [2m/exams/scrum-alliance-certified-scrum-product-owner/index.html[22m [2m(+51ms)[22m 
[2m11:25:52[22m   [34m├─[39m [2m/exams/scrum-alliance-certified-scrummaster/index.html[22m [2m(+17ms)[22m 
[2m11:25:52[22m   [34m├─[39m [2m/exams/scrum-alliance-certified-team-coach/index.html[22m [2m(+13ms)[22m 
[2m11:25:52[22m   [34m├─[39m [2m/exams/scrum-alliance-csp-po/index.html[22m [2m(+18ms)[22m 
[2m11:25:52[22m   [34m├─[39m [2m/exams/scrum-alliance-csp-sm/index.html[22m [2m(+17ms)[22m 
[2m11:25:52[22m   [34m├─[39m [2m/exams/scrum-org-pal-ebm/index.html[22m [2m(+18ms)[22m 
[2m11:25:52[22m   [34m├─[39m [2m/exams/scrum-org-pal-i/index.html[22m [2m(+17ms)[22m 
[2m11:25:52[22m   [34m├─[39m [2m/exams/scrum-org-ppdv/index.html[22m [2m(+47ms)[22m 
[2m11:25:52[22m   [34m├─[39m [2m/exams/scrum-org-psd/index.html[22m [2m(+20ms)[22m 
[2m11:25:52[22m   [34m├─[39m [2m/exams/scrum-org-psf-skills/index.html[22m [2m(+13ms)[22m 
[2m11:25:52[22m   [34m├─[39m [2m/exams/scrum-org-psk-i/index.html[22m [2m(+15ms)[22m 
[2m11:25:52[22m   [34m├─[39m [2m/exams/scrum-org-psm-i/index.html[22m [2m(+16ms)[22m 
[2m11:25:52[22m   [34m├─[39m [2m/exams/scrum-org-psm-ii/index.html[22m [2m(+19ms)[22m 
[2m11:25:52[22m   [34m├─[39m [2m/exams/scrum-org-psm-iii/index.html[22m [2m(+16ms)[22m 
[2m11:25:52[22m   [34m├─[39m [2m/exams/scrum-org-pspbm-skills/index.html[22m [2m(+24ms)[22m 
[2m11:25:52[22m   [34m├─[39m [2m/exams/scrum-org-pspo-i/index.html[22m [2m(+17ms)[22m 
[2m11:25:52[22m   [34m├─[39m [2m/exams/scrum-org-pspo-ii/index.html[22m [2m(+33ms)[22m 
[2m11:25:52[22m   [34m├─[39m [2m/exams/scrum-org-pspo-iii/index.html[22m [2m(+13ms)[22m 
[2m11:25:52[22m   [34m├─[39m [2m/exams/scrum-org-psu-i/index.html[22m [2m(+14ms)[22m 
[2m11:25:52[22m   [34m├─[39m [2m/exams/scrum-org-sps/index.html[22m [2m(+17ms)[22m 
[2m11:25:52[22m   [34m├─[39m [2m/exams/safe-advanced-practice-consultant/index.html[22m [2m(+31ms)[22m 
[2m11:25:52[22m   [34m├─[39m [2m/exams/safe-agile-product-manager/index.html[22m [2m(+17ms)[22m 
[2m11:25:52[22m   [34m├─[39m [2m/exams/safe-agile-software-engineer/index.html[22m [2m(+24ms)[22m 
[2m11:25:52[22m   [34m├─[39m [2m/exams/safe-agilist/index.html[22m [2m(+15ms)[22m 
[2m11:25:52[22m   [34m├─[39m [2m/exams/safe-architect/index.html[22m [2m(+27ms)[22m 
[2m11:25:52[22m   [34m├─[39m [2m/exams/safe-advanced-scrum-master/index.html[22m [2m(+15ms)[22m 
[2m11:25:52[22m   [34m├─[39m [2m/exams/safe-devops-practitioner/index.html[22m [2m(+18ms)[22m 
[2m11:25:52[22m   [34m├─[39m [2m/exams/safe-hardware-agilist/index.html[22m [2m(+22ms)[22m 
[2m11:25:52[22m   [34m├─[39m [2m/exams/safe-hardware-practitioner/index.html[22m [2m(+19ms)[22m 
[2m11:25:52[22m   [34m├─[39m [2m/exams/safe-lean-portfolio-management/index.html[22m [2m(+25ms)[22m 
[2m11:25:52[22m   [34m├─[39m [2m/exams/safe-practice-consultant/index.html[22m [2m(+16ms)[22m 
[2m11:25:52[22m   [34m├─[39m [2m/exams/safe-practice-consultant-trainer/index.html[22m [2m(+18ms)[22m 
[2m11:25:52[22m   [34m├─[39m [2m/exams/safe-practitioner/index.html[22m [2m(+23ms)[22m 
[2m11:25:52[22m   [34m├─[39m [2m/exams/safe-product-owner-product-manager/index.html[22m [2m(+26ms)[22m 
[2m11:25:52[22m   [34m├─[39m [2m/exams/safe-release-train-engineer/index.html[22m [2m(+19ms)[22m 
[2m11:25:52[22m   [34m├─[39m [2m/exams/safe-scrum-master/index.html[22m [2m(+16ms)[22m 
[2m11:25:52[22m   [34m├─[39m [2m/exams/team-kanban-practitioner/index.html[22m [2m(+20ms)[22m 
[2m11:25:52[22m   [34m├─[39m [2m/exams/business-architecture-guild-certified-business-architect/index.html[22m [2m(+20ms)[22m 
[2m11:25:52[22m   [34m├─[39m [2m/exams/iiba-aac/index.html[22m [2m(+16ms)[22m 
[2m11:25:52[22m   [34m├─[39m [2m/exams/iiba-cbap/index.html[22m [2m(+27ms)[22m 
[2m11:25:52[22m   [34m├─[39m [2m/exams/iiba-cbda/index.html[22m [2m(+25ms)[22m 
[2m11:25:53[22m   [34m├─[39m [2m/exams/iiba-cca/index.html[22m [2m(+27ms)[22m 
[2m11:25:53[22m   [34m├─[39m [2m/exams/iiba-ccba/index.html[22m [2m(+19ms)[22m 
[2m11:25:53[22m   [34m├─[39m [2m/exams/iiba-cpoa/index.html[22m [2m(+21ms)[22m 
[2m11:25:53[22m   [34m├─[39m [2m/exams/iiba-ecba/index.html[22m [2m(+14ms)[22m 
[2m11:25:53[22m   [34m├─[39m [2m/exams/informs-certified-analytics-professional/index.html[22m [2m(+18ms)[22m 
[2m11:25:53[22m   [34m├─[39m [2m/exams/ireb-cpre-advanced-level/index.html[22m [2m(+17ms)[22m 
[2m11:25:53[22m   [34m├─[39m [2m/exams/ireb-cpre-foundation-level/index.html[22m [2m(+27ms)[22m 
[2m11:25:53[22m   [34m├─[39m [2m/exams/imc-certified-management-consultant/index.html[22m [2m(+22ms)[22m 
[2m11:25:53[22m   [34m├─[39m [2m/exams/pmi-professional-in-business-analysis/index.html[22m [2m(+42ms)[22m 
[2m11:25:53[22m   [34m├─[39m [2m/exams/atd-associate-professional-talent-development/index.html[22m [2m(+19ms)[22m 
[2m11:25:53[22m   [34m├─[39m [2m/exams/atd-certified-professional-talent-development/index.html[22m [2m(+11ms)[22m 
[2m11:25:53[22m   [34m├─[39m [2m/exams/certified-benefits-professional/index.html[22m [2m(+12ms)[22m 
[2m11:25:53[22m   [34m├─[39m [2m/exams/certified-compensation-professional/index.html[22m [2m(+16ms)[22m 
[2m11:25:53[22m   [34m├─[39m [2m/exams/certified-diversity-executive/index.html[22m [2m(+17ms)[22m 
[2m11:25:53[22m   [34m├─[39m [2m/exams/certified-diversity-professional/index.html[22m [2m(+25ms)[22m 
[2m11:25:53[22m   [34m├─[39m [2m/exams/certified-employee-benefit-specialist/index.html[22m [2m(+21ms)[22m 
[2m11:25:53[22m   [34m├─[39m [2m/exams/certified-manager-icpm/index.html[22m [2m(+30ms)[22m 
[2m11:25:53[22m   [34m├─[39m [2m/exams/certified-payroll-professional/index.html[22m [2m(+15ms)[22m 
[2m11:25:53[22m   [34m├─[39m [2m/exams/compensation-management-specialist/index.html[22m [2m(+15ms)[22m 
[2m11:25:53[22m   [34m├─[39m [2m/exams/fundamental-payroll-certification/index.html[22m [2m(+16ms)[22m 
[2m11:25:53[22m   [34m├─[39m [2m/exams/global-remuneration-professional/index.html[22m [2m(+18ms)[22m 
[2m11:25:53[22m   [34m├─[39m [2m/exams/group-benefits-associate/index.html[22m [2m(+16ms)[22m 
[2m11:25:53[22m   [34m├─[39m [2m/exams/hci-strategic-hr-business-partner/index.html[22m [2m(+21ms)[22m 
[2m11:25:53[22m   [34m├─[39m [2m/exams/hci-talent-acquisition-strategist/index.html[22m [2m(+19ms)[22m 
[2m11:25:53[22m   [34m├─[39m [2m/exams/hrci-aphr/index.html[22m [2m(+44ms)[22m 
[2m11:25:53[22m   [34m├─[39m [2m/exams/hrci-aphri/index.html[22m [2m(+17ms)[22m 
[2m11:25:53[22m   [34m├─[39m [2m/exams/hrci-gphr/index.html[22m [2m(+15ms)[22m 
[2m11:25:53[22m   [34m├─[39m [2m/exams/hrci-phr/index.html[22m [2m(+11ms)[22m 
[2m11:25:53[22m   [34m├─[39m [2m/exams/hrci-phrca/index.html[22m [2m(+14ms)[22m 
[2m11:25:53[22m   [34m├─[39m [2m/exams/hrci-phri/index.html[22m [2m(+29ms)[22m 
[2m11:25:53[22m   [34m├─[39m [2m/exams/hrci-sphr/index.html[22m [2m(+16ms)[22m 
[2m11:25:53[22m   [34m├─[39m [2m/exams/hrci-sphri/index.html[22m [2m(+33ms)[22m 
[2m11:25:53[22m   [34m├─[39m [2m/exams/retirement-plans-associate/index.html[22m [2m(+33ms)[22m 
[2m11:25:53[22m   [34m├─[39m [2m/exams/shrm-cp/index.html[22m [2m(+15ms)[22m 
[2m11:25:53[22m   [34m├─[39m [2m/exams/shrm-inclusive-workplace-culture-specialty/index.html[22m [2m(+19ms)[22m 
[2m11:25:53[22m   [34m├─[39m [2m/exams/shrm-people-analytics-specialty/index.html[22m [2m(+13ms)[22m 
[2m11:25:53[22m   [34m├─[39m [2m/exams/shrm-scp/index.html[22m [2m(+19ms)[22m 
[2m11:25:53[22m   [34m├─[39m [2m/exams/shrm-talent-acquisition-specialty/index.html[22m [2m(+17ms)[22m 
[2m11:25:53[22m   [34m├─[39m [2m/exams/shrm-workplace-investigations-specialty/index.html[22m [2m(+30ms)[22m 
[2m11:25:53[22m   [34m├─[39m [2m/exams/worldatwork-certified-sales-compensation-professional/index.html[22m [2m(+39ms)[22m 
[2m11:25:53[22m   [34m├─[39m [2m/exams/worldatwork-work-life-certified-professional/index.html[22m [2m(+12ms)[22m 
[2m11:25:53[22m   [34m├─[39m [2m/exams/ama-professional-certified-marketer-content/index.html[22m [2m(+21ms)[22m 
[2m11:25:53[22m   [34m├─[39m [2m/exams/ama-professional-certified-marketer-digital/index.html[22m [2m(+22ms)[22m 
[2m11:25:53[22m   [34m├─[39m [2m/exams/ama-professional-certified-marketer-marketing-management/index.html[22m [2m(+79ms)[22m 
[2m11:25:53[22m   [34m├─[39m [2m/exams/advanced-certified-fund-raising-executive/index.html[22m [2m(+43ms)[22m 
[2m11:25:54[22m   [34m├─[39m [2m/exams/accredited-in-public-relations/index.html[22m [2m(+26ms)[22m 
[2m11:25:54[22m   [34m├─[39m [2m/exams/accredited-in-public-relations-military/index.html[22m [2m(+11ms)[22m 
[2m11:25:54[22m   [34m├─[39m [2m/exams/certified-association-executive/index.html[22m [2m(+11ms)[22m 
[2m11:25:54[22m   [34m├─[39m [2m/exams/certified-digital-marketing-professional/index.html[22m [2m(+10ms)[22m 
[2m11:25:54[22m   [34m├─[39m [2m/exams/certified-fund-raising-executive/index.html[22m [2m(+15ms)[22m 
[2m11:25:54[22m   [34m├─[39m [2m/exams/certified-inside-sales-professional/index.html[22m [2m(+19ms)[22m 
[2m11:25:54[22m   [34m├─[39m [2m/exams/certified-nonprofit-professional/index.html[22m [2m(+75ms)[22m 
[2m11:25:54[22m   [34m├─[39m [2m/exams/communication-management-professional/index.html[22m [2m(+17ms)[22m 
[2m11:25:54[22m   [34m├─[39m [2m/exams/google-analytics-certification/index.html[22m [2m(+16ms)[22m 
[2m11:25:54[22m   [34m├─[39m [2m/exams/hubspot-content-marketing-certification/index.html[22m [2m(+14ms)[22m 
[2m11:25:54[22m   [34m├─[39m [2m/exams/hubspot-inbound-marketing-certification/index.html[22m [2m(+21ms)[22m 
[2m11:25:54[22m   [34m├─[39m [2m/exams/nasp-certified-professional-sales-person/index.html[22m [2m(+31ms)[22m 
[2m11:25:54[22m   [34m├─[39m [2m/exams/nasp-certified-sales-professional/index.html[22m [2m(+37ms)[22m 
[2m11:25:54[22m   [34m├─[39m [2m/exams/omcp-digital-marketing-certification/index.html[22m [2m(+18ms)[22m 
[2m11:25:54[22m   [34m├─[39m [2m/exams/strategic-communication-management-professional/index.html[22m [2m(+26ms)[22m 
[2m11:25:54[22m   [34m├─[39m [2m/exams/aace-certified-cost-professional/index.html[22m [2m(+16ms)[22m 
[2m11:25:54[22m   [34m├─[39m [2m/exams/aace-certified-cost-technician/index.html[22m [2m(+18ms)[22m 
[2m11:25:54[22m   [34m├─[39m [2m/exams/aace-certified-estimating-professional/index.html[22m [2m(+19ms)[22m 
[2m11:25:54[22m   [34m├─[39m [2m/exams/aace-certified-scheduling-technician/index.html[22m [2m(+51ms)[22m 
[2m11:25:54[22m   [34m├─[39m [2m/exams/aace-decision-and-risk-management-professional/index.html[22m [2m(+19ms)[22m 
[2m11:25:54[22m   [34m├─[39m [2m/exams/aace-earned-value-professional/index.html[22m [2m(+15ms)[22m 
[2m11:25:54[22m   [34m├─[39m [2m/exams/aace-planning-and-scheduling-professional/index.html[22m [2m(+15ms)[22m 
[2m11:25:54[22m   [34m├─[39m [2m/exams/aic-certified-associate-constructor/index.html[22m [2m(+16ms)[22m 
[2m11:25:54[22m   [34m├─[39m [2m/exams/aic-certified-professional-constructor/index.html[22m [2m(+17ms)[22m 
[2m11:25:54[22m   [34m├─[39m [2m/exams/cmaa-certified-construction-manager/index.html[22m [2m(+21ms)[22m 
[2m11:25:54[22m   [34m├─[39m [2m/exams/cmaa-construction-manager-in-training/index.html[22m [2m(+51ms)[22m 
[2m11:25:54[22m   [34m├─[39m [2m/exams/disciplined-agile-foundations/index.html[22m [2m(+16ms)[22m 
[2m11:25:54[22m   [34m├─[39m [2m/exams/disciplined-agile-leadership/index.html[22m [2m(+18ms)[22m 
[2m11:25:54[22m   [34m├─[39m [2m/exams/gpm-b-green-project-manager/index.html[22m [2m(+18ms)[22m 
[2m11:25:54[22m   [34m├─[39m [2m/exams/ipma-level-a/index.html[22m [2m(+17ms)[22m 
[2m11:25:54[22m   [34m├─[39m [2m/exams/ipma-level-b/index.html[22m [2m(+25ms)[22m 
[2m11:25:54[22m   [34m├─[39m [2m/exams/ipma-level-c/index.html[22m [2m(+19ms)[22m 
[2m11:25:54[22m   [34m├─[39m [2m/exams/ipma-level-d/index.html[22m [2m(+22ms)[22m 
[2m11:25:54[22m   [34m├─[39m [2m/exams/msp-foundation/index.html[22m [2m(+20ms)[22m 
[2m11:25:54[22m   [34m├─[39m [2m/exams/msp-practitioner/index.html[22m [2m(+17ms)[22m 
[2m11:25:54[22m   [34m├─[39m [2m/exams/pmi-capm/index.html[22m [2m(+16ms)[22m 
[2m11:25:54[22m   [34m├─[39m [2m/exams/pmi-citizen-developer-practitioner/index.html[22m [2m(+8ms)[22m 
[2m11:25:54[22m   [34m├─[39m [2m/exams/pmi-cpmai/index.html[22m [2m(+29ms)[22m 
[2m11:25:54[22m   [34m├─[39m [2m/exams/pmi-construction-professional/index.html[22m [2m(+12ms)[22m 
[2m11:25:54[22m   [34m├─[39m [2m/exams/pmi-pgmp/index.html[22m [2m(+26ms)[22m 
[2m11:25:54[22m   [34m├─[39m [2m/exams/pmi-pfmp/index.html[22m [2m(+21ms)[22m 
[2m11:25:54[22m   [34m├─[39m [2m/exams/pmi-pmocp/index.html[22m [2m(+16ms)[22m 
[2m11:25:54[22m   [34m├─[39m [2m/exams/pmi-pmp/index.html[22m [2m(+16ms)[22m 
[2m11:25:54[22m   [34m├─[39m [2m/exams/pmi-risk-management-professional/index.html[22m [2m(+15ms)[22m 
[2m11:25:54[22m   [34m├─[39m [2m/exams/pmi-scheduling-professional/index.html[22m [2m(+22ms)[22m 
[2m11:25:54[22m   [34m├─[39m [2m/exams/pmi-acp/index.html[22m [2m(+50ms)[22m 
[2m11:25:55[22m   [34m├─[39m [2m/exams/pmi-certified-sustainable-project-professional/index.html[22m [2m(+28ms)[22m 
[2m11:25:55[22m   [34m├─[39m [2m/exams/prince2-agile-foundation/index.html[22m [2m(+14ms)[22m 
[2m11:25:55[22m   [34m├─[39m [2m/exams/prince2-agile-practitioner/index.html[22m [2m(+19ms)[22m 
[2m11:25:55[22m   [34m├─[39m [2m/exams/prince2-foundation/index.html[22m [2m(+15ms)[22m 
[2m11:25:55[22m   [34m├─[39m [2m/exams/prince2-practitioner/index.html[22m [2m(+17ms)[22m 
[2m11:25:55[22m   [34m├─[39m [2m/exams/project-dpro/index.html[22m [2m(+16ms)[22m 
[2m11:25:55[22m   [34m├─[39m [2m/exams/asq-certified-calibration-technician/index.html[22m [2m(+38ms)[22m 
[2m11:25:55[22m   [34m├─[39m [2m/exams/asq-certified-construction-quality-manager/index.html[22m [2m(+31ms)[22m 
[2m11:25:55[22m   [34m├─[39m [2m/exams/asq-certified-food-safety-and-quality-auditor/index.html[22m [2m(+14ms)[22m 
[2m11:25:55[22m   [34m├─[39m [2m/exams/asq-certified-manager-of-quality/index.html[22m [2m(+10ms)[22m 
[2m11:25:55[22m   [34m├─[39m [2m/exams/asq-certified-master-black-belt/index.html[22m [2m(+15ms)[22m 
[2m11:25:55[22m   [34m├─[39m [2m/exams/asq-certified-medical-device-auditor/index.html[22m [2m(+17ms)[22m 
[2m11:25:55[22m   [34m├─[39m [2m/exams/asq-certified-pharmaceutical-gmp-professional/index.html[22m [2m(+15ms)[22m 
[2m11:25:55[22m   [34m├─[39m [2m/exams/asq-certified-quality-auditor/index.html[22m [2m(+27ms)[22m 
[2m11:25:55[22m   [34m├─[39m [2m/exams/asq-certified-quality-engineer/index.html[22m [2m(+24ms)[22m 
[2m11:25:55[22m   [34m├─[39m [2m/exams/asq-certified-quality-improvement-associate/index.html[22m [2m(+29ms)[22m 
[2m11:25:55[22m   [34m├─[39m [2m/exams/asq-certified-quality-inspector/index.html[22m [2m(+17ms)[22m 
[2m11:25:55[22m   [34m├─[39m [2m/exams/asq-certified-quality-process-analyst/index.html[22m [2m(+15ms)[22m 
[2m11:25:55[22m   [34m├─[39m [2m/exams/asq-certified-quality-technician/index.html[22m [2m(+14ms)[22m 
[2m11:25:55[22m   [34m├─[39m [2m/exams/asq-certified-reliability-engineer/index.html[22m [2m(+16ms)[22m 
[2m11:25:55[22m   [34m├─[39m [2m/exams/asq-certified-six-sigma-black-belt/index.html[22m [2m(+20ms)[22m 
[2m11:25:55[22m   [34m├─[39m [2m/exams/asq-certified-six-sigma-green-belt/index.html[22m [2m(+49ms)[22m 
[2m11:25:55[22m   [34m├─[39m [2m/exams/asq-certified-six-sigma-yellow-belt/index.html[22m [2m(+23ms)[22m 
[2m11:25:55[22m   [34m├─[39m [2m/exams/asq-certified-software-quality-engineer/index.html[22m [2m(+27ms)[22m 
[2m11:25:55[22m   [34m├─[39m [2m/exams/asq-certified-supplier-quality-professional/index.html[22m [2m(+15ms)[22m 
[2m11:25:55[22m   [34m├─[39m [2m/exams/csscouncil-lean-six-sigma-master-black-belt/index.html[22m [2m(+18ms)[22m 
[2m11:25:55[22m   [34m├─[39m [2m/exams/exemplar-global-iso-9001-lead-auditor/index.html[22m [2m(+15ms)[22m 
[2m11:25:55[22m   [34m├─[39m [2m/exams/iassc-certified-black-belt/index.html[22m [2m(+41ms)[22m 
[2m11:25:55[22m   [34m├─[39m [2m/exams/iassc-certified-green-belt/index.html[22m [2m(+27ms)[22m 
[2m11:25:55[22m   [34m├─[39m [2m/exams/iassc-certified-yellow-belt/index.html[22m [2m(+18ms)[22m 
[2m11:25:55[22m   [34m├─[39m [2m/exams/bomi-facilities-management-administrator/index.html[22m [2m(+21ms)[22m 
[2m11:25:55[22m   [34m├─[39m [2m/exams/bomi-real-property-administrator/index.html[22m [2m(+23ms)[22m 
[2m11:25:55[22m   [34m├─[39m [2m/exams/bomi-systems-maintenance-administrator/index.html[22m [2m(+19ms)[22m 
[2m11:25:55[22m   [34m├─[39m [2m/exams/bomi-systems-maintenance-technician/index.html[22m [2m(+20ms)[22m 
[2m11:25:55[22m   [34m├─[39m [2m/exams/cai-association-management-specialist/index.html[22m [2m(+29ms)[22m 
[2m11:25:55[22m   [34m├─[39m [2m/exams/cai-professional-community-association-manager/index.html[22m [2m(+32ms)[22m 
[2m11:25:55[22m   [34m├─[39m [2m/exams/camicb-certified-manager-of-community-associations/index.html[22m [2m(+18ms)[22m 
[2m11:25:55[22m   [34m├─[39m [2m/exams/ccim-designation/index.html[22m [2m(+22ms)[22m 
[2m11:25:55[22m   [34m├─[39m [2m/exams/ifma-certified-facility-manager/index.html[22m [2m(+28ms)[22m 
[2m11:25:55[22m   [34m├─[39m [2m/exams/ifma-facility-management-professional/index.html[22m [2m(+24ms)[22m 
[2m11:25:55[22m   [34m├─[39m [2m/exams/ifma-sustainability-facility-professional/index.html[22m [2m(+20ms)[22m 
[2m11:25:55[22m   [34m├─[39m [2m/exams/irem-accredited-commercial-manager/index.html[22m [2m(+42ms)[22m 
[2m11:25:55[22m   [34m├─[39m [2m/exams/irem-accredited-residential-manager/index.html[22m [2m(+16ms)[22m 
[2m11:25:55[22m   [34m├─[39m [2m/exams/irem-certified-property-manager/index.html[22m [2m(+17ms)[22m 
[2m11:25:56[22m   [34m├─[39m [2m/exams/naa-certificate-apartment-maintenance-technicians/index.html[22m [2m(+12ms)[22m 
[2m11:25:56[22m   [34m├─[39m [2m/exams/naa-certified-apartment-manager/index.html[22m [2m(+12ms)[22m 
[2m11:25:56[22m   [34m├─[39m [2m/exams/naa-certified-apartment-portfolio-supervisor/index.html[22m [2m(+14ms)[22m 
[2m11:25:56[22m   [34m├─[39m [2m/exams/naa-certified-apartment-supplier/index.html[22m [2m(+32ms)[22m 
[2m11:25:56[22m   [34m├─[39m [2m/exams/naa-national-apartment-leasing-professional/index.html[22m [2m(+46ms)[22m 
[2m11:25:56[22m   [34m├─[39m [2m/exams/nar-accredited-buyers-representative/index.html[22m [2m(+9ms)[22m 
[2m11:25:56[22m   [34m├─[39m [2m/exams/nar-at-home-with-diversity/index.html[22m [2m(+12ms)[22m 
[2m11:25:56[22m   [34m├─[39m [2m/exams/nar-certified-international-property-specialist/index.html[22m [2m(+14ms)[22m 
[2m11:25:56[22m   [34m├─[39m [2m/exams/nar-certified-real-estate-brokerage-manager/index.html[22m [2m(+15ms)[22m 
[2m11:25:56[22m   [34m├─[39m [2m/exams/nar-certified-residential-specialist/index.html[22m [2m(+15ms)[22m 
[2m11:25:56[22m   [34m├─[39m [2m/exams/nar-e-pro-certification/index.html[22m [2m(+25ms)[22m 
[2m11:25:56[22m   [34m├─[39m [2m/exams/nar-graduate-realtor-institute/index.html[22m [2m(+52ms)[22m 
[2m11:25:56[22m   [34m├─[39m [2m/exams/nar-military-relocation-professional/index.html[22m [2m(+27ms)[22m 
[2m11:25:56[22m   [34m├─[39m [2m/exams/nar-pricing-strategy-advisor/index.html[22m [2m(+20ms)[22m 
[2m11:25:56[22m   [34m├─[39m [2m/exams/nar-real-estate-negotiation-expert/index.html[22m [2m(+12ms)[22m 
[2m11:25:56[22m   [34m├─[39m [2m/exams/nar-resort-and-second-home-property-specialist/index.html[22m [2m(+14ms)[22m 
[2m11:25:56[22m   [34m├─[39m [2m/exams/nar-seniors-real-estate-specialist/index.html[22m [2m(+15ms)[22m 
[2m11:25:56[22m   [34m├─[39m [2m/exams/sior-designation/index.html[22m [2m(+19ms)[22m 
[2m11:25:56[22m   [34m├─[39m [2m/exams/american-purchasing-society-certified-purchasing-professional/index.html[22m [2m(+58ms)[22m 
[2m11:25:56[22m   [34m├─[39m [2m/exams/american-purchasing-society-certified-professional-purchasing-manager/index.html[22m [2m(+60ms)[22m 
[2m11:25:56[22m   [34m├─[39m [2m/exams/ascm-cltd/index.html[22m [2m(+35ms)[22m 
[2m11:25:56[22m   [34m├─[39m [2m/exams/ascm-cpim/index.html[22m [2m(+32ms)[22m 
[2m11:25:56[22m   [34m├─[39m [2m/exams/ascm-cscp/index.html[22m [2m(+36ms)[22m 
[2m11:25:56[22m   [34m├─[39m [2m/exams/ascm-ctsc/index.html[22m [2m(+34ms)[22m 
[2m11:25:56[22m   [34m├─[39m [2m/exams/ascm-supply-chain-planning-certificate/index.html[22m [2m(+36ms)[22m 
[2m11:25:56[22m   [34m├─[39m [2m/exams/ascm-supply-chain-procurement-certificate/index.html[22m [2m(+38ms)[22m 
[2m11:25:56[22m   [34m├─[39m [2m/exams/ascm-supply-chain-warehousing-certificate/index.html[22m [2m(+38ms)[22m 
[2m11:25:56[22m   [34m├─[39m [2m/exams/cscmp-scpro-level-one/index.html[22m [2m(+35ms)[22m 
[2m11:25:56[22m   [34m├─[39m [2m/exams/cscmp-scpro-level-three/index.html[22m [2m(+34ms)[22m 
[2m11:25:56[22m   [34m├─[39m [2m/exams/cscmp-scpro-level-two/index.html[22m [2m(+38ms)[22m 
[2m11:25:56[22m   [34m├─[39m [2m/exams/ism-cpsd/index.html[22m [2m(+34ms)[22m 
[2m11:25:56[22m   [34m├─[39m [2m/exams/ism-cpsm/index.html[22m [2m(+39ms)[22m 
[2m11:25:56[22m   [34m├─[39m [2m/exams/mssc-certified-production-technician/index.html[22m [2m(+35ms)[22m 
[2m11:25:56[22m   [34m├─[39m [2m/exams/ntn-frontline-national/index.html[22m [2m(+37ms)[22m 
[2m11:25:56[22m   [34m├─[39m [2m/exams/ntn-corrections/index.html[22m [2m(+33ms)[22m 
[2m11:25:57[22m   [34m├─[39m [2m/exams/ntn-dispatch-ecomm/index.html[22m [2m(+39ms)[22m 
[2m11:25:57[22m   [34m├─[39m [2m/exams/pelletb/index.html[22m [2m(+35ms)[22m 
[2m11:25:57[22m   [34m├─[39m [2m/exams/cjbat/index.html[22m [2m(+36ms)[22m 
[2m11:25:57[22m   [34m├─[39m [2m/exams/mpoetc/index.html[22m [2m(+35ms)[22m 
[2m11:25:57[22m   [34m├─[39m [2m/exams/nypd-police-officer-exam/index.html[22m [2m(+38ms)[22m 
[2m11:25:57[22m   [34m├─[39m [2m/exams/lapd-patb/index.html[22m [2m(+34ms)[22m 
[2m11:25:57[22m   [34m├─[39m [2m/exams/texas-tcole/index.html[22m [2m(+33ms)[22m 
[2m11:25:57[22m   [34m├─[39m [2m/exams/illinois-power-test/index.html[22m [2m(+35ms)[22m 
[2m11:25:57[22m   [34m├─[39m [2m/exams/post-entry-level/index.html[22m [2m(+34ms)[22m 
[2m11:25:57[22m   [34m├─[39m [2m/exams/nelson-denny/index.html[22m [2m(+42ms)[22m 
[2m11:25:57[22m   [34m├─[39m [2m/exams/police-polygraph-phq/index.html[22m [2m(+37ms)[22m 
[2m11:25:57[22m   [34m├─[39m [2m/exams/law-enforcement-pat/index.html[22m [2m(+34ms)[22m 
[2m11:25:57[22m   [34m├─[39m [2m/exams/state-trooper-entrance-exam/index.html[22m [2m(+42ms)[22m 
[2m11:25:57[22m   [34m├─[39m [2m/exams/sheriff-deputy-exam/index.html[22m [2m(+36ms)[22m 
[2m11:25:57[22m   [34m├─[39m [2m/exams/bpad-video-test/index.html[22m [2m(+35ms)[22m 
[2m11:25:57[22m   [34m├─[39m [2m/exams/cpat/index.html[22m [2m(+35ms)[22m 
[2m11:25:57[22m   [34m├─[39m [2m/exams/fireteam/index.html[22m [2m(+37ms)[22m 
[2m11:25:57[22m   [34m├─[39m [2m/exams/nfsi/index.html[22m [2m(+35ms)[22m 
[2m11:25:57[22m   [34m├─[39m [2m/exams/ifsac-firefighter-i/index.html[22m [2m(+35ms)[22m 
[2m11:25:57[22m   [34m├─[39m [2m/exams/ifsac-firefighter-ii/index.html[22m [2m(+45ms)[22m 
[2m11:25:57[22m   [34m├─[39m [2m/exams/pro-board-firefighter-i/index.html[22m [2m(+34ms)[22m 
[2m11:25:57[22m   [34m├─[39m [2m/exams/pro-board-firefighter-ii/index.html[22m [2m(+35ms)[22m 
[2m11:25:57[22m   [34m├─[39m [2m/exams/fire-officer-i/index.html[22m [2m(+36ms)[22m 
[2m11:25:57[22m   [34m├─[39m [2m/exams/fire-officer-ii/index.html[22m [2m(+34ms)[22m 
[2m11:25:57[22m   [34m├─[39m [2m/exams/fire-officer-iii/index.html[22m [2m(+33ms)[22m 
[2m11:25:57[22m   [34m├─[39m [2m/exams/fire-officer-iv/index.html[22m [2m(+38ms)[22m 
[2m11:25:57[22m   [34m├─[39m [2m/exams/fire-instructor-i/index.html[22m [2m(+36ms)[22m 
[2m11:25:58[22m   [34m├─[39m [2m/exams/fire-instructor-ii/index.html[22m [2m(+36ms)[22m 
[2m11:25:58[22m   [34m├─[39m [2m/exams/fire-instructor-iii/index.html[22m [2m(+37ms)[22m 
[2m11:25:58[22m   [34m├─[39m [2m/exams/fire-inspector-i/index.html[22m [2m(+40ms)[22m 
[2m11:25:58[22m   [34m├─[39m [2m/exams/fire-inspector-ii/index.html[22m [2m(+33ms)[22m 
[2m11:25:58[22m   [34m├─[39m [2m/exams/fire-investigator/index.html[22m [2m(+33ms)[22m 
[2m11:25:58[22m   [34m├─[39m [2m/exams/driver-operator-pumper/index.html[22m [2m(+37ms)[22m 
[2m11:25:58[22m   [34m├─[39m [2m/exams/driver-operator-aerial/index.html[22m [2m(+35ms)[22m 
[2m11:25:58[22m   [34m├─[39m [2m/exams/hazmat-awareness/index.html[22m [2m(+37ms)[22m 
[2m11:25:58[22m   [34m├─[39m [2m/exams/hazmat-operations/index.html[22m [2m(+34ms)[22m 
[2m11:25:58[22m   [34m├─[39m [2m/exams/hazmat-technician/index.html[22m [2m(+39ms)[22m 
[2m11:25:58[22m   [34m├─[39m [2m/exams/hazmat-incident-commander/index.html[22m [2m(+35ms)[22m 
[2m11:25:58[22m   [34m├─[39m [2m/exams/rescue-technician-rope/index.html[22m [2m(+38ms)[22m 
[2m11:25:58[22m   [34m├─[39m [2m/exams/rescue-technician-confined-space/index.html[22m [2m(+39ms)[22m 
[2m11:25:58[22m   [34m├─[39m [2m/exams/rescue-technician-trench/index.html[22m [2m(+37ms)[22m 
[2m11:25:58[22m   [34m├─[39m [2m/exams/rescue-technician-structural-collapse/index.html[22m [2m(+36ms)[22m 
[2m11:25:58[22m   [34m├─[39m [2m/exams/rescue-technician-vehicle/index.html[22m [2m(+34ms)[22m 
[2m11:25:58[22m   [34m├─[39m [2m/exams/rescue-technician-water/index.html[22m [2m(+37ms)[22m 
[2m11:25:58[22m   [34m├─[39m [2m/exams/rescue-technician-wilderness/index.html[22m [2m(+37ms)[22m 
[2m11:25:58[22m   [34m├─[39m [2m/exams/airport-firefighter/index.html[22m [2m(+38ms)[22m 
[2m11:25:58[22m   [34m├─[39m [2m/exams/wildland-s130/index.html[22m [2m(+35ms)[22m 
[2m11:25:58[22m   [34m├─[39m [2m/exams/wildland-s190/index.html[22m [2m(+45ms)[22m 
[2m11:25:58[22m   [34m├─[39m [2m/exams/wildland-fft2/index.html[22m [2m(+58ms)[22m 
[2m11:25:58[22m   [34m├─[39m [2m/exams/wildland-fft1/index.html[22m [2m(+48ms)[22m 
[2m11:25:58[22m   [34m├─[39m [2m/exams/wildland-ict5/index.html[22m [2m(+36ms)[22m 
[2m11:25:58[22m   [34m├─[39m [2m/exams/wildland-red-card-pack-test/index.html[22m [2m(+33ms)[22m 
[2m11:25:58[22m   [34m├─[39m [2m/exams/nfpa-cfps/index.html[22m [2m(+35ms)[22m 
[2m11:25:59[22m   [34m├─[39m [2m/exams/nfpa-cfpe/index.html[22m [2m(+38ms)[22m 
[2m11:25:59[22m   [34m├─[39m [2m/exams/nfpa-cfi-i/index.html[22m [2m(+47ms)[22m 
[2m11:25:59[22m   [34m├─[39m [2m/exams/nfpa-cfi-ii/index.html[22m [2m(+43ms)[22m 
[2m11:25:59[22m   [34m├─[39m [2m/exams/iaem-cem/index.html[22m [2m(+46ms)[22m 
[2m11:25:59[22m   [34m├─[39m [2m/exams/iaem-aem/index.html[22m [2m(+36ms)[22m 
[2m11:25:59[22m   [34m├─[39m [2m/exams/fema-is-courses/index.html[22m [2m(+38ms)[22m 
[2m11:25:59[22m   [34m├─[39m [2m/exams/fema-professional-development-series/index.html[22m [2m(+40ms)[22m 
[2m11:25:59[22m   [34m├─[39m [2m/exams/nims-ics-100/index.html[22m [2m(+37ms)[22m 
[2m11:25:59[22m   [34m├─[39m [2m/exams/nims-ics-200/index.html[22m [2m(+40ms)[22m 
[2m11:25:59[22m   [34m├─[39m [2m/exams/nims-ics-300/index.html[22m [2m(+37ms)[22m 
[2m11:25:59[22m   [34m├─[39m [2m/exams/nims-ics-400/index.html[22m [2m(+37ms)[22m 
[2m11:25:59[22m   [34m├─[39m [2m/exams/nims-ics-700/index.html[22m [2m(+33ms)[22m 
[2m11:25:59[22m   [34m├─[39m [2m/exams/nims-ics-800/index.html[22m [2m(+33ms)[22m 
[2m11:25:59[22m   [34m├─[39m [2m/exams/nena-enp/index.html[22m [2m(+41ms)[22m 
[2m11:25:59[22m   [34m├─[39m [2m/exams/apco-pst1/index.html[22m [2m(+36ms)[22m 
[2m11:25:59[22m   [34m├─[39m [2m/exams/iaed-emd/index.html[22m [2m(+36ms)[22m 
[2m11:25:59[22m   [34m├─[39m [2m/exams/iaed-efd/index.html[22m [2m(+36ms)[22m 
[2m11:25:59[22m   [34m├─[39m [2m/exams/iaed-epd/index.html[22m [2m(+38ms)[22m 
[2m11:25:59[22m   [34m├─[39m [2m/exams/critica-call/index.html[22m [2m(+32ms)[22m 
[2m11:25:59[22m   [34m├─[39m [2m/exams/corrections-officer-entrance-exam/index.html[22m [2m(+35ms)[22m 
[2m11:25:59[22m   [34m├─[39m [2m/exams/aca-cco/index.html[22m [2m(+36ms)[22m 
[2m11:25:59[22m   [34m├─[39m [2m/exams/aca-ccm/index.html[22m [2m(+34ms)[22m 
[2m11:25:59[22m   [34m├─[39m [2m/exams/aca-cce/index.html[22m [2m(+43ms)[22m 
[2m11:25:59[22m   [34m├─[39m [2m/exams/certified-jail-officer/index.html[22m [2m(+38ms)[22m 
[2m11:25:59[22m   [34m├─[39m [2m/exams/probation-parole-officer-exam/index.html[22m [2m(+36ms)[22m 
[2m11:25:59[22m   [34m├─[39m [2m/exams/juvenile-detention-officer-exam/index.html[22m [2m(+44ms)[22m 
[2m11:25:59[22m   [34m├─[39m [2m/exams/cpp/index.html[22m [2m(+51ms)[22m 
[2m11:26:00[22m   [34m├─[39m [2m/exams/psp/index.html[22m [2m(+38ms)[22m 
[2m11:26:00[22m   [34m├─[39m [2m/exams/pci/index.html[22m [2m(+33ms)[22m 
[2m11:26:00[22m   [34m├─[39m [2m/exams/certified-protection-officer/index.html[22m [2m(+38ms)[22m 
[2m11:26:00[22m   [34m├─[39m [2m/exams/certified-security-supervisor/index.html[22m [2m(+37ms)[22m 
[2m11:26:00[22m   [34m├─[39m [2m/exams/sped-sfpc/index.html[22m [2m(+36ms)[22m 
[2m11:26:00[22m   [34m├─[39m [2m/exams/sped-psc/index.html[22m [2m(+47ms)[22m 
[2m11:26:00[22m   [34m├─[39m [2m/exams/sped-isoc/index.html[22m [2m(+36ms)[22m 
[2m11:26:00[22m   [34m├─[39m [2m/exams/sped-sappc/index.html[22m [2m(+52ms)[22m 
[2m11:26:00[22m   [34m├─[39m [2m/exams/antiterrorism-officer/index.html[22m [2m(+31ms)[22m 
[2m11:26:00[22m   [34m├─[39m [2m/exams/opsec-professional/index.html[22m [2m(+33ms)[22m 
[2m11:26:00[22m   [34m├─[39m [2m/exams/dod-skillbridge/index.html[22m [2m(+35ms)[22m 
[2m11:26:00[22m   [34m├─[39m [2m/exams/construction-health-safety-technician/index.html[22m [2m(+38ms)[22m 
[2m11:26:00[22m   [34m├─[39m [2m/exams/astb/index.html[22m [2m(+36ms)[22m 
[2m11:26:00[22m   [34m├─[39m [2m/exams/aha-asbestos-air-sampling-niosh-582/index.html[22m [2m(+45ms)[22m 
[2m11:26:00[22m   [34m├─[39m [2m/exams/ahera-asbestos-inspector/index.html[22m [2m(+37ms)[22m 
[2m11:26:00[22m   [34m├─[39m [2m/exams/ahera-asbestos-management-planner/index.html[22m [2m(+39ms)[22m 
[2m11:26:00[22m   [34m├─[39m [2m/exams/ahera-asbestos-project-designer/index.html[22m [2m(+39ms)[22m 
[2m11:26:00[22m   [34m├─[39m [2m/exams/ahera-asbestos-supervisor/index.html[22m [2m(+34ms)[22m 
[2m11:26:00[22m   [34m├─[39m [2m/exams/ahera-asbestos-worker/index.html[22m [2m(+35ms)[22m 
[2m11:26:00[22m   [34m├─[39m [2m/exams/acac-council-certified-indoor-environmental-consultant/index.html[22m [2m(+42ms)[22m 
[2m11:26:00[22m   [34m├─[39m [2m/exams/acac-council-certified-indoor-environmentalist/index.html[22m [2m(+34ms)[22m 
[2m11:26:00[22m   [34m├─[39m [2m/exams/acac-council-certified-microbial-consultant/index.html[22m [2m(+34ms)[22m 
[2m11:26:00[22m   [34m├─[39m [2m/exams/acac-council-certified-microbial-investigator/index.html[22m [2m(+40ms)[22m 
[2m11:26:00[22m   [34m├─[39m [2m/exams/ast-operator-training/index.html[22m [2m(+35ms)[22m 
[2m11:26:00[22m   [34m├─[39m [2m/exams/epa-brownfields-job-training/index.html[22m [2m(+36ms)[22m 
[2m11:26:00[22m   [34m├─[39m [2m/exams/epa-lead-abatement-project-designer/index.html[22m [2m(+39ms)[22m 
[2m11:26:01[22m   [34m├─[39m [2m/exams/epa-lead-abatement-supervisor/index.html[22m [2m(+33ms)[22m 
[2m11:26:01[22m   [34m├─[39m [2m/exams/epa-lead-abatement-worker/index.html[22m [2m(+40ms)[22m 
[2m11:26:01[22m   [34m├─[39m [2m/exams/epa-lead-dust-sampling-technician/index.html[22m [2m(+38ms)[22m 
[2m11:26:01[22m   [34m├─[39m [2m/exams/epa-lead-inspector/index.html[22m [2m(+41ms)[22m 
[2m11:26:01[22m   [34m├─[39m [2m/exams/epa-lead-renovator-rrp/index.html[22m [2m(+35ms)[22m 
[2m11:26:01[22m   [34m├─[39m [2m/exams/epa-lead-risk-assessor/index.html[22m [2m(+36ms)[22m 
[2m11:26:01[22m   [34m├─[39m [2m/exams/iicrc-applied-microbial-remediation-technician/index.html[22m [2m(+38ms)[22m 
[2m11:26:01[22m   [34m├─[39m [2m/exams/iicrc-water-damage-restoration-technician/index.html[22m [2m(+41ms)[22m 
[2m11:26:01[22m   [34m├─[39m [2m/exams/normi-certified-mold-assessor/index.html[22m [2m(+37ms)[22m 
[2m11:26:01[22m   [34m├─[39m [2m/exams/normi-certified-mold-remediator/index.html[22m [2m(+34ms)[22m 
[2m11:26:01[22m   [34m├─[39m [2m/exams/nrpp-radon-measurement-field-technician/index.html[22m [2m(+37ms)[22m 
[2m11:26:01[22m   [34m├─[39m [2m/exams/nrpp-radon-measurement-professional/index.html[22m [2m(+38ms)[22m 
[2m11:26:01[22m   [34m├─[39m [2m/exams/nrpp-radon-mitigation-installer/index.html[22m [2m(+37ms)[22m 
[2m11:26:01[22m   [34m├─[39m [2m/exams/nrpp-radon-mitigation-specialist/index.html[22m [2m(+35ms)[22m 
[2m11:26:01[22m   [34m├─[39m [2m/exams/nrsb-radon-measurement-specialist/index.html[22m [2m(+37ms)[22m 
[2m11:26:01[22m   [34m├─[39m [2m/exams/nrsb-radon-mitigation-specialist/index.html[22m [2m(+38ms)[22m 
[2m11:26:01[22m   [34m├─[39m [2m/exams/phase-one-esa-environmental-professional/index.html[22m [2m(+39ms)[22m 
[2m11:26:01[22m   [34m├─[39m [2m/exams/ust-class-a-operator/index.html[22m [2m(+39ms)[22m 
[2m11:26:01[22m   [34m├─[39m [2m/exams/ust-class-b-operator/index.html[22m [2m(+43ms)[22m 
[2m11:26:01[22m   [34m├─[39m [2m/exams/ust-class-c-operator/index.html[22m [2m(+39ms)[22m 
[2m11:26:01[22m   [34m├─[39m [2m/exams/aerial-lift-operator-certification/index.html[22m [2m(+36ms)[22m 
[2m11:26:01[22m   [34m├─[39m [2m/exams/bloodborne-pathogens-training/index.html[22m [2m(+33ms)[22m 
[2m11:26:01[22m   [34m├─[39m [2m/exams/confined-space-entry-training/index.html[22m [2m(+34ms)[22m 
[2m11:26:01[22m   [34m├─[39m [2m/exams/dot-hazmat-employee-training/index.html[22m [2m(+45ms)[22m 
[2m11:26:01[22m   [34m├─[39m [2m/exams/dot-49-cfr-hazmat-regulations-training/index.html[22m [2m(+42ms)[22m 
[2m11:26:01[22m   [34m├─[39m [2m/exams/excavation-competent-person/index.html[22m [2m(+40ms)[22m 
[2m11:26:02[22m   [34m├─[39m [2m/exams/fall-protection-competent-person/index.html[22m [2m(+36ms)[22m 
[2m11:26:02[22m   [34m├─[39m [2m/exams/forklift-operator-certification/index.html[22m [2m(+39ms)[22m 
[2m11:26:02[22m   [34m├─[39m [2m/exams/h2s-awareness-training/index.html[22m [2m(+32ms)[22m 
[2m11:26:02[22m   [34m├─[39m [2m/exams/hazard-communication-ghs-training/index.html[22m [2m(+35ms)[22m 
[2m11:26:02[22m   [34m├─[39m [2m/exams/hazmat-first-responder-awareness/index.html[22m [2m(+33ms)[22m 
[2m11:26:02[22m   [34m├─[39m [2m/exams/hazmat-first-responder-operations/index.html[22m [2m(+35ms)[22m 
[2m11:26:02[22m   [34m├─[39m [2m/exams/hazmat-technician-training/index.html[22m [2m(+35ms)[22m 
[2m11:26:02[22m   [34m├─[39m [2m/exams/hazwoper-24-hour/index.html[22m [2m(+37ms)[22m 
[2m11:26:02[22m   [34m├─[39m [2m/exams/hazwoper-40-hour/index.html[22m [2m(+35ms)[22m 
[2m11:26:02[22m   [34m├─[39m [2m/exams/hazwoper-8-hour-refresher/index.html[22m [2m(+33ms)[22m 
[2m11:26:02[22m   [34m├─[39m [2m/exams/hazwoper-8-hour-supervisor/index.html[22m [2m(+34ms)[22m 
[2m11:26:02[22m   [34m├─[39m [2m/exams/iata-dangerous-goods-regulations-training/index.html[22m [2m(+37ms)[22m 
[2m11:26:02[22m   [34m├─[39m [2m/exams/imdg-code-training/index.html[22m [2m(+37ms)[22m 
[2m11:26:02[22m   [34m├─[39m [2m/exams/lead-awareness-training/index.html[22m [2m(+33ms)[22m 
[2m11:26:02[22m   [34m├─[39m [2m/exams/lockout-tagout-authorized-employee/index.html[22m [2m(+42ms)[22m 
[2m11:26:02[22m   [34m├─[39m [2m/exams/nfpa-70e-electrical-safety-training/index.html[22m [2m(+36ms)[22m 
[2m11:26:02[22m   [34m├─[39m [2m/exams/process-safety-management-training/index.html[22m [2m(+41ms)[22m 
[2m11:26:02[22m   [34m├─[39m [2m/exams/rcra-hazardous-waste-training/index.html[22m [2m(+40ms)[22m 
[2m11:26:02[22m   [34m├─[39m [2m/exams/respirator-fit-test-administrator/index.html[22m [2m(+36ms)[22m 
[2m11:26:02[22m   [34m├─[39m [2m/exams/scaffold-competent-person/index.html[22m [2m(+36ms)[22m 
[2m11:26:02[22m   [34m├─[39m [2m/exams/silica-competent-person/index.html[22m [2m(+34ms)[22m 
[2m11:26:02[22m   [34m├─[39m [2m/exams/osha-10-general-industry/index.html[22m [2m(+37ms)[22m 
[2m11:26:02[22m   [34m├─[39m [2m/exams/osha-10-maritime/index.html[22m [2m(+36ms)[22m 
[2m11:26:02[22m   [34m├─[39m [2m/exams/osha-30-general-industry/index.html[22m [2m(+37ms)[22m 
[2m11:26:02[22m   [34m├─[39m [2m/exams/osha-30-maritime/index.html[22m [2m(+33ms)[22m 
[2m11:26:02[22m   [34m├─[39m [2m/exams/osha-500-construction-trainer/index.html[22m [2m(+34ms)[22m 
[2m11:26:02[22m   [34m├─[39m [2m/exams/osha-501-general-industry-trainer/index.html[22m [2m(+43ms)[22m 
[2m11:26:02[22m   [34m├─[39m [2m/exams/osha-502-construction-trainer-update/index.html[22m [2m(+38ms)[22m 
[2m11:26:03[22m   [34m├─[39m [2m/exams/osha-503-general-industry-trainer-update/index.html[22m [2m(+34ms)[22m 
[2m11:26:03[22m   [34m├─[39m [2m/exams/osha-510-construction-standards/index.html[22m [2m(+34ms)[22m 
[2m11:26:03[22m   [34m├─[39m [2m/exams/osha-511-general-industry-standards/index.html[22m [2m(+34ms)[22m 
[2m11:26:03[22m   [34m├─[39m [2m/exams/osha-521-industrial-hygiene/index.html[22m [2m(+33ms)[22m 
[2m11:26:03[22m   [34m├─[39m [2m/exams/osha-2015-hazardous-materials/index.html[22m [2m(+36ms)[22m 
[2m11:26:03[22m   [34m├─[39m [2m/exams/osha-2045-machine-guarding/index.html[22m [2m(+35ms)[22m 
[2m11:26:03[22m   [34m├─[39m [2m/exams/osha-2055-cranes-in-construction/index.html[22m [2m(+35ms)[22m 
[2m11:26:03[22m   [34m├─[39m [2m/exams/osha-2225-respiratory-protection/index.html[22m [2m(+33ms)[22m 
[2m11:26:03[22m   [34m├─[39m [2m/exams/osha-2255-principles-of-ergonomics/index.html[22m [2m(+37ms)[22m 
[2m11:26:03[22m   [34m├─[39m [2m/exams/osha-2264-confined-space-entry/index.html[22m [2m(+33ms)[22m 
[2m11:26:03[22m   [34m├─[39m [2m/exams/osha-3015-excavation-trenching/index.html[22m [2m(+37ms)[22m 
[2m11:26:03[22m   [34m├─[39m [2m/exams/osha-3085-principles-of-scaffolding/index.html[22m [2m(+41ms)[22m 
[2m11:26:03[22m   [34m├─[39m [2m/exams/osha-3095-electrical-standards/index.html[22m [2m(+36ms)[22m 
[2m11:26:03[22m   [34m├─[39m [2m/exams/osha-3115-fall-protection/index.html[22m [2m(+40ms)[22m 
[2m11:26:03[22m   [34m├─[39m [2m/exams/osha-5400-maritime-trainer/index.html[22m [2m(+38ms)[22m 
[2m11:26:03[22m   [34m├─[39m [2m/exams/osha-5402-maritime-trainer-update/index.html[22m [2m(+39ms)[22m 
[2m11:26:03[22m   [34m├─[39m [2m/exams/osha-5410-maritime-standards/index.html[22m [2m(+40ms)[22m 
[2m11:26:03[22m   [34m├─[39m [2m/exams/osha-5600-disaster-site-worker-trainer/index.html[22m [2m(+33ms)[22m 
[2m11:26:03[22m   [34m├─[39m [2m/exams/osha-5602-disaster-site-worker-trainer-update/index.html[22m [2m(+41ms)[22m 
[2m11:26:03[22m   [34m├─[39m [2m/exams/osha-5810-oil-and-gas-hazards/index.html[22m [2m(+33ms)[22m 
[2m11:26:03[22m   [34m├─[39m [2m/exams/osha-6005-collateral-duty-federal-agencies/index.html[22m [2m(+34ms)[22m 
[2m11:26:03[22m   [34m├─[39m [2m/exams/osha-7000-safe-patient-handling/index.html[22m [2m(+44ms)[22m 
[2m11:26:03[22m   [34m├─[39m [2m/exams/osha-7115-lockout-tagout/index.html[22m [2m(+48ms)[22m 
[2m11:26:03[22m   [34m├─[39m [2m/exams/osha-7200-bloodborne-pathogens/index.html[22m [2m(+47ms)[22m 
[2m11:26:03[22m   [34m├─[39m [2m/exams/osha-7215-silica/index.html[22m [2m(+35ms)[22m 
[2m11:26:03[22m   [34m├─[39m [2m/exams/osha-7300-confined-space-standard/index.html[22m [2m(+38ms)[22m 
[2m11:26:03[22m   [34m├─[39m [2m/exams/osha-7405-fall-hazard-awareness/index.html[22m [2m(+36ms)[22m 
[2m11:26:04[22m   [34m├─[39m [2m/exams/osha-7500-safety-health-management/index.html[22m [2m(+43ms)[22m 
[2m11:26:04[22m   [34m├─[39m [2m/exams/osha-7505-incident-investigation/index.html[22m [2m(+39ms)[22m 
[2m11:26:04[22m   [34m├─[39m [2m/exams/osha-7510-osha-for-small-business/index.html[22m [2m(+46ms)[22m 
[2m11:26:04[22m   [34m├─[39m [2m/exams/osha-7600-disaster-site-worker/index.html[22m [2m(+35ms)[22m 
[2m11:26:04[22m   [34m├─[39m [2m/exams/osha-7605-disaster-site-worker-refresher/index.html[22m [2m(+35ms)[22m 
[2m11:26:04[22m   [34m├─[39m [2m/exams/osha-7845-recordkeeping-rule/index.html[22m [2m(+39ms)[22m 
[2m11:26:04[22m   [34m├─[39m [2m/exams/certified-crop-adviser/index.html[22m [2m(+40ms)[22m 
[2m11:26:04[22m   [34m├─[39m [2m/exams/certified-crop-adviser-4r-nutrient-management/index.html[22m [2m(+34ms)[22m 
[2m11:26:04[22m   [34m├─[39m [2m/exams/certified-ecologist-esa/index.html[22m [2m(+36ms)[22m 
[2m11:26:04[22m   [34m├─[39m [2m/exams/certified-environmental-professional-abcep/index.html[22m [2m(+32ms)[22m 
[2m11:26:04[22m   [34m├─[39m [2m/exams/certified-fisheries-professional/index.html[22m [2m(+36ms)[22m 
[2m11:26:04[22m   [34m├─[39m [2m/exams/associate-fisheries-professional/index.html[22m [2m(+37ms)[22m 
[2m11:26:04[22m   [34m├─[39m [2m/exams/certified-forester-saf/index.html[22m [2m(+37ms)[22m 
[2m11:26:04[22m   [34m├─[39m [2m/exams/certified-professional-agronomist/index.html[22m [2m(+34ms)[22m 
[2m11:26:04[22m   [34m├─[39m [2m/exams/certified-professional-in-rangeland-management/index.html[22m [2m(+36ms)[22m 
[2m11:26:04[22m   [34m├─[39m [2m/exams/certified-professional-soil-scientist/index.html[22m [2m(+38ms)[22m 
[2m11:26:04[22m   [34m├─[39m [2m/exams/certified-wildlife-biologist/index.html[22m [2m(+34ms)[22m 
[2m11:26:04[22m   [34m├─[39m [2m/exams/associate-wildlife-biologist/index.html[22m [2m(+45ms)[22m 
[2m11:26:04[22m   [34m├─[39m [2m/exams/isa-board-certified-master-arborist/index.html[22m [2m(+39ms)[22m 
[2m11:26:04[22m   [34m├─[39m [2m/exams/isa-certified-arborist/index.html[22m [2m(+42ms)[22m 
[2m11:26:04[22m   [34m├─[39m [2m/exams/isa-certified-arborist-municipal-specialist/index.html[22m [2m(+40ms)[22m 
[2m11:26:04[22m   [34m├─[39m [2m/exams/isa-certified-arborist-utility-specialist/index.html[22m [2m(+36ms)[22m 
[2m11:26:04[22m   [34m├─[39m [2m/exams/isa-certified-tree-worker-aerial-lift/index.html[22m [2m(+34ms)[22m 
[2m11:26:04[22m   [34m├─[39m [2m/exams/isa-certified-tree-worker-climber/index.html[22m [2m(+33ms)[22m 
[2m11:26:04[22m   [34m├─[39m [2m/exams/isa-tree-risk-assessment-qualification/index.html[22m [2m(+39ms)[22m 
[2m11:26:04[22m   [34m├─[39m [2m/exams/nrep-registered-environmental-manager/index.html[22m [2m(+40ms)[22m 
[2m11:26:05[22m   [34m├─[39m [2m/exams/nrep-registered-environmental-professional/index.html[22m [2m(+34ms)[22m 
[2m11:26:05[22m   [34m├─[39m [2m/exams/pesticide-applicator-core-exam/index.html[22m [2m(+46ms)[22m 
[2m11:26:05[22m   [34m├─[39m [2m/exams/private-pesticide-applicator-certification/index.html[22m [2m(+35ms)[22m 
[2m11:26:05[22m   [34m├─[39m [2m/exams/commercial-applicator-agricultural-animal/index.html[22m [2m(+33ms)[22m 
[2m11:26:05[22m   [34m├─[39m [2m/exams/commercial-applicator-agricultural-plant/index.html[22m [2m(+33ms)[22m 
[2m11:26:05[22m   [34m├─[39m [2m/exams/commercial-applicator-antimicrobial/index.html[22m [2m(+35ms)[22m 
[2m11:26:05[22m   [34m├─[39m [2m/exams/commercial-applicator-aquatic/index.html[22m [2m(+37ms)[22m 
[2m11:26:05[22m   [34m├─[39m [2m/exams/commercial-applicator-demonstration-research/index.html[22m [2m(+49ms)[22m 
[2m11:26:05[22m   [34m├─[39m [2m/exams/commercial-applicator-forest/index.html[22m [2m(+35ms)[22m 
[2m11:26:05[22m   [34m├─[39m [2m/exams/commercial-applicator-fumigation/index.html[22m [2m(+39ms)[22m 
[2m11:26:05[22m   [34m├─[39m [2m/exams/commercial-applicator-ornamental-turf/index.html[22m [2m(+37ms)[22m 
[2m11:26:05[22m   [34m├─[39m [2m/exams/commercial-applicator-public-health/index.html[22m [2m(+35ms)[22m 
[2m11:26:05[22m   [34m├─[39m [2m/exams/commercial-applicator-regulatory/index.html[22m [2m(+36ms)[22m 
[2m11:26:05[22m   [34m├─[39m [2m/exams/commercial-applicator-right-of-way/index.html[22m [2m(+36ms)[22m 
[2m11:26:05[22m   [34m├─[39m [2m/exams/commercial-applicator-seed-treatment/index.html[22m [2m(+34ms)[22m 
[2m11:26:05[22m   [34m├─[39m [2m/exams/commercial-applicator-structural/index.html[22m [2m(+33ms)[22m 
[2m11:26:05[22m   [34m├─[39m [2m/exams/commercial-applicator-wood-preservation/index.html[22m [2m(+37ms)[22m 
[2m11:26:05[22m   [34m├─[39m [2m/exams/professional-wetland-scientist/index.html[22m [2m(+34ms)[22m 
[2m11:26:05[22m   [34m├─[39m [2m/exams/associate-ergonomics-professional/index.html[22m [2m(+40ms)[22m 
[2m11:26:05[22m   [34m├─[39m [2m/exams/associate-safety-and-health-manager/index.html[22m [2m(+39ms)[22m 
[2m11:26:05[22m   [34m├─[39m [2m/exams/associate-safety-professional/index.html[22m [2m(+44ms)[22m 
[2m11:26:05[22m   [34m├─[39m [2m/exams/certified-ergonomics-associate/index.html[22m [2m(+43ms)[22m 
[2m11:26:05[22m   [34m├─[39m [2m/exams/certified-environmental-safety-and-health-trainer/index.html[22m [2m(+37ms)[22m 
[2m11:26:05[22m   [34m├─[39m [2m/exams/certified-fire-and-explosion-investigator/index.html[22m [2m(+35ms)[22m 
[2m11:26:05[22m   [34m├─[39m [2m/exams/certified-hazardous-materials-manager/index.html[22m [2m(+41ms)[22m 
[2m11:26:05[22m   [34m├─[39m [2m/exams/certified-hazardous-materials-practitioner/index.html[22m [2m(+37ms)[22m 
[2m11:26:05[22m   [34m├─[39m [2m/exams/certified-dangerous-goods-professional/index.html[22m [2m(+36ms)[22m 
[2m11:26:06[22m   [34m├─[39m [2m/exams/certified-human-factors-professional/index.html[22m [2m(+33ms)[22m 
[2m11:26:06[22m   [34m├─[39m [2m/exams/certified-industrial-hygienist/index.html[22m [2m(+36ms)[22m 
[2m11:26:06[22m   [34m├─[39m [2m/exams/certified-instructional-trainer/index.html[22m [2m(+38ms)[22m 
[2m11:26:06[22m   [34m├─[39m [2m/exams/certified-occupational-safety-manager/index.html[22m [2m(+33ms)[22m 
[2m11:26:06[22m   [34m├─[39m [2m/exams/certified-occupational-safety-specialist/index.html[22m [2m(+31ms)[22m 
[2m11:26:06[22m   [34m├─[39m [2m/exams/certified-safety-and-health-manager/index.html[22m [2m(+46ms)[22m 
[2m11:26:06[22m   [34m├─[39m [2m/exams/certified-safety-and-health-official/index.html[22m [2m(+35ms)[22m 
[2m11:26:06[22m   [34m├─[39m [2m/exams/certified-safety-director-nasp/index.html[22m [2m(+33ms)[22m 
[2m11:26:06[22m   [34m├─[39m [2m/exams/certified-safety-manager-nasp/index.html[22m [2m(+35ms)[22m 
[2m11:26:06[22m   [34m├─[39m [2m/exams/certified-safety-management-practitioner/index.html[22m [2m(+36ms)[22m 
[2m11:26:06[22m   [34m├─[39m [2m/exams/certified-safety-professional/index.html[22m [2m(+35ms)[22m 
[2m11:26:06[22m   [34m├─[39m [2m/exams/certified-professional-ergonomist/index.html[22m [2m(+35ms)[22m 
[2m11:26:06[22m   [34m├─[39m [2m/exams/certified-utility-safety-professional/index.html[22m [2m(+33ms)[22m 
[2m11:26:06[22m   [34m├─[39m [2m/exams/construction-health-and-safety-technician/index.html[22m [2m(+37ms)[22m 
[2m11:26:06[22m   [34m├─[39m [2m/exams/graduate-safety-practitioner/index.html[22m [2m(+37ms)[22m 
[2m11:26:06[22m   [34m├─[39m [2m/exams/iso-45001-lead-auditor/index.html[22m [2m(+32ms)[22m 
[2m11:26:06[22m   [34m├─[39m [2m/exams/nebosh-international-general-certificate/index.html[22m [2m(+39ms)[22m 
[2m11:26:06[22m   [34m├─[39m [2m/exams/occupational-hygiene-and-safety-technician/index.html[22m [2m(+37ms)[22m 
[2m11:26:06[22m   [34m├─[39m [2m/exams/safety-management-specialist/index.html[22m [2m(+34ms)[22m 
[2m11:26:06[22m   [34m├─[39m [2m/exams/safety-trained-supervisor/index.html[22m [2m(+34ms)[22m 
[2m11:26:06[22m   [34m├─[39m [2m/exams/safety-trained-supervisor-construction/index.html[22m [2m(+39ms)[22m 
[2m11:26:06[22m   [34m├─[39m [2m/exams/abc-biosolids-land-application-operator/index.html[22m [2m(+36ms)[22m 
[2m11:26:06[22m   [34m├─[39m [2m/exams/abc-industrial-waste-treatment-operator/index.html[22m [2m(+37ms)[22m 
[2m11:26:06[22m   [34m├─[39m [2m/exams/abc-very-small-water-system-operator/index.html[22m [2m(+35ms)[22m 
[2m11:26:06[22m   [34m├─[39m [2m/exams/abc-water-distribution-operator-class-1/index.html[22m [2m(+35ms)[22m 
[2m11:26:06[22m   [34m├─[39m [2m/exams/abc-water-distribution-operator-class-2/index.html[22m [2m(+33ms)[22m 
[2m11:26:06[22m   [34m├─[39m [2m/exams/abc-water-distribution-operator-class-3/index.html[22m [2m(+40ms)[22m 
[2m11:26:06[22m   [34m├─[39m [2m/exams/abc-water-distribution-operator-class-4/index.html[22m [2m(+36ms)[22m 
[2m11:26:07[22m   [34m├─[39m [2m/exams/abc-water-treatment-operator-class-1/index.html[22m [2m(+33ms)[22m 
[2m11:26:07[22m   [34m├─[39m [2m/exams/abc-water-treatment-operator-class-2/index.html[22m [2m(+35ms)[22m 
[2m11:26:07[22m   [34m├─[39m [2m/exams/abc-water-treatment-operator-class-3/index.html[22m [2m(+35ms)[22m 
[2m11:26:07[22m   [34m├─[39m [2m/exams/abc-water-treatment-operator-class-4/index.html[22m [2m(+37ms)[22m 
[2m11:26:07[22m   [34m├─[39m [2m/exams/abc-wastewater-collection-operator-class-1/index.html[22m [2m(+39ms)[22m 
[2m11:26:07[22m   [34m├─[39m [2m/exams/abc-wastewater-collection-operator-class-2/index.html[22m [2m(+35ms)[22m 
[2m11:26:07[22m   [34m├─[39m [2m/exams/abc-wastewater-collection-operator-class-3/index.html[22m [2m(+32ms)[22m 
[2m11:26:07[22m   [34m├─[39m [2m/exams/abc-wastewater-collection-operator-class-4/index.html[22m [2m(+36ms)[22m 
[2m11:26:07[22m   [34m├─[39m [2m/exams/abc-wastewater-treatment-operator-class-1/index.html[22m [2m(+34ms)[22m 
[2m11:26:07[22m   [34m├─[39m [2m/exams/abc-wastewater-treatment-operator-class-2/index.html[22m [2m(+34ms)[22m 
[2m11:26:07[22m   [34m├─[39m [2m/exams/abc-wastewater-treatment-operator-class-3/index.html[22m [2m(+38ms)[22m 
[2m11:26:07[22m   [34m├─[39m [2m/exams/abc-wastewater-treatment-operator-class-4/index.html[22m [2m(+44ms)[22m 
[2m11:26:07[22m   [34m├─[39m [2m/exams/abpa-backflow-prevention-assembly-tester/index.html[22m [2m(+38ms)[22m 
[2m11:26:07[22m   [34m├─[39m [2m/exams/asse-5110-backflow-prevention-assembly-tester/index.html[22m [2m(+36ms)[22m 
[2m11:26:07[22m   [34m├─[39m [2m/exams/asse-5120-backflow-prevention-assembly-repairer/index.html[22m [2m(+36ms)[22m 
[2m11:26:07[22m   [34m├─[39m [2m/exams/certified-erosion-sediment-control-lead/index.html[22m [2m(+38ms)[22m 
[2m11:26:07[22m   [34m├─[39m [2m/exams/certified-water-technologist/index.html[22m [2m(+39ms)[22m 
[2m11:26:07[22m   [34m├─[39m [2m/exams/cesswi-erosion-sediment-stormwater-inspector/index.html[22m [2m(+34ms)[22m 
[2m11:26:07[22m   [34m├─[39m [2m/exams/cpesc-erosion-and-sediment-control/index.html[22m [2m(+36ms)[22m 
[2m11:26:07[22m   [34m├─[39m [2m/exams/cpmsm-municipal-stormwater-management/index.html[22m [2m(+34ms)[22m 
[2m11:26:07[22m   [34m├─[39m [2m/exams/cpswq-stormwater-quality/index.html[22m [2m(+39ms)[22m 
[2m11:26:07[22m   [34m├─[39m [2m/exams/cross-connection-control-surveyor/index.html[22m [2m(+38ms)[22m 
[2m11:26:07[22m   [34m├─[39m [2m/exams/nawt-onsite-wastewater-inspector/index.html[22m [2m(+35ms)[22m 
[2m11:26:07[22m   [34m├─[39m [2m/exams/nawt-onsite-wastewater-installer/index.html[22m [2m(+37ms)[22m 
[2m11:26:07[22m   [34m├─[39m [2m/exams/ngwa-certified-pump-installer/index.html[22m [2m(+37ms)[22m 
[2m11:26:07[22m   [34m├─[39m [2m/exams/ngwa-certified-well-driller/index.html[22m [2m(+35ms)[22m 
[2m11:26:07[22m   [34m├─[39m [2m/exams/ngwa-master-ground-water-contractor/index.html[22m [2m(+37ms)[22m 
[2m11:26:08[22m   [34m├─[39m [2m/exams/ngicp-green-infrastructure-certification/index.html[22m [2m(+35ms)[22m 
[2m11:26:08[22m   [34m├─[39m [2m/exams/wqa-certified-installer/index.html[22m [2m(+36ms)[22m 
[2m11:26:08[22m   [34m├─[39m [2m/exams/wqa-certified-service-technician/index.html[22m [2m(+34ms)[22m 
[2m11:26:08[22m   [34m├─[39m [2m/exams/wqa-certified-water-specialist/index.html[22m [2m(+41ms)[22m 
[2m11:26:08[22m   [34m├─[39m [2m/exams/wqa-certified-water-treatment-representative/index.html[22m [2m(+34ms)[22m 
[2m11:26:08[22m   [34m├─[39m [2m/exams/wqa-master-water-specialist/index.html[22m [2m(+36ms)[22m 
[2m11:26:08[22m   [34m├─[39m [2m/exams/aws-certified-ai-practitioner/index.html[22m [2m(+41ms)[22m 
[2m11:26:08[22m   [34m├─[39m [2m/exams/aws-certified-advanced-networking-specialty/index.html[22m [2m(+35ms)[22m 
[2m11:26:08[22m   [34m├─[39m [2m/exams/aws-certified-cloud-practitioner/index.html[22m [2m(+39ms)[22m 
[2m11:26:08[22m   [34m├─[39m [2m/exams/aws-certified-cloudops-engineer-associate/index.html[22m [2m(+36ms)[22m 
[2m11:26:08[22m   [34m├─[39m [2m/exams/aws-certified-data-analytics-specialty/index.html[22m [2m(+33ms)[22m 
[2m11:26:08[22m   [34m├─[39m [2m/exams/aws-certified-data-engineer-associate/index.html[22m [2m(+37ms)[22m 
[2m11:26:08[22m   [34m├─[39m [2m/exams/aws-certified-database-specialty/index.html[22m [2m(+36ms)[22m 
[2m11:26:08[22m   [34m├─[39m [2m/exams/aws-certified-developer-associate/index.html[22m [2m(+35ms)[22m 
[2m11:26:08[22m   [34m├─[39m [2m/exams/aws-certified-devops-engineer-professional/index.html[22m [2m(+34ms)[22m 
[2m11:26:08[22m   [34m├─[39m [2m/exams/aws-certified-generative-ai-developer-professional/index.html[22m [2m(+41ms)[22m 
[2m11:26:08[22m   [34m├─[39m [2m/exams/aws-certified-machine-learning-engineer-associate/index.html[22m [2m(+49ms)[22m 
[2m11:26:08[22m   [34m├─[39m [2m/exams/aws-certified-machine-learning-specialty/index.html[22m [2m(+40ms)[22m 
[2m11:26:08[22m   [34m├─[39m [2m/exams/aws-certified-sap-on-aws-specialty/index.html[22m [2m(+46ms)[22m 
[2m11:26:08[22m   [34m├─[39m [2m/exams/aws-certified-security-specialty/index.html[22m [2m(+38ms)[22m 
[2m11:26:08[22m   [34m├─[39m [2m/exams/aws-certified-solutions-architect-associate/index.html[22m [2m(+40ms)[22m 
[2m11:26:08[22m   [34m├─[39m [2m/exams/aws-certified-solutions-architect-professional/index.html[22m [2m(+37ms)[22m 
[2m11:26:08[22m   [34m├─[39m [2m/exams/aws-certified-sysops-administrator-associate/index.html[22m [2m(+37ms)[22m 
[2m11:26:08[22m   [34m├─[39m [2m/exams/cisco-ai-technical-practitioner/index.html[22m [2m(+55ms)[22m 
[2m11:26:08[22m   [34m├─[39m [2m/exams/cisco-ccde/index.html[22m [2m(+90ms)[22m 
[2m11:26:09[22m   [34m├─[39m [2m/exams/cisco-ccie-automation/index.html[22m [2m(+39ms)[22m 
[2m11:26:09[22m   [34m├─[39m [2m/exams/cisco-ccie-collaboration/index.html[22m [2m(+34ms)[22m 
[2m11:26:09[22m   [34m├─[39m [2m/exams/cisco-ccie-data-center/index.html[22m [2m(+37ms)[22m 
[2m11:26:09[22m   [34m├─[39m [2m/exams/cisco-ccie-enterprise-infrastructure/index.html[22m [2m(+37ms)[22m 
[2m11:26:09[22m   [34m├─[39m [2m/exams/cisco-ccie-enterprise-wireless/index.html[22m [2m(+36ms)[22m 
[2m11:26:09[22m   [34m├─[39m [2m/exams/cisco-ccie-security/index.html[22m [2m(+36ms)[22m 
[2m11:26:09[22m   [34m├─[39m [2m/exams/cisco-ccie-service-provider/index.html[22m [2m(+45ms)[22m 
[2m11:26:09[22m   [34m├─[39m [2m/exams/cisco-ccna/index.html[22m [2m(+39ms)[22m 
[2m11:26:09[22m   [34m├─[39m [2m/exams/cisco-ccna-automation/index.html[22m [2m(+44ms)[22m 
[2m11:26:09[22m   [34m├─[39m [2m/exams/cisco-ccna-cybersecurity/index.html[22m [2m(+39ms)[22m 
[2m11:26:09[22m   [34m├─[39m [2m/exams/cisco-ccnp-automation/index.html[22m [2m(+39ms)[22m 
[2m11:26:09[22m   [34m├─[39m [2m/exams/cisco-ccnp-collaboration/index.html[22m [2m(+39ms)[22m 
[2m11:26:09[22m   [34m├─[39m [2m/exams/cisco-ccnp-cybersecurity/index.html[22m [2m(+44ms)[22m 
[2m11:26:09[22m   [34m├─[39m [2m/exams/cisco-ccnp-data-center/index.html[22m [2m(+46ms)[22m 
[2m11:26:09[22m   [34m├─[39m [2m/exams/cisco-ccnp-enterprise/index.html[22m [2m(+42ms)[22m 
[2m11:26:09[22m   [34m├─[39m [2m/exams/cisco-ccnp-security/index.html[22m [2m(+35ms)[22m 
[2m11:26:09[22m   [34m├─[39m [2m/exams/cisco-ccnp-service-provider/index.html[22m [2m(+38ms)[22m 
[2m11:26:09[22m   [34m├─[39m [2m/exams/cisco-ccnp-wireless/index.html[22m [2m(+35ms)[22m 
[2m11:26:09[22m   [34m├─[39m [2m/exams/cisco-ccst-cybersecurity/index.html[22m [2m(+36ms)[22m 
[2m11:26:09[22m   [34m├─[39m [2m/exams/cisco-ccst-networking/index.html[22m [2m(+35ms)[22m 
[2m11:26:09[22m   [34m├─[39m [2m/exams/cisco-encc-300-440/index.html[22m [2m(+34ms)[22m 
[2m11:26:09[22m   [34m├─[39m [2m/exams/cisco-enarsi-300-410/index.html[22m [2m(+38ms)[22m 
[2m11:26:09[22m   [34m├─[39m [2m/exams/cisco-enauto-300-435/index.html[22m [2m(+39ms)[22m 
[2m11:26:09[22m   [34m├─[39m [2m/exams/cisco-enna-300-445/index.html[22m [2m(+39ms)[22m 
[2m11:26:09[22m   [34m├─[39m [2m/exams/cisco-ensdwi-300-415/index.html[22m [2m(+39ms)[22m 
[2m11:26:09[22m   [34m├─[39m [2m/exams/cisco-ensld-300-420/index.html[22m [2m(+37ms)[22m 
[2m11:26:10[22m   [34m├─[39m [2m/exams/cisco-sise-300-715/index.html[22m [2m(+34ms)[22m 
[2m11:26:10[22m   [34m├─[39m [2m/exams/cisco-sncf-300-710/index.html[22m [2m(+37ms)[22m 
[2m11:26:10[22m   [34m├─[39m [2m/exams/cisco-svpn-300-730/index.html[22m [2m(+36ms)[22m 
[2m11:26:10[22m   [34m├─[39m [2m/exams/certified-argo-project-associate/index.html[22m [2m(+44ms)[22m 
[2m11:26:10[22m   [34m├─[39m [2m/exams/certified-backstage-associate/index.html[22m [2m(+38ms)[22m 
[2m11:26:10[22m   [34m├─[39m [2m/exams/certified-cilium-associate/index.html[22m [2m(+35ms)[22m 
[2m11:26:10[22m   [34m├─[39m [2m/exams/certified-cloud-native-platform-engineering-associate/index.html[22m [2m(+37ms)[22m 
[2m11:26:10[22m   [34m├─[39m [2m/exams/certified-gitops-associate/index.html[22m [2m(+36ms)[22m 
[2m11:26:10[22m   [34m├─[39m [2m/exams/certified-kubernetes-administrator/index.html[22m [2m(+39ms)[22m 
[2m11:26:10[22m   [34m├─[39m [2m/exams/certified-kubernetes-application-developer/index.html[22m [2m(+34ms)[22m 
[2m11:26:10[22m   [34m├─[39m [2m/exams/certified-kubernetes-security-specialist/index.html[22m [2m(+41ms)[22m 
[2m11:26:10[22m   [34m├─[39m [2m/exams/certified-kyverno-associate/index.html[22m [2m(+38ms)[22m 
[2m11:26:10[22m   [34m├─[39m [2m/exams/cloudbees-certified-jenkins-engineer/index.html[22m [2m(+32ms)[22m 
[2m11:26:10[22m   [34m├─[39m [2m/exams/docker-certified-associate/index.html[22m [2m(+37ms)[22m 
[2m11:26:10[22m   [34m├─[39m [2m/exams/gitlab-certified-ci-cd-associate/index.html[22m [2m(+37ms)[22m 
[2m11:26:10[22m   [34m├─[39m [2m/exams/gitlab-certified-git-associate/index.html[22m [2m(+33ms)[22m 
[2m11:26:10[22m   [34m├─[39m [2m/exams/hashicorp-certified-consul-associate/index.html[22m [2m(+35ms)[22m 
[2m11:26:10[22m   [34m├─[39m [2m/exams/hashicorp-certified-terraform-associate/index.html[22m [2m(+41ms)[22m 
[2m11:26:10[22m   [34m├─[39m [2m/exams/hashicorp-certified-terraform-authoring-and-operations-professional/index.html[22m [2m(+35ms)[22m 
[2m11:26:10[22m   [34m├─[39m [2m/exams/hashicorp-certified-vault-associate/index.html[22m [2m(+40ms)[22m 
[2m11:26:10[22m   [34m├─[39m [2m/exams/hashicorp-certified-vault-operations-professional/index.html[22m [2m(+39ms)[22m 
[2m11:26:10[22m   [34m├─[39m [2m/exams/istio-certified-associate/index.html[22m [2m(+40ms)[22m 
[2m11:26:10[22m   [34m├─[39m [2m/exams/kubernetes-and-cloud-native-associate/index.html[22m [2m(+37ms)[22m 
[2m11:26:10[22m   [34m├─[39m [2m/exams/kubernetes-and-cloud-native-security-associate/index.html[22m [2m(+34ms)[22m 
[2m11:26:10[22m   [34m├─[39m [2m/exams/opentelemetry-certified-associate/index.html[22m [2m(+40ms)[22m 
[2m11:26:10[22m   [34m├─[39m [2m/exams/prometheus-certified-associate/index.html[22m [2m(+36ms)[22m 
[2m11:26:10[22m   [34m├─[39m [2m/exams/puppet-certified-professional/index.html[22m [2m(+36ms)[22m 
[2m11:26:11[22m   [34m├─[39m [2m/exams/comptia-a-plus/index.html[22m [2m(+39ms)[22m 
[2m11:26:11[22m   [34m├─[39m [2m/exams/comptia-ai-essentials/index.html[22m [2m(+34ms)[22m 
[2m11:26:11[22m   [34m├─[39m [2m/exams/comptia-cloud-essentials-plus/index.html[22m [2m(+38ms)[22m 
[2m11:26:11[22m   [34m├─[39m [2m/exams/comptia-cloud-plus/index.html[22m [2m(+33ms)[22m 
[2m11:26:11[22m   [34m├─[39m [2m/exams/comptia-cloudnetx/index.html[22m [2m(+39ms)[22m 
[2m11:26:11[22m   [34m├─[39m [2m/exams/comptia-cysa-plus/index.html[22m [2m(+40ms)[22m 
[2m11:26:11[22m   [34m├─[39m [2m/exams/comptia-data-plus/index.html[22m [2m(+37ms)[22m 
[2m11:26:11[22m   [34m├─[39m [2m/exams/comptia-datasys-plus/index.html[22m [2m(+34ms)[22m 
[2m11:26:11[22m   [34m├─[39m [2m/exams/comptia-datax/index.html[22m [2m(+34ms)[22m 
[2m11:26:11[22m   [34m├─[39m [2m/exams/comptia-it-fundamentals/index.html[22m [2m(+38ms)[22m 
[2m11:26:11[22m   [34m├─[39m [2m/exams/comptia-linux-plus/index.html[22m [2m(+34ms)[22m 
[2m11:26:11[22m   [34m├─[39m [2m/exams/comptia-network-plus/index.html[22m [2m(+39ms)[22m 
[2m11:26:11[22m   [34m├─[39m [2m/exams/comptia-pentest-plus/index.html[22m [2m(+40ms)[22m 
[2m11:26:11[22m   [34m├─[39m [2m/exams/comptia-project-plus/index.html[22m [2m(+34ms)[22m 
[2m11:26:11[22m   [34m├─[39m [2m/exams/comptia-secai-plus/index.html[22m [2m(+36ms)[22m 
[2m11:26:11[22m   [34m├─[39m [2m/exams/comptia-security-plus/index.html[22m [2m(+33ms)[22m 
[2m11:26:11[22m   [34m├─[39m [2m/exams/comptia-securityx/index.html[22m [2m(+36ms)[22m 
[2m11:26:11[22m   [34m├─[39m [2m/exams/comptia-server-plus/index.html[22m [2m(+38ms)[22m 
[2m11:26:11[22m   [34m├─[39m [2m/exams/comptia-tech-plus/index.html[22m [2m(+37ms)[22m 
[2m11:26:11[22m   [34m├─[39m [2m/exams/isc2-certified-in-cybersecurity/index.html[22m [2m(+35ms)[22m 
[2m11:26:11[22m   [34m├─[39m [2m/exams/isc2-sscp/index.html[22m [2m(+40ms)[22m 
[2m11:26:11[22m   [34m├─[39m [2m/exams/isc2-cissp/index.html[22m [2m(+34ms)[22m 
[2m11:26:11[22m   [34m├─[39m [2m/exams/isc2-cissp-issap/index.html[22m [2m(+41ms)[22m 
[2m11:26:11[22m   [34m├─[39m [2m/exams/isc2-cissp-issep/index.html[22m [2m(+36ms)[22m 
[2m11:26:11[22m   [34m├─[39m [2m/exams/isc2-cissp-issmp/index.html[22m [2m(+35ms)[22m 
[2m11:26:11[22m   [34m├─[39m [2m/exams/isc2-ccsp/index.html[22m [2m(+37ms)[22m 
[2m11:26:11[22m   [34m├─[39m [2m/exams/isc2-cgrc/index.html[22m [2m(+34ms)[22m 
[2m11:26:12[22m   [34m├─[39m [2m/exams/isc2-csslp/index.html[22m [2m(+33ms)[22m 
[2m11:26:12[22m   [34m├─[39m [2m/exams/isaca-cisa/index.html[22m [2m(+45ms)[22m 
[2m11:26:12[22m   [34m├─[39m [2m/exams/isaca-cism/index.html[22m [2m(+38ms)[22m 
[2m11:26:12[22m   [34m├─[39m [2m/exams/isaca-crisc/index.html[22m [2m(+42ms)[22m 
[2m11:26:12[22m   [34m├─[39m [2m/exams/isaca-cgeit/index.html[22m [2m(+37ms)[22m 
[2m11:26:12[22m   [34m├─[39m [2m/exams/isaca-cdpse/index.html[22m [2m(+38ms)[22m 
[2m11:26:12[22m   [34m├─[39m [2m/exams/isaca-cet/index.html[22m [2m(+36ms)[22m 
[2m11:26:12[22m   [34m├─[39m [2m/exams/isaca-csx-p/index.html[22m [2m(+32ms)[22m 
[2m11:26:12[22m   [34m├─[39m [2m/exams/isaca-aaia/index.html[22m [2m(+36ms)[22m 
[2m11:26:12[22m   [34m├─[39m [2m/exams/isaca-aaism/index.html[22m [2m(+40ms)[22m 
[2m11:26:12[22m   [34m├─[39m [2m/exams/eccouncil-ceh/index.html[22m [2m(+36ms)[22m 
[2m11:26:12[22m   [34m├─[39m [2m/exams/eccouncil-ceh-practical/index.html[22m [2m(+38ms)[22m 
[2m11:26:12[22m   [34m├─[39m [2m/exams/eccouncil-chfi/index.html[22m [2m(+40ms)[22m 
[2m11:26:12[22m   [34m├─[39m [2m/exams/eccouncil-ecih/index.html[22m [2m(+34ms)[22m 
[2m11:26:12[22m   [34m├─[39m [2m/exams/eccouncil-cpent/index.html[22m [2m(+34ms)[22m 
[2m11:26:12[22m   [34m├─[39m [2m/exams/eccouncil-lpt-master/index.html[22m [2m(+41ms)[22m 
[2m11:26:12[22m   [34m├─[39m [2m/exams/eccouncil-cciso/index.html[22m [2m(+34ms)[22m 
[2m11:26:12[22m   [34m├─[39m [2m/exams/eccouncil-cnd/index.html[22m [2m(+34ms)[22m 
[2m11:26:12[22m   [34m├─[39m [2m/exams/eccouncil-csa/index.html[22m [2m(+39ms)[22m 
[2m11:26:12[22m   [34m├─[39m [2m/exams/eccouncil-ctia/index.html[22m [2m(+39ms)[22m 
[2m11:26:12[22m   [34m├─[39m [2m/exams/offsec-oscp/index.html[22m [2m(+33ms)[22m 
[2m11:26:12[22m   [34m├─[39m [2m/exams/offsec-osep/index.html[22m [2m(+36ms)[22m 
[2m11:26:12[22m   [34m├─[39m [2m/exams/offsec-oswa/index.html[22m [2m(+35ms)[22m 
[2m11:26:12[22m   [34m├─[39m [2m/exams/offsec-oswe/index.html[22m [2m(+34ms)[22m 
[2m11:26:12[22m   [34m├─[39m [2m/exams/offsec-osed/index.html[22m [2m(+34ms)[22m 
[2m11:26:12[22m   [34m├─[39m [2m/exams/offsec-osee/index.html[22m [2m(+34ms)[22m 
[2m11:26:12[22m   [34m├─[39m [2m/exams/offsec-osmr/index.html[22m [2m(+42ms)[22m 
[2m11:26:13[22m   [34m├─[39m [2m/exams/offsec-osda/index.html[22m [2m(+39ms)[22m 
[2m11:26:13[22m   [34m├─[39m [2m/exams/offsec-osth/index.html[22m [2m(+39ms)[22m 
[2m11:26:13[22m   [34m├─[39m [2m/exams/offsec-osir/index.html[22m [2m(+35ms)[22m 
[2m11:26:13[22m   [34m├─[39m [2m/exams/offsec-oswp/index.html[22m [2m(+40ms)[22m 
[2m11:26:13[22m   [34m├─[39m [2m/exams/offsec-klcp/index.html[22m [2m(+35ms)[22m 
[2m11:26:13[22m   [34m├─[39m [2m/exams/offsec-oscc-sec/index.html[22m [2m(+42ms)[22m 
[2m11:26:13[22m   [34m├─[39m [2m/exams/offsec-osai/index.html[22m [2m(+37ms)[22m 
[2m11:26:13[22m   [34m├─[39m [2m/exams/giac-gsec/index.html[22m [2m(+36ms)[22m 
[2m11:26:13[22m   [34m├─[39m [2m/exams/giac-gcih/index.html[22m [2m(+33ms)[22m 
[2m11:26:13[22m   [34m├─[39m [2m/exams/giac-gpen/index.html[22m [2m(+34ms)[22m 
[2m11:26:13[22m   [34m├─[39m [2m/exams/giac-gwapt/index.html[22m [2m(+46ms)[22m 
[2m11:26:13[22m   [34m├─[39m [2m/exams/giac-gcia/index.html[22m [2m(+48ms)[22m 
[2m11:26:13[22m   [34m├─[39m [2m/exams/giac-gcfa/index.html[22m [2m(+37ms)[22m 
[2m11:26:13[22m   [34m├─[39m [2m/exams/giac-gcfe/index.html[22m [2m(+40ms)[22m 
[2m11:26:13[22m   [34m├─[39m [2m/exams/giac-grem/index.html[22m [2m(+34ms)[22m 
[2m11:26:13[22m   [34m├─[39m [2m/exams/giac-gmon/index.html[22m [2m(+34ms)[22m 
[2m11:26:13[22m   [34m├─[39m [2m/exams/giac-gced/index.html[22m [2m(+38ms)[22m 
[2m11:26:13[22m   [34m├─[39m [2m/exams/giac-gslc/index.html[22m [2m(+42ms)[22m 
[2m11:26:13[22m   [34m├─[39m [2m/exams/giac-gstrt/index.html[22m [2m(+37ms)[22m 
[2m11:26:13[22m   [34m├─[39m [2m/exams/giac-gcsa/index.html[22m [2m(+42ms)[22m 
[2m11:26:13[22m   [34m├─[39m [2m/exams/giac-gcld/index.html[22m [2m(+37ms)[22m 
[2m11:26:13[22m   [34m├─[39m [2m/exams/giac-gdsa/index.html[22m [2m(+35ms)[22m 
[2m11:26:13[22m   [34m├─[39m [2m/exams/giac-gxpn/index.html[22m [2m(+39ms)[22m 
[2m11:26:13[22m   [34m├─[39m [2m/exams/giac-gnfa/index.html[22m [2m(+42ms)[22m 
[2m11:26:13[22m   [34m├─[39m [2m/exams/giac-grid/index.html[22m [2m(+35ms)[22m 
[2m11:26:13[22m   [34m├─[39m [2m/exams/giac-gicsp/index.html[22m [2m(+44ms)[22m 
[2m11:26:14[22m   [34m├─[39m [2m/exams/giac-gcti/index.html[22m [2m(+37ms)[22m 
[2m11:26:14[22m   [34m├─[39m [2m/exams/giac-gosi/index.html[22m [2m(+35ms)[22m 
[2m11:26:14[22m   [34m├─[39m [2m/exams/giac-gcpn/index.html[22m [2m(+39ms)[22m 
[2m11:26:14[22m   [34m├─[39m [2m/exams/giac-gsna/index.html[22m [2m(+36ms)[22m 
[2m11:26:14[22m   [34m├─[39m [2m/exams/giac-gweb/index.html[22m [2m(+43ms)[22m 
[2m11:26:14[22m   [34m├─[39m [2m/exams/hackthebox-cpts/index.html[22m [2m(+42ms)[22m 
[2m11:26:14[22m   [34m├─[39m [2m/exams/hackthebox-cdsa/index.html[22m [2m(+46ms)[22m 
[2m11:26:14[22m   [34m├─[39m [2m/exams/tryhackme-sal1/index.html[22m [2m(+43ms)[22m 
[2m11:26:14[22m   [34m├─[39m [2m/exams/security-blue-team-btl1/index.html[22m [2m(+46ms)[22m 
[2m11:26:14[22m   [34m├─[39m [2m/exams/security-blue-team-btl2/index.html[22m [2m(+41ms)[22m 
[2m11:26:14[22m   [34m├─[39m [2m/exams/iapp-cipp-us/index.html[22m [2m(+35ms)[22m 
[2m11:26:14[22m   [34m├─[39m [2m/exams/iapp-cipp-e/index.html[22m [2m(+34ms)[22m 
[2m11:26:14[22m   [34m├─[39m [2m/exams/iapp-cipm/index.html[22m [2m(+36ms)[22m 
[2m11:26:14[22m   [34m├─[39m [2m/exams/iapp-cipt/index.html[22m [2m(+36ms)[22m 
[2m11:26:14[22m   [34m├─[39m [2m/exams/iapp-aigp/index.html[22m [2m(+37ms)[22m 
[2m11:26:14[22m   [34m├─[39m [2m/exams/cmmc-certified-professional/index.html[22m [2m(+35ms)[22m 
[2m11:26:14[22m   [34m├─[39m [2m/exams/cmmc-certified-assessor/index.html[22m [2m(+37ms)[22m 
[2m11:26:14[22m   [34m├─[39m [2m/exams/csa-ccsk/index.html[22m [2m(+35ms)[22m 
[2m11:26:14[22m   [34m├─[39m [2m/exams/csa-ccak/index.html[22m [2m(+33ms)[22m 
[2m11:26:14[22m   [34m├─[39m [2m/exams/databricks-certified-data-engineer-associate/index.html[22m [2m(+37ms)[22m 
[2m11:26:14[22m   [34m├─[39m [2m/exams/databricks-certified-data-engineer-professional/index.html[22m [2m(+34ms)[22m 
[2m11:26:14[22m   [34m├─[39m [2m/exams/databricks-certified-machine-learning-associate/index.html[22m [2m(+37ms)[22m 
[2m11:26:14[22m   [34m├─[39m [2m/exams/databricks-certified-machine-learning-professional/index.html[22m [2m(+43ms)[22m 
[2m11:26:14[22m   [34m├─[39m [2m/exams/databricks-certified-data-analyst-associate/index.html[22m [2m(+40ms)[22m 
[2m11:26:14[22m   [34m├─[39m [2m/exams/databricks-certified-generative-ai-engineer-associate/index.html[22m [2m(+50ms)[22m 
[2m11:26:14[22m   [34m├─[39m [2m/exams/databricks-certified-associate-developer-for-apache-spark/index.html[22m [2m(+35ms)[22m 
[2m11:26:15[22m   [34m├─[39m [2m/exams/snowpro-core-certification/index.html[22m [2m(+46ms)[22m 
[2m11:26:15[22m   [34m├─[39m [2m/exams/snowpro-associate-platform-certification/index.html[22m [2m(+40ms)[22m 
[2m11:26:15[22m   [34m├─[39m [2m/exams/snowpro-advanced-architect/index.html[22m [2m(+38ms)[22m 
[2m11:26:15[22m   [34m├─[39m [2m/exams/snowpro-advanced-data-engineer/index.html[22m [2m(+35ms)[22m 
[2m11:26:15[22m   [34m├─[39m [2m/exams/snowpro-advanced-data-analyst/index.html[22m [2m(+36ms)[22m 
[2m11:26:15[22m   [34m├─[39m [2m/exams/snowpro-advanced-data-scientist/index.html[22m [2m(+35ms)[22m 
[2m11:26:15[22m   [34m├─[39m [2m/exams/snowpro-advanced-administrator/index.html[22m [2m(+34ms)[22m 
[2m11:26:15[22m   [34m├─[39m [2m/exams/tableau-desktop-specialist/index.html[22m [2m(+36ms)[22m 
[2m11:26:15[22m   [34m├─[39m [2m/exams/tableau-certified-data-analyst/index.html[22m [2m(+32ms)[22m 
[2m11:26:15[22m   [34m├─[39m [2m/exams/tableau-certified-consultant/index.html[22m [2m(+38ms)[22m 
[2m11:26:15[22m   [34m├─[39m [2m/exams/tableau-certified-architect/index.html[22m [2m(+39ms)[22m 
[2m11:26:15[22m   [34m├─[39m [2m/exams/tableau-server-certified-associate/index.html[22m [2m(+35ms)[22m 
[2m11:26:15[22m   [34m├─[39m [2m/exams/qlik-sense-business-analyst/index.html[22m [2m(+35ms)[22m 
[2m11:26:15[22m   [34m├─[39m [2m/exams/qlik-sense-data-architect/index.html[22m [2m(+37ms)[22m 
[2m11:26:15[22m   [34m├─[39m [2m/exams/qlik-sense-system-administrator/index.html[22m [2m(+43ms)[22m 
[2m11:26:15[22m   [34m├─[39m [2m/exams/sas-certified-specialist-base-programming/index.html[22m [2m(+36ms)[22m 
[2m11:26:15[22m   [34m├─[39m [2m/exams/sas-certified-professional-advanced-programming/index.html[22m [2m(+36ms)[22m 
[2m11:26:15[22m   [34m├─[39m [2m/exams/sas-certified-data-scientist/index.html[22m [2m(+36ms)[22m 
[2m11:26:15[22m   [34m├─[39m [2m/exams/cloudera-cdp-generalist/index.html[22m [2m(+38ms)[22m 
[2m11:26:15[22m   [34m├─[39m [2m/exams/cloudera-ccp-data-engineer/index.html[22m [2m(+36ms)[22m 
[2m11:26:15[22m   [34m├─[39m [2m/exams/mongodb-associate-developer/index.html[22m [2m(+36ms)[22m 
[2m11:26:15[22m   [34m├─[39m [2m/exams/mongodb-associate-database-administrator/index.html[22m [2m(+38ms)[22m 
[2m11:26:15[22m   [34m├─[39m [2m/exams/mongodb-associate-data-modeler/index.html[22m [2m(+35ms)[22m 
[2m11:26:15[22m   [34m├─[39m [2m/exams/neo4j-certified-professional/index.html[22m [2m(+45ms)[22m 
[2m11:26:15[22m   [34m├─[39m [2m/exams/neo4j-graph-data-science-certification/index.html[22m [2m(+33ms)[22m 
[2m11:26:15[22m   [34m├─[39m [2m/exams/elastic-certified-engineer/index.html[22m [2m(+33ms)[22m 
[2m11:26:15[22m   [34m├─[39m [2m/exams/elastic-certified-analyst/index.html[22m [2m(+36ms)[22m 
[2m11:26:16[22m   [34m├─[39m [2m/exams/elastic-certified-observability-engineer/index.html[22m [2m(+37ms)[22m 
[2m11:26:16[22m   [34m├─[39m [2m/exams/confluent-certified-developer-for-apache-kafka/index.html[22m [2m(+37ms)[22m 
[2m11:26:16[22m   [34m├─[39m [2m/exams/confluent-certified-administrator-for-apache-kafka/index.html[22m [2m(+34ms)[22m 
[2m11:26:16[22m   [34m├─[39m [2m/exams/confluent-certified-developer-for-apache-flink/index.html[22m [2m(+36ms)[22m 
[2m11:26:16[22m   [34m├─[39m [2m/exams/nvidia-certified-associate-generative-ai-llms/index.html[22m [2m(+37ms)[22m 
[2m11:26:16[22m   [34m├─[39m [2m/exams/nvidia-certified-associate-generative-ai-multimodal/index.html[22m [2m(+35ms)[22m 
[2m11:26:16[22m   [34m├─[39m [2m/exams/nvidia-certified-associate-ai-infrastructure-and-operations/index.html[22m [2m(+33ms)[22m 
[2m11:26:16[22m   [34m├─[39m [2m/exams/nvidia-certified-professional-ai-infrastructure/index.html[22m [2m(+34ms)[22m 
[2m11:26:16[22m   [34m├─[39m [2m/exams/nvidia-certified-professional-ai-operations/index.html[22m [2m(+37ms)[22m 
[2m11:26:16[22m   [34m├─[39m [2m/exams/certified-analytics-professional/index.html[22m [2m(+39ms)[22m 
[2m11:26:16[22m   [34m├─[39m [2m/exams/informs-associate-certified-analytics-professional/index.html[22m [2m(+37ms)[22m 
[2m11:26:16[22m   [34m├─[39m [2m/exams/tensorflow-developer-certificate/index.html[22m [2m(+34ms)[22m 
[2m11:26:16[22m   [34m├─[39m [2m/exams/alteryx-designer-core-certification/index.html[22m [2m(+37ms)[22m 
[2m11:26:16[22m   [34m├─[39m [2m/exams/alteryx-designer-advanced-certification/index.html[22m [2m(+34ms)[22m 
[2m11:26:16[22m   [34m├─[39m [2m/exams/dbt-analytics-engineering-certification/index.html[22m [2m(+34ms)[22m 
[2m11:26:16[22m   [34m├─[39m [2m/exams/astronomer-apache-airflow-fundamentals/index.html[22m [2m(+39ms)[22m 
[2m11:26:16[22m   [34m├─[39m [2m/exams/dama-certified-data-management-professional/index.html[22m [2m(+39ms)[22m 
[2m11:26:16[22m   [34m├─[39m [2m/exams/ibm-data-science-professional-certificate/index.html[22m [2m(+38ms)[22m 
[2m11:26:16[22m   [34m├─[39m [2m/exams/ibm-ai-engineering-professional-certificate/index.html[22m [2m(+31ms)[22m 
[2m11:26:16[22m   [34m├─[39m [2m/exams/google-cloud-digital-leader/index.html[22m [2m(+33ms)[22m 
[2m11:26:16[22m   [34m├─[39m [2m/exams/google-cloud-generative-ai-leader/index.html[22m [2m(+35ms)[22m 
[2m11:26:16[22m   [34m├─[39m [2m/exams/google-associate-cloud-engineer/index.html[22m [2m(+37ms)[22m 
[2m11:26:16[22m   [34m├─[39m [2m/exams/google-associate-data-practitioner/index.html[22m [2m(+37ms)[22m 
[2m11:26:16[22m   [34m├─[39m [2m/exams/google-associate-google-workspace-administrator/index.html[22m [2m(+35ms)[22m 
[2m11:26:16[22m   [34m├─[39m [2m/exams/google-professional-cloud-architect/index.html[22m [2m(+37ms)[22m 
[2m11:26:16[22m   [34m├─[39m [2m/exams/google-professional-cloud-database-engineer/index.html[22m [2m(+36ms)[22m 
[2m11:26:16[22m   [34m├─[39m [2m/exams/google-professional-cloud-developer/index.html[22m [2m(+36ms)[22m 
[2m11:26:16[22m   [34m├─[39m [2m/exams/google-professional-cloud-devops-engineer/index.html[22m [2m(+36ms)[22m 
[2m11:26:17[22m   [34m├─[39m [2m/exams/google-professional-cloud-network-engineer/index.html[22m [2m(+38ms)[22m 
[2m11:26:17[22m   [34m├─[39m [2m/exams/google-professional-cloud-security-engineer/index.html[22m [2m(+34ms)[22m 
[2m11:26:17[22m   [34m├─[39m [2m/exams/google-professional-data-engineer/index.html[22m [2m(+35ms)[22m 
[2m11:26:17[22m   [34m├─[39m [2m/exams/google-professional-machine-learning-engineer/index.html[22m [2m(+35ms)[22m 
[2m11:26:17[22m   [34m├─[39m [2m/exams/google-professional-security-operations-engineer/index.html[22m [2m(+35ms)[22m 
[2m11:26:17[22m   [34m├─[39m [2m/exams/google-professional-google-workspace-administrator/index.html[22m [2m(+39ms)[22m 
[2m11:26:17[22m   [34m├─[39m [2m/exams/google-professional-chromeos-administrator/index.html[22m [2m(+35ms)[22m 
[2m11:26:17[22m   [34m├─[39m [2m/exams/google-apigee-certified-api-engineer/index.html[22m [2m(+38ms)[22m 
[2m11:26:17[22m   [34m├─[39m [2m/exams/google-it-support-professional-certificate/index.html[22m [2m(+34ms)[22m 
[2m11:26:17[22m   [34m├─[39m [2m/exams/google-cybersecurity-professional-certificate/index.html[22m [2m(+38ms)[22m 
[2m11:26:17[22m   [34m├─[39m [2m/exams/google-data-analytics-professional-certificate/index.html[22m [2m(+39ms)[22m 
[2m11:26:17[22m   [34m├─[39m [2m/exams/google-advanced-data-analytics-certificate/index.html[22m [2m(+39ms)[22m 
[2m11:26:17[22m   [34m├─[39m [2m/exams/google-ux-design-professional-certificate/index.html[22m [2m(+40ms)[22m 
[2m11:26:17[22m   [34m├─[39m [2m/exams/itil-4-foundation/index.html[22m [2m(+38ms)[22m 
[2m11:26:17[22m   [34m├─[39m [2m/exams/itil-4-specialist-create-deliver-and-support/index.html[22m [2m(+34ms)[22m 
[2m11:26:17[22m   [34m├─[39m [2m/exams/itil-4-specialist-drive-stakeholder-value/index.html[22m [2m(+37ms)[22m 
[2m11:26:17[22m   [34m├─[39m [2m/exams/itil-4-specialist-high-velocity-it/index.html[22m [2m(+37ms)[22m 
[2m11:26:17[22m   [34m├─[39m [2m/exams/itil-4-strategist-direct-plan-and-improve/index.html[22m [2m(+39ms)[22m 
[2m11:26:17[22m   [34m├─[39m [2m/exams/itil-4-leader-digital-and-it-strategy/index.html[22m [2m(+37ms)[22m 
[2m11:26:17[22m   [34m├─[39m [2m/exams/itil-4-specialist-monitor-support-and-fulfil/index.html[22m [2m(+37ms)[22m 
[2m11:26:17[22m   [34m├─[39m [2m/exams/itil-4-specialist-plan-implement-and-control/index.html[22m [2m(+35ms)[22m 
[2m11:26:17[22m   [34m├─[39m [2m/exams/itil-4-specialist-collaborate-assure-and-improve/index.html[22m [2m(+34ms)[22m 
[2m11:26:17[22m   [34m├─[39m [2m/exams/itil-4-managing-professional/index.html[22m [2m(+33ms)[22m 
[2m11:26:17[22m   [34m├─[39m [2m/exams/itil-4-strategic-leader/index.html[22m [2m(+40ms)[22m 
[2m11:26:17[22m   [34m├─[39m [2m/exams/itil-4-master/index.html[22m [2m(+42ms)[22m 
[2m11:26:17[22m   [34m├─[39m [2m/exams/cobit-2019-foundation/index.html[22m [2m(+37ms)[22m 
[2m11:26:17[22m   [34m├─[39m [2m/exams/cobit-2019-design-and-implementation/index.html[22m [2m(+37ms)[22m 
[2m11:26:18[22m   [34m├─[39m [2m/exams/togaf-enterprise-architecture-foundation/index.html[22m [2m(+37ms)[22m 
[2m11:26:18[22m   [34m├─[39m [2m/exams/togaf-enterprise-architecture-practitioner/index.html[22m [2m(+38ms)[22m 
[2m11:26:18[22m   [34m├─[39m [2m/exams/archimate-3-foundation/index.html[22m [2m(+35ms)[22m 
[2m11:26:18[22m   [34m├─[39m [2m/exams/archimate-3-practitioner/index.html[22m [2m(+34ms)[22m 
[2m11:26:18[22m   [34m├─[39m [2m/exams/hdi-support-center-analyst/index.html[22m [2m(+37ms)[22m 
[2m11:26:18[22m   [34m├─[39m [2m/exams/hdi-desktop-advanced-support-technician/index.html[22m [2m(+52ms)[22m 
[2m11:26:18[22m   [34m├─[39m [2m/exams/hdi-support-center-team-lead/index.html[22m [2m(+48ms)[22m 
[2m11:26:18[22m   [34m├─[39m [2m/exams/hdi-support-center-manager/index.html[22m [2m(+42ms)[22m 
[2m11:26:18[22m   [34m├─[39m [2m/exams/hdi-customer-service-representative/index.html[22m [2m(+36ms)[22m 
[2m11:26:18[22m   [34m├─[39m [2m/exams/iso-27001-lead-auditor/index.html[22m [2m(+35ms)[22m 
[2m11:26:18[22m   [34m├─[39m [2m/exams/iso-27001-lead-implementer/index.html[22m [2m(+46ms)[22m 
[2m11:26:18[22m   [34m├─[39m [2m/exams/iso-42001-lead-auditor/index.html[22m [2m(+40ms)[22m 
[2m11:26:18[22m   [34m├─[39m [2m/exams/aiim-certified-information-professional/index.html[22m [2m(+40ms)[22m 
[2m11:26:18[22m   [34m├─[39m [2m/exams/red-hat-certified-system-administrator/index.html[22m [2m(+46ms)[22m 
[2m11:26:18[22m   [34m├─[39m [2m/exams/red-hat-certified-engineer/index.html[22m [2m(+34ms)[22m 
[2m11:26:18[22m   [34m├─[39m [2m/exams/red-hat-certified-architect/index.html[22m [2m(+35ms)[22m 
[2m11:26:18[22m   [34m├─[39m [2m/exams/red-hat-certified-specialist-in-containers/index.html[22m [2m(+34ms)[22m 
[2m11:26:18[22m   [34m├─[39m [2m/exams/red-hat-certified-specialist-in-openshift-application-development/index.html[22m [2m(+40ms)[22m 
[2m11:26:18[22m   [34m├─[39m [2m/exams/red-hat-certified-specialist-in-openshift-administration/index.html[22m [2m(+36ms)[22m 
[2m11:26:18[22m   [34m├─[39m [2m/exams/red-hat-certified-specialist-in-advanced-automation/index.html[22m [2m(+36ms)[22m 
[2m11:26:18[22m   [34m├─[39m [2m/exams/red-hat-certified-specialist-in-security-linux/index.html[22m [2m(+35ms)[22m 
[2m11:26:18[22m   [34m├─[39m [2m/exams/lpi-linux-essentials/index.html[22m [2m(+41ms)[22m 
[2m11:26:18[22m   [34m├─[39m [2m/exams/lpic-1-system-administrator/index.html[22m [2m(+36ms)[22m 
[2m11:26:18[22m   [34m├─[39m [2m/exams/lpic-2-linux-engineer/index.html[22m [2m(+35ms)[22m 
[2m11:26:18[22m   [34m├─[39m [2m/exams/lpic-3-mixed-environments/index.html[22m [2m(+33ms)[22m 
[2m11:26:18[22m   [34m├─[39m [2m/exams/lpic-3-security/index.html[22m [2m(+35ms)[22m 
[2m11:26:19[22m   [34m├─[39m [2m/exams/lpic-3-high-availability-and-storage-clusters/index.html[22m [2m(+44ms)[22m 
[2m11:26:19[22m   [34m├─[39m [2m/exams/lpi-devops-tools-engineer/index.html[22m [2m(+42ms)[22m 
[2m11:26:19[22m   [34m├─[39m [2m/exams/lpi-security-essentials/index.html[22m [2m(+42ms)[22m 
[2m11:26:19[22m   [34m├─[39m [2m/exams/lpi-web-development-essentials/index.html[22m [2m(+38ms)[22m 
[2m11:26:19[22m   [34m├─[39m [2m/exams/lpi-open-source-essentials/index.html[22m [2m(+44ms)[22m 
[2m11:26:19[22m   [34m├─[39m [2m/exams/lpi-bsd-specialist/index.html[22m [2m(+33ms)[22m 
[2m11:26:19[22m   [34m├─[39m [2m/exams/bsd-associate/index.html[22m [2m(+36ms)[22m 
[2m11:26:19[22m   [34m├─[39m [2m/exams/suse-certified-administrator/index.html[22m [2m(+33ms)[22m 
[2m11:26:19[22m   [34m├─[39m [2m/exams/suse-certified-engineer/index.html[22m [2m(+40ms)[22m 
[2m11:26:19[22m   [34m├─[39m [2m/exams/oracle-linux-system-administrator/index.html[22m [2m(+33ms)[22m 
[2m11:26:19[22m   [34m├─[39m [2m/exams/microsoft-az-900/index.html[22m [2m(+36ms)[22m 
[2m11:26:19[22m   [34m├─[39m [2m/exams/microsoft-az-104/index.html[22m [2m(+38ms)[22m 
[2m11:26:19[22m   [34m├─[39m [2m/exams/microsoft-az-140/index.html[22m [2m(+44ms)[22m 
[2m11:26:19[22m   [34m├─[39m [2m/exams/microsoft-az-204/index.html[22m [2m(+39ms)[22m 
[2m11:26:19[22m   [34m├─[39m [2m/exams/microsoft-az-305/index.html[22m [2m(+34ms)[22m 
[2m11:26:19[22m   [34m├─[39m [2m/exams/microsoft-az-400/index.html[22m [2m(+38ms)[22m 
[2m11:26:19[22m   [34m├─[39m [2m/exams/microsoft-az-500/index.html[22m [2m(+36ms)[22m 
[2m11:26:19[22m   [34m├─[39m [2m/exams/microsoft-az-700/index.html[22m [2m(+46ms)[22m 
[2m11:26:19[22m   [34m├─[39m [2m/exams/microsoft-az-800/index.html[22m [2m(+39ms)[22m 
[2m11:26:19[22m   [34m├─[39m [2m/exams/microsoft-az-801/index.html[22m [2m(+42ms)[22m 
[2m11:26:19[22m   [34m├─[39m [2m/exams/microsoft-az-802/index.html[22m [2m(+39ms)[22m 
[2m11:26:19[22m   [34m├─[39m [2m/exams/microsoft-ai-900/index.html[22m [2m(+40ms)[22m 
[2m11:26:19[22m   [34m├─[39m [2m/exams/microsoft-ai-901/index.html[22m [2m(+34ms)[22m 
[2m11:26:19[22m   [34m├─[39m [2m/exams/microsoft-ai-102/index.html[22m [2m(+37ms)[22m 
[2m11:26:19[22m   [34m├─[39m [2m/exams/microsoft-ai-103/index.html[22m [2m(+40ms)[22m 
[2m11:26:19[22m   [34m├─[39m [2m/exams/microsoft-ai-200/index.html[22m [2m(+35ms)[22m 
[2m11:26:20[22m   [34m├─[39m [2m/exams/microsoft-ai-300/index.html[22m [2m(+43ms)[22m 
[2m11:26:20[22m   [34m├─[39m [2m/exams/microsoft-ai-500/index.html[22m [2m(+42ms)[22m 
[2m11:26:20[22m   [34m├─[39m [2m/exams/microsoft-dp-900/index.html[22m [2m(+39ms)[22m 
[2m11:26:20[22m   [34m├─[39m [2m/exams/microsoft-dp-100/index.html[22m [2m(+40ms)[22m 
[2m11:26:20[22m   [34m├─[39m [2m/exams/microsoft-dp-203/index.html[22m [2m(+41ms)[22m 
[2m11:26:20[22m   [34m├─[39m [2m/exams/microsoft-dp-300/index.html[22m [2m(+33ms)[22m 
[2m11:26:20[22m   [34m├─[39m [2m/exams/microsoft-dp-600/index.html[22m [2m(+37ms)[22m 
[2m11:26:20[22m   [34m├─[39m [2m/exams/microsoft-dp-700/index.html[22m [2m(+40ms)[22m 
[2m11:26:20[22m   [34m├─[39m [2m/exams/microsoft-dp-750/index.html[22m [2m(+41ms)[22m 
[2m11:26:20[22m   [34m├─[39m [2m/exams/microsoft-dp-800/index.html[22m [2m(+36ms)[22m 
[2m11:26:20[22m   [34m├─[39m [2m/exams/microsoft-ms-900/index.html[22m [2m(+35ms)[22m 
[2m11:26:20[22m   [34m├─[39m [2m/exams/microsoft-ms-102/index.html[22m [2m(+38ms)[22m 
[2m11:26:20[22m   [34m├─[39m [2m/exams/microsoft-md-102/index.html[22m [2m(+43ms)[22m 
[2m11:26:20[22m   [34m├─[39m [2m/exams/microsoft-ms-700/index.html[22m [2m(+39ms)[22m 
[2m11:26:20[22m   [34m├─[39m [2m/exams/microsoft-ms-721/index.html[22m [2m(+35ms)[22m 
[2m11:26:20[22m   [34m├─[39m [2m/exams/microsoft-sc-900/index.html[22m [2m(+39ms)[22m 
[2m11:26:20[22m   [34m├─[39m [2m/exams/microsoft-sc-100/index.html[22m [2m(+38ms)[22m 
[2m11:26:20[22m   [34m├─[39m [2m/exams/microsoft-sc-200/index.html[22m [2m(+35ms)[22m 
[2m11:26:20[22m   [34m├─[39m [2m/exams/microsoft-sc-300/index.html[22m [2m(+37ms)[22m 
[2m11:26:20[22m   [34m├─[39m [2m/exams/microsoft-sc-400/index.html[22m [2m(+36ms)[22m 
[2m11:26:20[22m   [34m├─[39m [2m/exams/microsoft-sc-401/index.html[22m [2m(+39ms)[22m 
[2m11:26:20[22m   [34m├─[39m [2m/exams/microsoft-sc-500/index.html[22m [2m(+35ms)[22m 
[2m11:26:20[22m   [34m├─[39m [2m/exams/microsoft-pl-900/index.html[22m [2m(+36ms)[22m 
[2m11:26:20[22m   [34m├─[39m [2m/exams/microsoft-pl-200/index.html[22m [2m(+37ms)[22m 
[2m11:26:20[22m   [34m├─[39m [2m/exams/microsoft-pl-300/index.html[22m [2m(+37ms)[22m 
[2m11:26:20[22m   [34m├─[39m [2m/exams/microsoft-pl-400/index.html[22m [2m(+41ms)[22m 
[2m11:26:21[22m   [34m├─[39m [2m/exams/microsoft-pl-500/index.html[22m [2m(+33ms)[22m 
[2m11:26:21[22m   [34m├─[39m [2m/exams/microsoft-pl-600/index.html[22m [2m(+35ms)[22m 
[2m11:26:21[22m   [34m├─[39m [2m/exams/microsoft-mb-210/index.html[22m [2m(+41ms)[22m 
[2m11:26:21[22m   [34m├─[39m [2m/exams/microsoft-mb-220/index.html[22m [2m(+45ms)[22m 
[2m11:26:21[22m   [34m├─[39m [2m/exams/microsoft-mb-230/index.html[22m [2m(+37ms)[22m 
[2m11:26:21[22m   [34m├─[39m [2m/exams/microsoft-mb-240/index.html[22m [2m(+40ms)[22m 
[2m11:26:21[22m   [34m├─[39m [2m/exams/microsoft-mb-260/index.html[22m [2m(+43ms)[22m 
[2m11:26:21[22m   [34m├─[39m [2m/exams/microsoft-mb-280/index.html[22m [2m(+47ms)[22m 
[2m11:26:21[22m   [34m├─[39m [2m/exams/microsoft-mb-310/index.html[22m [2m(+33ms)[22m 
[2m11:26:21[22m   [34m├─[39m [2m/exams/microsoft-mb-330/index.html[22m [2m(+35ms)[22m 
[2m11:26:21[22m   [34m├─[39m [2m/exams/microsoft-mb-500/index.html[22m [2m(+35ms)[22m 
[2m11:26:21[22m   [34m├─[39m [2m/exams/microsoft-mb-700/index.html[22m [2m(+39ms)[22m 
[2m11:26:21[22m   [34m├─[39m [2m/exams/microsoft-mb-800/index.html[22m [2m(+37ms)[22m 
[2m11:26:21[22m   [34m├─[39m [2m/exams/microsoft-mb-820/index.html[22m [2m(+44ms)[22m 
[2m11:26:21[22m   [34m├─[39m [2m/exams/microsoft-mb-910/index.html[22m [2m(+34ms)[22m 
[2m11:26:21[22m   [34m├─[39m [2m/exams/microsoft-mb-920/index.html[22m [2m(+37ms)[22m 
[2m11:26:21[22m   [34m├─[39m [2m/exams/microsoft-ab-900/index.html[22m [2m(+34ms)[22m 
[2m11:26:21[22m   [34m├─[39m [2m/exams/microsoft-ab-620/index.html[22m [2m(+40ms)[22m 
[2m11:26:21[22m   [34m├─[39m [2m/exams/microsoft-ab-410/index.html[22m [2m(+43ms)[22m 
[2m11:26:21[22m   [34m├─[39m [2m/exams/microsoft-ab-210/index.html[22m [2m(+34ms)[22m 
[2m11:26:21[22m   [34m├─[39m [2m/exams/microsoft-ab-250/index.html[22m [2m(+39ms)[22m 
[2m11:26:21[22m   [34m├─[39m [2m/exams/microsoft-ab-650/index.html[22m [2m(+38ms)[22m 
[2m11:26:21[22m   [34m├─[39m [2m/exams/microsoft-gh-900/index.html[22m [2m(+37ms)[22m 
[2m11:26:21[22m   [34m├─[39m [2m/exams/microsoft-gh-100/index.html[22m [2m(+34ms)[22m 
[2m11:26:21[22m   [34m├─[39m [2m/exams/microsoft-gh-200/index.html[22m [2m(+34ms)[22m 
[2m11:26:21[22m   [34m├─[39m [2m/exams/microsoft-gh-300/index.html[22m [2m(+34ms)[22m 
[2m11:26:21[22m   [34m├─[39m [2m/exams/microsoft-gh-500/index.html[22m [2m(+35ms)[22m 
[2m11:26:22[22m   [34m├─[39m [2m/exams/microsoft-office-specialist-excel-associate/index.html[22m [2m(+35ms)[22m 
[2m11:26:22[22m   [34m├─[39m [2m/exams/microsoft-office-specialist-excel-expert/index.html[22m [2m(+43ms)[22m 
[2m11:26:22[22m   [34m├─[39m [2m/exams/microsoft-office-specialist-word-associate/index.html[22m [2m(+35ms)[22m 
[2m11:26:22[22m   [34m├─[39m [2m/exams/microsoft-office-specialist-word-expert/index.html[22m [2m(+35ms)[22m 
[2m11:26:22[22m   [34m├─[39m [2m/exams/microsoft-office-specialist-powerpoint-associate/index.html[22m [2m(+41ms)[22m 
[2m11:26:22[22m   [34m├─[39m [2m/exams/microsoft-office-specialist-outlook-associate/index.html[22m [2m(+35ms)[22m 
[2m11:26:22[22m   [34m├─[39m [2m/exams/microsoft-office-specialist-associate-bundle/index.html[22m [2m(+39ms)[22m 
[2m11:26:22[22m   [34m├─[39m [2m/exams/microsoft-office-specialist-expert-bundle/index.html[22m [2m(+35ms)[22m 
[2m11:26:22[22m   [34m├─[39m [2m/exams/juniper-jncia-junos/index.html[22m [2m(+35ms)[22m 
[2m11:26:22[22m   [34m├─[39m [2m/exams/juniper-jncis-enterprise-routing-and-switching/index.html[22m [2m(+37ms)[22m 
[2m11:26:22[22m   [34m├─[39m [2m/exams/juniper-jncip-enterprise-routing-and-switching/index.html[22m [2m(+36ms)[22m 
[2m11:26:22[22m   [34m├─[39m [2m/exams/juniper-jncie-enterprise/index.html[22m [2m(+40ms)[22m 
[2m11:26:22[22m   [34m├─[39m [2m/exams/juniper-jncia-security/index.html[22m [2m(+38ms)[22m 
[2m11:26:22[22m   [34m├─[39m [2m/exams/juniper-jncis-security/index.html[22m [2m(+34ms)[22m 
[2m11:26:22[22m   [34m├─[39m [2m/exams/juniper-jncia-cloud/index.html[22m [2m(+37ms)[22m 
[2m11:26:22[22m   [34m├─[39m [2m/exams/juniper-jncia-devops/index.html[22m [2m(+40ms)[22m 
[2m11:26:22[22m   [34m├─[39m [2m/exams/juniper-jncis-service-provider/index.html[22m [2m(+36ms)[22m 
[2m11:26:22[22m   [34m├─[39m [2m/exams/aruba-certified-networking-associate/index.html[22m [2m(+38ms)[22m 
[2m11:26:22[22m   [34m├─[39m [2m/exams/aruba-certified-networking-professional/index.html[22m [2m(+37ms)[22m 
[2m11:26:22[22m   [34m├─[39m [2m/exams/aruba-certified-networking-expert/index.html[22m [2m(+38ms)[22m 
[2m11:26:22[22m   [34m├─[39m [2m/exams/palo-alto-pccet/index.html[22m [2m(+35ms)[22m 
[2m11:26:22[22m   [34m├─[39m [2m/exams/palo-alto-pcnsa/index.html[22m [2m(+39ms)[22m 
[2m11:26:22[22m   [34m├─[39m [2m/exams/palo-alto-pcnse/index.html[22m [2m(+39ms)[22m 
[2m11:26:22[22m   [34m├─[39m [2m/exams/palo-alto-pcsfe/index.html[22m [2m(+44ms)[22m 
[2m11:26:22[22m   [34m├─[39m [2m/exams/palo-alto-pcdra/index.html[22m [2m(+46ms)[22m 
[2m11:26:22[22m   [34m├─[39m [2m/exams/fortinet-certified-associate-cybersecurity/index.html[22m [2m(+53ms)[22m 
[2m11:26:23[22m   [34m├─[39m [2m/exams/fortinet-certified-professional-network-security/index.html[22m [2m(+45ms)[22m 
[2m11:26:23[22m   [34m├─[39m [2m/exams/fortinet-certified-solution-specialist/index.html[22m [2m(+39ms)[22m 
[2m11:26:23[22m   [34m├─[39m [2m/exams/fortinet-certified-expert/index.html[22m [2m(+38ms)[22m 
[2m11:26:23[22m   [34m├─[39m [2m/exams/check-point-ccsa/index.html[22m [2m(+39ms)[22m 
[2m11:26:23[22m   [34m├─[39m [2m/exams/check-point-ccse/index.html[22m [2m(+36ms)[22m 
[2m11:26:23[22m   [34m├─[39m [2m/exams/f5-certified-administrator-big-ip/index.html[22m [2m(+54ms)[22m 
[2m11:26:23[22m   [34m├─[39m [2m/exams/f5-certified-technology-specialist-ltm/index.html[22m [2m(+38ms)[22m 
[2m11:26:23[22m   [34m├─[39m [2m/exams/cwnp-cwna/index.html[22m [2m(+38ms)[22m 
[2m11:26:23[22m   [34m├─[39m [2m/exams/cwnp-cwsp/index.html[22m [2m(+34ms)[22m 
[2m11:26:23[22m   [34m├─[39m [2m/exams/cwnp-cwdp/index.html[22m [2m(+35ms)[22m 
[2m11:26:23[22m   [34m├─[39m [2m/exams/cwnp-cwap/index.html[22m [2m(+38ms)[22m 
[2m11:26:23[22m   [34m├─[39m [2m/exams/cwnp-cwne/index.html[22m [2m(+35ms)[22m 
[2m11:26:23[22m   [34m├─[39m [2m/exams/cwnp-cwt/index.html[22m [2m(+35ms)[22m 
[2m11:26:23[22m   [34m├─[39m [2m/exams/cwnp-cwisa/index.html[22m [2m(+35ms)[22m 
[2m11:26:23[22m   [34m├─[39m [2m/exams/bicsi-installer-1/index.html[22m [2m(+40ms)[22m 
[2m11:26:23[22m   [34m├─[39m [2m/exams/bicsi-installer-2/index.html[22m [2m(+53ms)[22m 
[2m11:26:23[22m   [34m├─[39m [2m/exams/bicsi-technician/index.html[22m [2m(+42ms)[22m 
[2m11:26:23[22m   [34m├─[39m [2m/exams/bicsi-rcdd/index.html[22m [2m(+37ms)[22m 
[2m11:26:23[22m   [34m├─[39m [2m/exams/bicsi-dcdc/index.html[22m [2m(+39ms)[22m 
[2m11:26:23[22m   [34m├─[39m [2m/exams/sonicwall-network-security-administrator/index.html[22m [2m(+36ms)[22m 
[2m11:26:23[22m   [34m├─[39m [2m/exams/oracle-java-se-17-developer/index.html[22m [2m(+41ms)[22m 
[2m11:26:23[22m   [34m├─[39m [2m/exams/oracle-java-se-21-developer/index.html[22m [2m(+97ms)[22m 
[2m11:26:23[22m   [34m├─[39m [2m/exams/oracle-java-se-11-developer/index.html[22m [2m(+55ms)[22m 
[2m11:26:24[22m   [34m├─[39m [2m/exams/oracle-java-foundations/index.html[22m [2m(+42ms)[22m 
[2m11:26:24[22m   [34m├─[39m [2m/exams/python-institute-pcep/index.html[22m [2m(+36ms)[22m 
[2m11:26:24[22m   [34m├─[39m [2m/exams/python-institute-pcap/index.html[22m [2m(+34ms)[22m 
[2m11:26:24[22m   [34m├─[39m [2m/exams/python-institute-pcpp1/index.html[22m [2m(+40ms)[22m 
[2m11:26:24[22m   [34m├─[39m [2m/exams/python-institute-pcpp2/index.html[22m [2m(+34ms)[22m 
[2m11:26:24[22m   [34m├─[39m [2m/exams/python-institute-pced/index.html[22m [2m(+39ms)[22m 
[2m11:26:24[22m   [34m├─[39m [2m/exams/cpp-institute-cpa/index.html[22m [2m(+39ms)[22m 
[2m11:26:24[22m   [34m├─[39m [2m/exams/cpp-institute-cpp/index.html[22m [2m(+40ms)[22m 
[2m11:26:24[22m   [34m├─[39m [2m/exams/cpp-institute-cla/index.html[22m [2m(+36ms)[22m 
[2m11:26:24[22m   [34m├─[39m [2m/exams/js-institute-jse/index.html[22m [2m(+36ms)[22m 
[2m11:26:24[22m   [34m├─[39m [2m/exams/js-institute-jsa/index.html[22m [2m(+35ms)[22m 
[2m11:26:24[22m   [34m├─[39m [2m/exams/unity-certified-associate-game-developer/index.html[22m [2m(+37ms)[22m 
[2m11:26:24[22m   [34m├─[39m [2m/exams/unity-certified-professional-programmer/index.html[22m [2m(+35ms)[22m 
[2m11:26:24[22m   [34m├─[39m [2m/exams/zend-certified-php-engineer/index.html[22m [2m(+35ms)[22m 
[2m11:26:24[22m   [34m├─[39m [2m/exams/ruby-association-certified-ruby-programmer-silver/index.html[22m [2m(+45ms)[22m 
[2m11:26:24[22m   [34m├─[39m [2m/exams/ruby-association-certified-ruby-programmer-gold/index.html[22m [2m(+40ms)[22m 
[2m11:26:24[22m   [34m├─[39m [2m/exams/ciw-web-foundations-associate/index.html[22m [2m(+37ms)[22m 
[2m11:26:24[22m   [34m├─[39m [2m/exams/ciw-javascript-specialist/index.html[22m [2m(+35ms)[22m 
[2m11:26:24[22m   [34m├─[39m [2m/exams/ciw-advanced-html5-and-css3-specialist/index.html[22m [2m(+39ms)[22m 
[2m11:26:24[22m   [34m├─[39m [2m/exams/w3schools-javascript-certification/index.html[22m [2m(+33ms)[22m 
[2m11:26:24[22m   [34m├─[39m [2m/exams/w3schools-python-certification/index.html[22m [2m(+35ms)[22m 
[2m11:26:24[22m   [34m├─[39m [2m/exams/freecodecamp-responsive-web-design-certification/index.html[22m [2m(+41ms)[22m 
[2m11:26:24[22m   [34m├─[39m [2m/exams/freecodecamp-javascript-algorithms-and-data-structures/index.html[22m [2m(+41ms)[22m 
[2m11:26:24[22m   [34m├─[39m [2m/exams/vmware-vcta-data-center-virtualization/index.html[22m [2m(+36ms)[22m 
[2m11:26:24[22m   [34m├─[39m [2m/exams/vmware-vcp-data-center-virtualization/index.html[22m [2m(+34ms)[22m 
[2m11:26:24[22m   [34m├─[39m [2m/exams/vmware-vcp-vvf-administrator/index.html[22m [2m(+36ms)[22m 
[2m11:26:24[22m   [34m├─[39m [2m/exams/vmware-vcp-vcf-administrator/index.html[22m [2m(+39ms)[22m 
[2m11:26:25[22m   [34m├─[39m [2m/exams/vmware-vcp-vcf-architect/index.html[22m [2m(+38ms)[22m 
[2m11:26:25[22m   [34m├─[39m [2m/exams/vmware-vcp-network-virtualization/index.html[22m [2m(+34ms)[22m 
[2m11:26:25[22m   [34m├─[39m [2m/exams/vmware-vcap-vcf-administrator/index.html[22m [2m(+36ms)[22m 
[2m11:26:25[22m   [34m├─[39m [2m/exams/vmware-vcdx/index.html[22m [2m(+36ms)[22m 
[2m11:26:25[22m   [34m├─[39m [2m/exams/nutanix-certified-associate/index.html[22m [2m(+37ms)[22m 
[2m11:26:25[22m   [34m├─[39m [2m/exams/nutanix-certified-professional-multicloud-infrastructure/index.html[22m [2m(+34ms)[22m 
[2m11:26:25[22m   [34m├─[39m [2m/exams/nutanix-certified-master-multicloud-infrastructure/index.html[22m [2m(+39ms)[22m 
[2m11:26:25[22m   [34m├─[39m [2m/exams/citrix-certified-associate-virtualization/index.html[22m [2m(+38ms)[22m 
[2m11:26:25[22m   [34m├─[39m [2m/exams/citrix-certified-professional-virtualization/index.html[22m [2m(+35ms)[22m 
[2m11:26:25[22m   [34m├─[39m [2m/exams/netapp-certified-data-administrator-ontap/index.html[22m [2m(+39ms)[22m 
[2m11:26:25[22m   [34m├─[39m [2m/exams/netapp-certified-implementation-engineer-san/index.html[22m [2m(+41ms)[22m 
[2m11:26:25[22m   [34m├─[39m [2m/exams/veeam-certified-engineer/index.html[22m [2m(+34ms)[22m 
[2m11:26:25[22m   [34m├─[39m [2m/exams/dell-information-storage-and-management-associate/index.html[22m [2m(+36ms)[22m 
[2m11:26:25[22m   [34m├─[39m [2m/exams/salesforce-administrator/index.html[22m [2m(+37ms)[22m 
[2m11:26:25[22m   [34m├─[39m [2m/exams/salesforce-advanced-administrator/index.html[22m [2m(+39ms)[22m 
[2m11:26:25[22m   [34m├─[39m [2m/exams/salesforce-platform-app-builder/index.html[22m [2m(+43ms)[22m 
[2m11:26:25[22m   [34m├─[39m [2m/exams/salesforce-platform-developer-i/index.html[22m [2m(+39ms)[22m 
[2m11:26:25[22m   [34m├─[39m [2m/exams/salesforce-platform-developer-ii/index.html[22m [2m(+33ms)[22m 
[2m11:26:25[22m   [34m├─[39m [2m/exams/salesforce-sales-cloud-consultant/index.html[22m [2m(+36ms)[22m 
[2m11:26:25[22m   [34m├─[39m [2m/exams/salesforce-service-cloud-consultant/index.html[22m [2m(+35ms)[22m 
[2m11:26:25[22m   [34m├─[39m [2m/exams/salesforce-experience-cloud-consultant/index.html[22m [2m(+35ms)[22m 
[2m11:26:25[22m   [34m├─[39m [2m/exams/salesforce-marketing-cloud-administrator/index.html[22m [2m(+38ms)[22m 
[2m11:26:25[22m   [34m├─[39m [2m/exams/salesforce-marketing-cloud-email-specialist/index.html[22m [2m(+35ms)[22m 
[2m11:26:25[22m   [34m├─[39m [2m/exams/salesforce-agentforce-specialist/index.html[22m [2m(+40ms)[22m 
[2m11:26:25[22m   [34m├─[39m [2m/exams/salesforce-data-cloud-consultant/index.html[22m [2m(+34ms)[22m 
[2m11:26:25[22m   [34m├─[39m [2m/exams/salesforce-cpq-specialist/index.html[22m [2m(+43ms)[22m 
[2m11:26:25[22m   [34m├─[39m [2m/exams/salesforce-business-analyst/index.html[22m [2m(+34ms)[22m 
[2m11:26:26[22m   [34m├─[39m [2m/exams/salesforce-solution-architect/index.html[22m [2m(+40ms)[22m 
[2m11:26:26[22m   [34m├─[39m [2m/exams/servicenow-certified-system-administrator/index.html[22m [2m(+39ms)[22m 
[2m11:26:26[22m   [34m├─[39m [2m/exams/servicenow-certified-application-developer/index.html[22m [2m(+35ms)[22m 
[2m11:26:26[22m   [34m├─[39m [2m/exams/servicenow-cis-itsm/index.html[22m [2m(+35ms)[22m 
[2m11:26:26[22m   [34m├─[39m [2m/exams/servicenow-certified-technical-architect/index.html[22m [2m(+40ms)[22m 
[2m11:26:26[22m   [34m├─[39m [2m/exams/servicenow-certified-master-architect/index.html[22m [2m(+36ms)[22m 
[2m11:26:26[22m   [34m├─[39m [2m/exams/sap-s4hana-financial-accounting/index.html[22m [2m(+35ms)[22m 
[2m11:26:26[22m   [34m├─[39m [2m/exams/sap-s4hana-management-accounting/index.html[22m [2m(+36ms)[22m 
[2m11:26:26[22m   [34m├─[39m [2m/exams/sap-activate-project-manager/index.html[22m [2m(+36ms)[22m 
[2m11:26:26[22m   [34m├─[39m [2m/exams/sap-s4hana-development-associate/index.html[22m [2m(+42ms)[22m 
[2m11:26:26[22m   [34m├─[39m [2m/exams/workday-pro-hcm/index.html[22m [2m(+35ms)[22m 
[2m11:26:26[22m   [34m├─[39m [2m/exams/workday-pro-integrations/index.html[22m [2m(+33ms)[22m 
[2m11:26:26[22m   [34m├─[39m [2m/exams/oracle-oci-foundations-associate/index.html[22m [2m(+37ms)[22m 
[2m11:26:26[22m   [34m├─[39m [2m/exams/oracle-oci-architect-associate/index.html[22m [2m(+34ms)[22m 
[2m11:26:26[22m   [34m├─[39m [2m/exams/oracle-database-administrator-professional/index.html[22m [2m(+42ms)[22m 
[2m11:26:26[22m   [34m├─[39m [2m/exams/adobe-certified-professional-photoshop/index.html[22m [2m(+37ms)[22m 
[2m11:26:26[22m   [34m├─[39m [2m/exams/adobe-certified-professional-illustrator/index.html[22m [2m(+36ms)[22m 
[2m11:26:26[22m   [34m├─[39m [2m/exams/adobe-certified-professional-premiere-pro/index.html[22m [2m(+38ms)[22m 
[2m11:26:26[22m   [34m├─[39m [2m/exams/adobe-certified-expert-experience-manager/index.html[22m [2m(+36ms)[22m 
[2m11:26:26[22m   [34m├─[39m [2m/exams/adobe-marketo-engage-professional/index.html[22m [2m(+36ms)[22m 
[2m11:26:26[22m   [34m├─[39m [2m/exams/atlassian-jira-administrator/index.html[22m [2m(+42ms)[22m 
[2m11:26:26[22m   [34m├─[39m [2m/exams/atlassian-agile-development-jira/index.html[22m [2m(+41ms)[22m 
[2m11:26:26[22m   [34m├─[39m [2m/exams/atlassian-system-administrator/index.html[22m [2m(+35ms)[22m 
[2m11:26:26[22m   [34m├─[39m [2m/exams/hubspot-inbound-certification/index.html[22m [2m(+39ms)[22m 
[2m11:26:26[22m   [34m├─[39m [2m/exams/hubspot-marketing-software-certification/index.html[22m [2m(+33ms)[22m 
[2m11:26:26[22m   [34m├─[39m [2m/exams/shopify-partner-foundations/index.html[22m [2m(+36ms)[22m 
[2m11:26:26[22m   [34m├─[39m [2m/exams/netsuite-suitefoundation/index.html[22m [2m(+41ms)[22m 
[2m11:26:27[22m   [34m├─[39m [2m/exams/netsuite-certified-administrator/index.html[22m [2m(+36ms)[22m 
[2m11:26:27[22m   [34m├─[39m [2m/exams/netsuite-erp-consultant/index.html[22m [2m(+37ms)[22m 
[2m11:26:27[22m   [34m├─[39m [2m/exams/epic-beaker-analyst/index.html[22m [2m(+36ms)[22m 
[2m11:26:27[22m   [34m├─[39m [2m/exams/epic-ambulatory-analyst/index.html[22m [2m(+42ms)[22m 
[2m11:26:27[22m   [34m├─[39m [2m/exams/oracle-cerner-millennia/index.html[22m [2m(+40ms)[22m 
[2m11:26:27[22m   [34m├─[39m [2m/exams/ase-a1-engine-repair/index.html[22m [2m(+32ms)[22m 
[2m11:26:27[22m   [34m├─[39m [2m/exams/ase-a2-automatic-transmission/index.html[22m [2m(+40ms)[22m 
[2m11:26:27[22m   [34m├─[39m [2m/exams/ase-a3-manual-drive-train-axles/index.html[22m [2m(+36ms)[22m 
[2m11:26:27[22m   [34m├─[39m [2m/exams/ase-a4-suspension-steering/index.html[22m [2m(+35ms)[22m 
[2m11:26:27[22m   [34m├─[39m [2m/exams/ase-a5-brakes/index.html[22m [2m(+38ms)[22m 
[2m11:26:27[22m   [34m├─[39m [2m/exams/ase-a6-electrical-electronic-systems/index.html[22m [2m(+35ms)[22m 
[2m11:26:27[22m   [34m├─[39m [2m/exams/ase-a7-heating-air-conditioning/index.html[22m [2m(+42ms)[22m 
[2m11:26:27[22m   [34m├─[39m [2m/exams/ase-a8-engine-performance/index.html[22m [2m(+34ms)[22m 
[2m11:26:27[22m   [34m├─[39m [2m/exams/ase-a9-light-vehicle-diesel-engines/index.html[22m [2m(+38ms)[22m 
[2m11:26:27[22m   [34m├─[39m [2m/exams/ase-advanced-level-specialist/index.html[22m [2m(+38ms)[22m 
[2m11:26:27[22m   [34m├─[39m [2m/exams/ase-b2-painting-refinishing/index.html[22m [2m(+38ms)[22m 
[2m11:26:27[22m   [34m├─[39m [2m/exams/ase-b3-non-structural-damage-repair/index.html[22m [2m(+35ms)[22m 
[2m11:26:27[22m   [34m├─[39m [2m/exams/ase-b4-structural-damage-repair/index.html[22m [2m(+35ms)[22m 
[2m11:26:27[22m   [34m├─[39m [2m/exams/ase-b5-mechanical-electrical-components/index.html[22m [2m(+36ms)[22m 
[2m11:26:27[22m   [34m├─[39m [2m/exams/ase-b6-damage-analysis-estimating/index.html[22m [2m(+34ms)[22m 
[2m11:26:27[22m   [34m├─[39m [2m/exams/ase-c1-service-consultant/index.html[22m [2m(+37ms)[22m 
[2m11:26:27[22m   [34m├─[39m [2m/exams/ase-e1-truck-equipment-installation/index.html[22m [2m(+56ms)[22m 
[2m11:26:27[22m   [34m├─[39m [2m/exams/ase-e2-truck-electrical-installation/index.html[22m [2m(+51ms)[22m 
[2m11:26:27[22m   [34m├─[39m [2m/exams/ase-e3-auxiliary-power-systems/index.html[22m [2m(+41ms)[22m 
[2m11:26:27[22m   [34m├─[39m [2m/exams/ase-entry-level-student-certification/index.html[22m [2m(+40ms)[22m 
[2m11:26:27[22m   [34m├─[39m [2m/exams/ase-f1-alternate-fuels-cng/index.html[22m [2m(+35ms)[22m 
[2m11:26:28[22m   [34m├─[39m [2m/exams/ase-g1-maintenance-light-repair/index.html[22m [2m(+36ms)[22m 
[2m11:26:28[22m   [34m├─[39m [2m/exams/ase-h1-transit-bus-cng-engines/index.html[22m [2m(+43ms)[22m 
[2m11:26:28[22m   [34m├─[39m [2m/exams/ase-h2-transit-bus-diesel-engines/index.html[22m [2m(+53ms)[22m 
[2m11:26:28[22m   [34m├─[39m [2m/exams/ase-h3-transit-bus-drive-train/index.html[22m [2m(+36ms)[22m 
[2m11:26:28[22m   [34m├─[39m [2m/exams/ase-h4-transit-bus-brakes/index.html[22m [2m(+36ms)[22m 
[2m11:26:28[22m   [34m├─[39m [2m/exams/ase-h5-transit-bus-suspension-steering/index.html[22m [2m(+39ms)[22m 
[2m11:26:28[22m   [34m├─[39m [2m/exams/ase-h6-transit-bus-electrical/index.html[22m [2m(+41ms)[22m 
[2m11:26:28[22m   [34m├─[39m [2m/exams/ase-h7-transit-bus-hvac/index.html[22m [2m(+34ms)[22m 
[2m11:26:28[22m   [34m├─[39m [2m/exams/ase-h8-transit-bus-preventive-maintenance/index.html[22m [2m(+46ms)[22m 
[2m11:26:28[22m   [34m├─[39m [2m/exams/ase-l1-advanced-engine-performance/index.html[22m [2m(+35ms)[22m 
[2m11:26:28[22m   [34m├─[39m [2m/exams/ase-l2-electronic-diesel-diagnosis/index.html[22m [2m(+39ms)[22m 
[2m11:26:28[22m   [34m├─[39m [2m/exams/ase-l3-hybrid-electric-vehicle/index.html[22m [2m(+37ms)[22m 
[2m11:26:28[22m   [34m├─[39m [2m/exams/ase-l4-adas-specialist/index.html[22m [2m(+35ms)[22m 
[2m11:26:28[22m   [34m├─[39m [2m/exams/ase-military-tactical-wheeled-vehicle/index.html[22m [2m(+43ms)[22m 
[2m11:26:28[22m   [34m├─[39m [2m/exams/ase-p1-medium-heavy-truck-parts/index.html[22m [2m(+34ms)[22m 
[2m11:26:28[22m   [34m├─[39m [2m/exams/ase-p2-automobile-parts-specialist/index.html[22m [2m(+35ms)[22m 
[2m11:26:28[22m   [34m├─[39m [2m/exams/ase-s1-school-bus-body-systems/index.html[22m [2m(+49ms)[22m 
[2m11:26:28[22m   [34m├─[39m [2m/exams/ase-s2-school-bus-diesel-engines/index.html[22m [2m(+44ms)[22m 
[2m11:26:28[22m   [34m├─[39m [2m/exams/ase-s3-school-bus-drive-train/index.html[22m [2m(+44ms)[22m 
[2m11:26:28[22m   [34m├─[39m [2m/exams/ase-s4-school-bus-brakes/index.html[22m [2m(+47ms)[22m 
[2m11:26:28[22m   [34m├─[39m [2m/exams/ase-s5-school-bus-suspension-steering/index.html[22m [2m(+43ms)[22m 
[2m11:26:28[22m   [34m├─[39m [2m/exams/ase-s6-school-bus-electrical/index.html[22m [2m(+35ms)[22m 
[2m11:26:28[22m   [34m├─[39m [2m/exams/ase-s7-school-bus-air-conditioning/index.html[22m [2m(+34ms)[22m 
[2m11:26:28[22m   [34m├─[39m [2m/exams/ase-t1-truck-gasoline-engines/index.html[22m [2m(+37ms)[22m 
[2m11:26:28[22m   [34m├─[39m [2m/exams/ase-t2-truck-diesel-engines/index.html[22m [2m(+35ms)[22m 
[2m11:26:29[22m   [34m├─[39m [2m/exams/ase-t3-truck-drive-train/index.html[22m [2m(+36ms)[22m 
[2m11:26:29[22m   [34m├─[39m [2m/exams/ase-t4-truck-brakes/index.html[22m [2m(+38ms)[22m 
[2m11:26:29[22m   [34m├─[39m [2m/exams/ase-t5-truck-suspension-steering/index.html[22m [2m(+40ms)[22m 
[2m11:26:29[22m   [34m├─[39m [2m/exams/ase-t6-truck-electrical/index.html[22m [2m(+34ms)[22m 
[2m11:26:29[22m   [34m├─[39m [2m/exams/ase-t7-truck-hvac/index.html[22m [2m(+35ms)[22m 
[2m11:26:29[22m   [34m├─[39m [2m/exams/ase-t8-truck-preventive-maintenance/index.html[22m [2m(+33ms)[22m 
[2m11:26:29[22m   [34m├─[39m [2m/exams/ase-x1-exhaust-systems/index.html[22m [2m(+35ms)[22m 
[2m11:26:29[22m   [34m├─[39m [2m/exams/ase-xev-level-1-electrical-safety/index.html[22m [2m(+34ms)[22m 
[2m11:26:29[22m   [34m├─[39m [2m/exams/ase-xev-level-2-technician-safety/index.html[22m [2m(+39ms)[22m 
[2m11:26:29[22m   [34m├─[39m [2m/exams/automotive-service-technician-state-licence/index.html[22m [2m(+36ms)[22m 
[2m11:26:29[22m   [34m├─[39m [2m/exams/epa-609-mvac-certification/index.html[22m [2m(+52ms)[22m 
[2m11:26:29[22m   [34m├─[39m [2m/exams/i-car-platinum-recognition/index.html[22m [2m(+39ms)[22m 
[2m11:26:29[22m   [34m├─[39m [2m/exams/i-car-prolevel-1/index.html[22m [2m(+37ms)[22m 
[2m11:26:29[22m   [34m├─[39m [2m/exams/i-car-prolevel-2/index.html[22m [2m(+34ms)[22m 
[2m11:26:29[22m   [34m├─[39m [2m/exams/i-car-prolevel-3/index.html[22m [2m(+34ms)[22m 
[2m11:26:29[22m   [34m├─[39m [2m/exams/aws-certified-welding-inspector/index.html[22m [2m(+35ms)[22m 
[2m11:26:29[22m   [34m├─[39m [2m/exams/aws-senior-certified-welding-inspector/index.html[22m [2m(+36ms)[22m 
[2m11:26:29[22m   [34m├─[39m [2m/exams/aws-certified-associate-welding-inspector/index.html[22m [2m(+37ms)[22m 
[2m11:26:29[22m   [34m├─[39m [2m/exams/aws-certified-welding-educator/index.html[22m [2m(+36ms)[22m 
[2m11:26:29[22m   [34m├─[39m [2m/exams/aws-certified-welding-supervisor/index.html[22m [2m(+33ms)[22m 
[2m11:26:29[22m   [34m├─[39m [2m/exams/aws-certified-welding-sales-representative/index.html[22m [2m(+37ms)[22m 
[2m11:26:29[22m   [34m├─[39m [2m/exams/aws-certified-welding-engineer/index.html[22m [2m(+41ms)[22m 
[2m11:26:29[22m   [34m├─[39m [2m/exams/aws-radiographic-interpreter/index.html[22m [2m(+37ms)[22m 
[2m11:26:29[22m   [34m├─[39m [2m/exams/aws-certified-welder/index.html[22m [2m(+33ms)[22m 
[2m11:26:29[22m   [34m├─[39m [2m/exams/aws-d11-structural-steel-code-endorsement/index.html[22m [2m(+36ms)[22m 
[2m11:26:29[22m   [34m├─[39m [2m/exams/api-1104-pipeline-welder/index.html[22m [2m(+42ms)[22m 
[2m11:26:29[22m   [34m├─[39m [2m/exams/asme-section-ix-welder-qualification/index.html[22m [2m(+34ms)[22m 
[2m11:26:30[22m   [34m├─[39m [2m/exams/nccer-welding/index.html[22m [2m(+35ms)[22m 
[2m11:26:30[22m   [34m├─[39m [2m/exams/ampp-cip-level-1/index.html[22m [2m(+40ms)[22m 
[2m11:26:30[22m   [34m├─[39m [2m/exams/ampp-cip-level-2/index.html[22m [2m(+34ms)[22m 
[2m11:26:30[22m   [34m├─[39m [2m/exams/ampp-cip-level-3/index.html[22m [2m(+36ms)[22m 
[2m11:26:30[22m   [34m├─[39m [2m/exams/ampp-cathodic-protection-level-1/index.html[22m [2m(+36ms)[22m 
[2m11:26:30[22m   [34m├─[39m [2m/exams/ampp-cathodic-protection-level-2/index.html[22m [2m(+36ms)[22m 
[2m11:26:30[22m   [34m├─[39m [2m/exams/ampp-protective-coatings-specialist/index.html[22m [2m(+41ms)[22m 
[2m11:26:30[22m   [34m├─[39m [2m/exams/certified-robotic-arc-welding/index.html[22m [2m(+34ms)[22m 
[2m11:26:30[22m   [34m├─[39m [2m/exams/nims-welding-credentials/index.html[22m [2m(+36ms)[22m 
[2m11:26:30[22m   [34m├─[39m [2m/exams/asnt-ndt-level-1/index.html[22m [2m(+39ms)[22m 
[2m11:26:30[22m   [34m├─[39m [2m/exams/asnt-ndt-level-2/index.html[22m [2m(+36ms)[22m 
[2m11:26:30[22m   [34m├─[39m [2m/exams/asnt-ndt-level-3/index.html[22m [2m(+41ms)[22m 
[2m11:26:30[22m   [34m├─[39m [2m/exams/asnt-accp-level-2/index.html[22m [2m(+39ms)[22m 
[2m11:26:30[22m   [34m├─[39m [2m/exams/asnt-accp-level-3/index.html[22m [2m(+37ms)[22m 
[2m11:26:30[22m   [34m├─[39m [2m/exams/asnt-irrsp/index.html[22m [2m(+45ms)[22m 
[2m11:26:30[22m   [34m├─[39m [2m/exams/asnt-magnetic-particle-testing/index.html[22m [2m(+38ms)[22m 
[2m11:26:30[22m   [34m├─[39m [2m/exams/asnt-liquid-penetrant-testing/index.html[22m [2m(+46ms)[22m 
[2m11:26:30[22m   [34m├─[39m [2m/exams/asnt-radiographic-testing/index.html[22m [2m(+34ms)[22m 
[2m11:26:30[22m   [34m├─[39m [2m/exams/asnt-ultrasonic-testing/index.html[22m [2m(+34ms)[22m 
[2m11:26:30[22m   [34m├─[39m [2m/exams/asnt-eddy-current-testing/index.html[22m [2m(+43ms)[22m 
[2m11:26:30[22m   [34m├─[39m [2m/exams/asnt-visual-testing/index.html[22m [2m(+34ms)[22m 
[2m11:26:30[22m   [34m├─[39m [2m/exams/api-510-pressure-vessel-inspector/index.html[22m [2m(+38ms)[22m 
[2m11:26:30[22m   [34m├─[39m [2m/exams/api-570-piping-inspector/index.html[22m [2m(+36ms)[22m 
[2m11:26:30[22m   [34m├─[39m [2m/exams/api-653-tank-inspector/index.html[22m [2m(+33ms)[22m 
[2m11:26:30[22m   [34m├─[39m [2m/exams/iso-9712-ndt/index.html[22m [2m(+37ms)[22m 
[2m11:26:30[22m   [34m├─[39m [2m/exams/nas-410-ndt/index.html[22m [2m(+37ms)[22m 
[2m11:26:30[22m   [34m├─[39m [2m/exams/icc-residential-building-inspector/index.html[22m [2m(+36ms)[22m 
[2m11:26:31[22m   [34m├─[39m [2m/exams/icc-commercial-building-inspector/index.html[22m [2m(+34ms)[22m 
[2m11:26:31[22m   [34m├─[39m [2m/exams/icc-building-plans-examiner/index.html[22m [2m(+36ms)[22m 
[2m11:26:31[22m   [34m├─[39m [2m/exams/icc-residential-electrical-inspector/index.html[22m [2m(+33ms)[22m 
[2m11:26:31[22m   [34m├─[39m [2m/exams/icc-commercial-electrical-inspector/index.html[22m [2m(+34ms)[22m 
[2m11:26:31[22m   [34m├─[39m [2m/exams/icc-electrical-plans-examiner/index.html[22m [2m(+43ms)[22m 
[2m11:26:31[22m   [34m├─[39m [2m/exams/icc-residential-mechanical-inspector/index.html[22m [2m(+45ms)[22m 
[2m11:26:31[22m   [34m├─[39m [2m/exams/icc-commercial-mechanical-inspector/index.html[22m [2m(+39ms)[22m 
[2m11:26:31[22m   [34m├─[39m [2m/exams/icc-residential-plumbing-inspector/index.html[22m [2m(+38ms)[22m 
[2m11:26:31[22m   [34m├─[39m [2m/exams/icc-commercial-plumbing-inspector/index.html[22m [2m(+33ms)[22m 
[2m11:26:31[22m   [34m├─[39m [2m/exams/icc-combination-residential-inspector/index.html[22m [2m(+35ms)[22m 
[2m11:26:31[22m   [34m├─[39m [2m/exams/icc-property-maintenance-housing-inspector/index.html[22m [2m(+35ms)[22m 
[2m11:26:31[22m   [34m├─[39m [2m/exams/icc-fire-inspector-2/index.html[22m [2m(+36ms)[22m 
[2m11:26:31[22m   [34m├─[39m [2m/exams/icc-certified-building-official/index.html[22m [2m(+38ms)[22m 
[2m11:26:31[22m   [34m├─[39m [2m/exams/icc-master-code-professional/index.html[22m [2m(+43ms)[22m 
[2m11:26:31[22m   [34m├─[39m [2m/exams/icc-accessibility-inspector-plans-examiner/index.html[22m [2m(+40ms)[22m 
[2m11:26:31[22m   [34m├─[39m [2m/exams/icc-energy-conservation-inspector/index.html[22m [2m(+36ms)[22m 
[2m11:26:31[22m   [34m├─[39m [2m/exams/icc-existing-building-inspector/index.html[22m [2m(+37ms)[22m 
[2m11:26:31[22m   [34m├─[39m [2m/exams/icc-permit-technician/index.html[22m [2m(+34ms)[22m 
[2m11:26:31[22m   [34m├─[39m [2m/exams/icc-green-building-inspector/index.html[22m [2m(+36ms)[22m 
[2m11:26:31[22m   [34m├─[39m [2m/exams/nicet-fire-alarm-systems-level-1/index.html[22m [2m(+35ms)[22m 
[2m11:26:31[22m   [34m├─[39m [2m/exams/nicet-fire-alarm-systems-level-2/index.html[22m [2m(+39ms)[22m 
[2m11:26:31[22m   [34m├─[39m [2m/exams/nicet-fire-alarm-systems-level-3/index.html[22m [2m(+42ms)[22m 
[2m11:26:31[22m   [34m├─[39m [2m/exams/nicet-fire-alarm-systems-level-4/index.html[22m [2m(+40ms)[22m 
[2m11:26:31[22m   [34m├─[39m [2m/exams/nicet-water-based-systems-layout-level-1/index.html[22m [2m(+39ms)[22m 
[2m11:26:31[22m   [34m├─[39m [2m/exams/nicet-water-based-systems-layout-level-2/index.html[22m [2m(+37ms)[22m 
[2m11:26:31[22m   [34m├─[39m [2m/exams/nicet-water-based-systems-layout-level-3/index.html[22m [2m(+35ms)[22m 
[2m11:26:32[22m   [34m├─[39m [2m/exams/nicet-water-based-systems-layout-level-4/index.html[22m [2m(+41ms)[22m 
[2m11:26:32[22m   [34m├─[39m [2m/exams/nicet-inspection-testing-fire-alarm-level-1/index.html[22m [2m(+36ms)[22m 
[2m11:26:32[22m   [34m├─[39m [2m/exams/nicet-inspection-testing-fire-alarm-level-2/index.html[22m [2m(+35ms)[22m 
[2m11:26:32[22m   [34m├─[39m [2m/exams/nicet-inspection-testing-water-based-level-1/index.html[22m [2m(+37ms)[22m 
[2m11:26:32[22m   [34m├─[39m [2m/exams/nicet-inspection-testing-water-based-level-2/index.html[22m [2m(+39ms)[22m 
[2m11:26:32[22m   [34m├─[39m [2m/exams/nicet-special-hazards-suppression-level-1/index.html[22m [2m(+39ms)[22m 
[2m11:26:32[22m   [34m├─[39m [2m/exams/nicet-special-hazards-suppression-level-2/index.html[22m [2m(+44ms)[22m 
[2m11:26:32[22m   [34m├─[39m [2m/exams/nfpa-certified-fire-protection-specialist/index.html[22m [2m(+39ms)[22m 
[2m11:26:32[22m   [34m├─[39m [2m/exams/nfpa-certified-fire-plan-examiner/index.html[22m [2m(+33ms)[22m 
[2m11:26:32[22m   [34m├─[39m [2m/exams/nfpa-certified-fire-inspector-1/index.html[22m [2m(+40ms)[22m 
[2m11:26:32[22m   [34m├─[39m [2m/exams/nfpa-certified-water-based-systems-professional/index.html[22m [2m(+37ms)[22m 
[2m11:26:32[22m   [34m├─[39m [2m/exams/nate-core/index.html[22m [2m(+40ms)[22m 
[2m11:26:32[22m   [34m├─[39m [2m/exams/nate-air-conditioning/index.html[22m [2m(+39ms)[22m 
[2m11:26:32[22m   [34m├─[39m [2m/exams/nate-air-distribution/index.html[22m [2m(+39ms)[22m 
[2m11:26:32[22m   [34m├─[39m [2m/exams/nate-heat-pumps-air-source/index.html[22m [2m(+41ms)[22m 
[2m11:26:32[22m   [34m├─[39m [2m/exams/nate-gas-furnaces/index.html[22m [2m(+35ms)[22m 
[2m11:26:32[22m   [34m├─[39m [2m/exams/nate-oil-furnaces/index.html[22m [2m(+42ms)[22m 
[2m11:26:32[22m   [34m├─[39m [2m/exams/nate-hydronics-gas/index.html[22m [2m(+47ms)[22m 
[2m11:26:32[22m   [34m├─[39m [2m/exams/nate-hydronics-oil/index.html[22m [2m(+42ms)[22m 
[2m11:26:32[22m   [34m├─[39m [2m/exams/nate-commercial-refrigeration/index.html[22m [2m(+37ms)[22m 
[2m11:26:32[22m   [34m├─[39m [2m/exams/nate-light-commercial-refrigeration/index.html[22m [2m(+37ms)[22m 
[2m11:26:32[22m   [34m├─[39m [2m/exams/nate-hvac-efficiency-analyst/index.html[22m [2m(+36ms)[22m 
[2m11:26:32[22m   [34m├─[39m [2m/exams/nate-installation-professional/index.html[22m [2m(+40ms)[22m 
[2m11:26:32[22m   [34m├─[39m [2m/exams/nate-service-professional/index.html[22m [2m(+43ms)[22m 
[2m11:26:32[22m   [34m├─[39m [2m/exams/nate-hvac-support-technician/index.html[22m [2m(+40ms)[22m 
[2m11:26:32[22m   [34m├─[39m [2m/exams/hvac-excellence-employment-ready/index.html[22m [2m(+38ms)[22m 
[2m11:26:33[22m   [34m├─[39m [2m/exams/hvac-excellence-professional/index.html[22m [2m(+38ms)[22m 
[2m11:26:33[22m   [34m├─[39m [2m/exams/hvac-excellence-master-specialist/index.html[22m [2m(+34ms)[22m 
[2m11:26:33[22m   [34m├─[39m [2m/exams/hvac-excellence-carbon-monoxide/index.html[22m [2m(+36ms)[22m 
[2m11:26:33[22m   [34m├─[39m [2m/exams/epa-608-type-1/index.html[22m [2m(+41ms)[22m 
[2m11:26:33[22m   [34m├─[39m [2m/exams/epa-608-type-2/index.html[22m [2m(+43ms)[22m 
[2m11:26:33[22m   [34m├─[39m [2m/exams/epa-608-type-3/index.html[22m [2m(+37ms)[22m 
[2m11:26:33[22m   [34m├─[39m [2m/exams/epa-608-universal/index.html[22m [2m(+37ms)[22m 
[2m11:26:33[22m   [34m├─[39m [2m/exams/resnet-hers-rater/index.html[22m [2m(+41ms)[22m 
[2m11:26:33[22m   [34m├─[39m [2m/exams/bpi-building-analyst/index.html[22m [2m(+34ms)[22m 
[2m11:26:33[22m   [34m├─[39m [2m/exams/aee-certified-energy-manager/index.html[22m [2m(+35ms)[22m 
[2m11:26:33[22m   [34m├─[39m [2m/exams/nabcep-pv-installation-professional/index.html[22m [2m(+37ms)[22m 
[2m11:26:33[22m   [34m├─[39m [2m/exams/nabcep-pv-design-specialist/index.html[22m [2m(+34ms)[22m 
[2m11:26:33[22m   [34m├─[39m [2m/exams/nabcep-pv-commissioning-maintenance/index.html[22m [2m(+39ms)[22m 
[2m11:26:33[22m   [34m├─[39m [2m/exams/nabcep-pv-installer-specialist/index.html[22m [2m(+35ms)[22m 
[2m11:26:33[22m   [34m├─[39m [2m/exams/nabcep-pv-technical-sales/index.html[22m [2m(+40ms)[22m 
[2m11:26:33[22m   [34m├─[39m [2m/exams/nabcep-solar-heating-installer/index.html[22m [2m(+42ms)[22m 
[2m11:26:33[22m   [34m├─[39m [2m/exams/nabcep-battery-storage/index.html[22m [2m(+43ms)[22m 
[2m11:26:33[22m   [34m├─[39m [2m/exams/nabcep-pv-system-inspector/index.html[22m [2m(+35ms)[22m 
[2m11:26:33[22m   [34m├─[39m [2m/exams/eta-associate-electronics-technician/index.html[22m [2m(+39ms)[22m 
[2m11:26:33[22m   [34m├─[39m [2m/exams/eta-certified-electronics-technician/index.html[22m [2m(+34ms)[22m 
[2m11:26:33[22m   [34m├─[39m [2m/exams/eta-fiber-optics-technician/index.html[22m [2m(+39ms)[22m 
[2m11:26:33[22m   [34m├─[39m [2m/exams/eta-photovoltaic-installer/index.html[22m [2m(+38ms)[22m 
[2m11:26:33[22m   [34m├─[39m [2m/exams/nccer-electrician/index.html[22m [2m(+33ms)[22m 
[2m11:26:33[22m   [34m├─[39m [2m/exams/bicsi-installer-technician/index.html[22m [2m(+38ms)[22m 
[2m11:26:33[22m   [34m├─[39m [2m/exams/nicet-voice-data-video-level-1/index.html[22m [2m(+37ms)[22m 
[2m11:26:33[22m   [34m├─[39m [2m/exams/nicet-voice-data-video-level-2/index.html[22m [2m(+36ms)[22m 
[2m11:26:33[22m   [34m├─[39m [2m/exams/nicet-voice-data-video-level-3/index.html[22m [2m(+37ms)[22m 
[2m11:26:34[22m   [34m├─[39m [2m/exams/nicet-voice-data-video-level-4/index.html[22m [2m(+37ms)[22m 
[2m11:26:34[22m   [34m├─[39m [2m/exams/nicet-site-security-integration-level-1/index.html[22m [2m(+39ms)[22m 
[2m11:26:34[22m   [34m├─[39m [2m/exams/nicet-site-security-integration-level-2/index.html[22m [2m(+41ms)[22m 
[2m11:26:34[22m   [34m├─[39m [2m/exams/eta-lineworker/index.html[22m [2m(+40ms)[22m 
[2m11:26:34[22m   [34m├─[39m [2m/exams/iscet-certified-electronics-technician/index.html[22m [2m(+44ms)[22m 
[2m11:26:34[22m   [34m├─[39m [2m/exams/nccer-core-curriculum/index.html[22m [2m(+42ms)[22m 
[2m11:26:34[22m   [34m├─[39m [2m/exams/nccer-carpenter/index.html[22m [2m(+36ms)[22m 
[2m11:26:34[22m   [34m├─[39m [2m/exams/nccer-masonry/index.html[22m [2m(+36ms)[22m 
[2m11:26:34[22m   [34m├─[39m [2m/exams/nccer-concrete-finisher/index.html[22m [2m(+36ms)[22m 
[2m11:26:34[22m   [34m├─[39m [2m/exams/nccer-pipefitting/index.html[22m [2m(+38ms)[22m 
[2m11:26:34[22m   [34m├─[39m [2m/exams/nccer-plumbing/index.html[22m [2m(+35ms)[22m 
[2m11:26:34[22m   [34m├─[39m [2m/exams/nccer-hvac/index.html[22m [2m(+37ms)[22m 
[2m11:26:34[22m   [34m├─[39m [2m/exams/nccer-electrical/index.html[22m [2m(+37ms)[22m 
[2m11:26:34[22m   [34m├─[39m [2m/exams/nccer-heavy-equipment-operator/index.html[22m [2m(+38ms)[22m 
[2m11:26:34[22m   [34m├─[39m [2m/exams/nccer-crane-operator/index.html[22m [2m(+36ms)[22m 
[2m11:26:34[22m   [34m├─[39m [2m/exams/nccer-scaffolding/index.html[22m [2m(+33ms)[22m 
[2m11:26:34[22m   [34m├─[39m [2m/exams/nccer-painting/index.html[22m [2m(+35ms)[22m 
[2m11:26:34[22m   [34m├─[39m [2m/exams/nccer-roofing/index.html[22m [2m(+34ms)[22m 
[2m11:26:34[22m   [34m├─[39m [2m/exams/nccer-drywall/index.html[22m [2m(+37ms)[22m 
[2m11:26:34[22m   [34m├─[39m [2m/exams/nccer-glazing/index.html[22m [2m(+36ms)[22m 
[2m11:26:34[22m   [34m├─[39m [2m/exams/nccer-building-maintenance/index.html[22m [2m(+36ms)[22m 
[2m11:26:34[22m   [34m├─[39m [2m/exams/nccer-insulation/index.html[22m [2m(+39ms)[22m 
[2m11:26:34[22m   [34m├─[39m [2m/exams/nccer-millwright/index.html[22m [2m(+39ms)[22m 
[2m11:26:34[22m   [34m├─[39m [2m/exams/nccer-sheet-metal/index.html[22m [2m(+39ms)[22m 
[2m11:26:34[22m   [34m├─[39m [2m/exams/nccer-sprinkler-fitting/index.html[22m [2m(+43ms)[22m 
[2m11:26:34[22m   [34m├─[39m [2m/exams/nccer-instrument-fitting/index.html[22m [2m(+40ms)[22m 
[2m11:26:35[22m   [34m├─[39m [2m/exams/nccer-industrial-maintenance/index.html[22m [2m(+35ms)[22m 
[2m11:26:35[22m   [34m├─[39m [2m/exams/nccer-lineworker/index.html[22m [2m(+33ms)[22m 
[2m11:26:35[22m   [34m├─[39m [2m/exams/nccer-reinforcing-ironwork/index.html[22m [2m(+41ms)[22m 
[2m11:26:35[22m   [34m├─[39m [2m/exams/nccco-mobile-crane-operator/index.html[22m [2m(+33ms)[22m 
[2m11:26:35[22m   [34m├─[39m [2m/exams/nccco-tower-crane-operator/index.html[22m [2m(+34ms)[22m 
[2m11:26:35[22m   [34m├─[39m [2m/exams/nccco-lattice-boom-crane-operator/index.html[22m [2m(+35ms)[22m 
[2m11:26:35[22m   [34m├─[39m [2m/exams/nccco-overhead-crane-operator/index.html[22m [2m(+37ms)[22m 
[2m11:26:35[22m   [34m├─[39m [2m/exams/nccco-articulating-crane-operator/index.html[22m [2m(+36ms)[22m 
[2m11:26:35[22m   [34m├─[39m [2m/exams/nccco-digger-derrick-operator/index.html[22m [2m(+38ms)[22m 
[2m11:26:35[22m   [34m├─[39m [2m/exams/nccco-service-truck-crane-operator/index.html[22m [2m(+37ms)[22m 
[2m11:26:35[22m   [34m├─[39m [2m/exams/nccco-telehandler-operator/index.html[22m [2m(+35ms)[22m 
[2m11:26:35[22m   [34m├─[39m [2m/exams/nccco-rigger-level-1/index.html[22m [2m(+39ms)[22m 
[2m11:26:35[22m   [34m├─[39m [2m/exams/nccco-rigger-level-2/index.html[22m [2m(+33ms)[22m 
[2m11:26:35[22m   [34m├─[39m [2m/exams/nccco-signalperson/index.html[22m [2m(+39ms)[22m 
[2m11:26:35[22m   [34m├─[39m [2m/exams/nccco-crane-inspector/index.html[22m [2m(+41ms)[22m 
[2m11:26:35[22m   [34m├─[39m [2m/exams/nccco-lift-director/index.html[22m [2m(+32ms)[22m 
[2m11:26:35[22m   [34m├─[39m [2m/exams/aerial-lift-mewp-operator/index.html[22m [2m(+39ms)[22m 
[2m11:26:35[22m   [34m├─[39m [2m/exams/acpa-concrete-pump-operator/index.html[22m [2m(+42ms)[22m 
[2m11:26:35[22m   [34m├─[39m [2m/exams/qei-elevator-inspector-1/index.html[22m [2m(+42ms)[22m 
[2m11:26:35[22m   [34m├─[39m [2m/exams/qei-escalator-inspector-2/index.html[22m [2m(+38ms)[22m 
[2m11:26:35[22m   [34m├─[39m [2m/exams/qei-lift-inspector-3/index.html[22m [2m(+36ms)[22m 
[2m11:26:35[22m   [34m├─[39m [2m/exams/naec-certified-elevator-technician/index.html[22m [2m(+39ms)[22m 
[2m11:26:35[22m   [34m├─[39m [2m/exams/naec-certified-accessibility-technician/index.html[22m [2m(+35ms)[22m 
[2m11:26:35[22m   [34m├─[39m [2m/exams/aloa-certified-registered-locksmith/index.html[22m [2m(+39ms)[22m 
[2m11:26:35[22m   [34m├─[39m [2m/exams/aloa-certified-professional-locksmith/index.html[22m [2m(+39ms)[22m 
[2m11:26:35[22m   [34m├─[39m [2m/exams/aloa-certified-master-locksmith/index.html[22m [2m(+37ms)[22m 
[2m11:26:35[22m   [34m├─[39m [2m/exams/aloa-certified-professional-safe-technician/index.html[22m [2m(+39ms)[22m 
[2m11:26:36[22m   [34m├─[39m [2m/exams/aci-concrete-field-testing-grade-1/index.html[22m [2m(+34ms)[22m 
[2m11:26:36[22m   [34m├─[39m [2m/exams/aci-concrete-field-testing-grade-2/index.html[22m [2m(+35ms)[22m 
[2m11:26:36[22m   [34m├─[39m [2m/exams/aci-concrete-strength-testing-technician/index.html[22m [2m(+37ms)[22m 
[2m11:26:36[22m   [34m├─[39m [2m/exams/aci-flatwork-finisher/index.html[22m [2m(+37ms)[22m 
[2m11:26:36[22m   [34m├─[39m [2m/exams/aci-concrete-construction-special-inspector/index.html[22m [2m(+37ms)[22m 
[2m11:26:36[22m   [34m├─[39m [2m/exams/aci-shotcrete-nozzleman/index.html[22m [2m(+35ms)[22m 
[2m11:26:36[22m   [34m├─[39m [2m/exams/aci-post-tensioning-field-personnel/index.html[22m [2m(+40ms)[22m 
[2m11:26:36[22m   [34m├─[39m [2m/exams/ctef-certified-tile-installer/index.html[22m [2m(+38ms)[22m 
[2m11:26:36[22m   [34m├─[39m [2m/exams/nga-certified-glass-technician/index.html[22m [2m(+42ms)[22m 
[2m11:26:36[22m   [34m├─[39m [2m/exams/nrca-procert-roofing/index.html[22m [2m(+37ms)[22m 
[2m11:26:36[22m   [34m├─[39m [2m/exams/saia-scaffold-competent-person/index.html[22m [2m(+36ms)[22m 
[2m11:26:36[22m   [34m├─[39m [2m/exams/cfi-certified-flooring-installer/index.html[22m [2m(+36ms)[22m 
[2m11:26:36[22m   [34m├─[39m [2m/exams/aci-pervious-concrete/index.html[22m [2m(+37ms)[22m 
[2m11:26:36[22m   [34m├─[39m [2m/exams/eta-aircraft-electronics-technician/index.html[22m [2m(+40ms)[22m 
[2m11:26:36[22m   [34m├─[39m [2m/exams/faa-ama-airframe-knowledge-test/index.html[22m [2m(+33ms)[22m 
[2m11:26:36[22m   [34m├─[39m [2m/exams/faa-airframe-oral-and-practical/index.html[22m [2m(+39ms)[22m 
[2m11:26:36[22m   [34m├─[39m [2m/exams/faa-amg-general-knowledge-test/index.html[22m [2m(+45ms)[22m 
[2m11:26:36[22m   [34m├─[39m [2m/exams/faa-general-oral-and-practical/index.html[22m [2m(+33ms)[22m 
[2m11:26:36[22m   [34m├─[39m [2m/exams/faa-amp-powerplant-knowledge-test/index.html[22m [2m(+38ms)[22m 
[2m11:26:36[22m   [34m├─[39m [2m/exams/faa-powerplant-oral-and-practical/index.html[22m [2m(+35ms)[22m 
[2m11:26:36[22m   [34m├─[39m [2m/exams/nbaa-certified-aviation-manager/index.html[22m [2m(+35ms)[22m 
[2m11:26:36[22m   [34m├─[39m [2m/exams/faa-repairman-experimental-aircraft-builder/index.html[22m [2m(+38ms)[22m 
[2m11:26:36[22m   [34m├─[39m [2m/exams/faa-repairman-lsa-inspection-rating/index.html[22m [2m(+35ms)[22m 
[2m11:26:36[22m   [34m├─[39m [2m/exams/faa-repairman-lsa-maintenance-rating/index.html[22m [2m(+39ms)[22m 
[2m11:26:36[22m   [34m├─[39m [2m/exams/faa-iar-inspection-authorization/index.html[22m [2m(+41ms)[22m 
[2m11:26:36[22m   [34m├─[39m [2m/exams/faa-rig-parachute-rigger/index.html[22m [2m(+48ms)[22m 
[2m11:26:37[22m   [34m├─[39m [2m/exams/faa-rmc-parachute-rigger-military-competence/index.html[22m [2m(+37ms)[22m 
[2m11:26:37[22m   [34m├─[39m [2m/exams/atssa-flagger-instructor/index.html[22m [2m(+38ms)[22m 
[2m11:26:37[22m   [34m├─[39m [2m/exams/atssa-traffic-control-supervisor/index.html[22m [2m(+37ms)[22m 
[2m11:26:37[22m   [34m├─[39m [2m/exams/atssa-traffic-control-technician/index.html[22m [2m(+41ms)[22m 
[2m11:26:37[22m   [34m├─[39m [2m/exams/cdl-air-brakes-knowledge-test/index.html[22m [2m(+37ms)[22m 
[2m11:26:37[22m   [34m├─[39m [2m/exams/cdl-basic-vehicle-control-skills-test/index.html[22m [2m(+37ms)[22m 
[2m11:26:37[22m   [34m├─[39m [2m/exams/cdl-combination-vehicles-knowledge-test/index.html[22m [2m(+41ms)[22m 
[2m11:26:37[22m   [34m├─[39m [2m/exams/cdl-doubles-triples-knowledge-test/index.html[22m [2m(+42ms)[22m 
[2m11:26:37[22m   [34m├─[39m [2m/exams/cdl-general-knowledge-test/index.html[22m [2m(+34ms)[22m 
[2m11:26:37[22m   [34m├─[39m [2m/exams/cdl-hazmat-endorsement-knowledge-test/index.html[22m [2m(+42ms)[22m 
[2m11:26:37[22m   [34m├─[39m [2m/exams/cdl-on-road-driving-skills-test/index.html[22m [2m(+49ms)[22m 
[2m11:26:37[22m   [34m├─[39m [2m/exams/cdl-passenger-endorsement-knowledge-test/index.html[22m [2m(+52ms)[22m 
[2m11:26:37[22m   [34m├─[39m [2m/exams/cdl-pre-trip-vehicle-inspection-test/index.html[22m [2m(+42ms)[22m 
[2m11:26:37[22m   [34m├─[39m [2m/exams/cdl-school-bus-endorsement-knowledge-test/index.html[22m [2m(+48ms)[22m 
[2m11:26:37[22m   [34m├─[39m [2m/exams/cdl-tank-vehicle-endorsement-knowledge-test/index.html[22m [2m(+40ms)[22m 
[2m11:26:37[22m   [34m├─[39m [2m/exams/nafa-certified-automotive-fleet-manager/index.html[22m [2m(+40ms)[22m 
[2m11:26:37[22m   [34m├─[39m [2m/exams/nafa-certified-automotive-fleet-specialist/index.html[22m [2m(+37ms)[22m 
[2m11:26:37[22m   [34m├─[39m [2m/exams/eldt-class-a-theory-assessment/index.html[22m [2m(+39ms)[22m 
[2m11:26:37[22m   [34m├─[39m [2m/exams/eldt-class-b-theory-assessment/index.html[22m [2m(+41ms)[22m 
[2m11:26:37[22m   [34m├─[39m [2m/exams/eldt-class-b-to-class-a-upgrade/index.html[22m [2m(+42ms)[22m 
[2m11:26:37[22m   [34m├─[39m [2m/exams/eldt-hazmat-endorsement-theory/index.html[22m [2m(+35ms)[22m 
[2m11:26:37[22m   [34m├─[39m [2m/exams/eldt-passenger-endorsement-theory/index.html[22m [2m(+37ms)[22m 
[2m11:26:37[22m   [34m├─[39m [2m/exams/eldt-school-bus-endorsement-theory/index.html[22m [2m(+35ms)[22m 
[2m11:26:37[22m   [34m├─[39m [2m/exams/imsa-roadway-lighting-technician/index.html[22m [2m(+38ms)[22m 
[2m11:26:37[22m   [34m├─[39m [2m/exams/imsa-traffic-signal-technician/index.html[22m [2m(+39ms)[22m 
[2m11:26:38[22m   [34m├─[39m [2m/exams/imsa-work-zone-traffic-control-safety/index.html[22m [2m(+33ms)[22m 
[2m11:26:38[22m   [34m├─[39m [2m/exams/msf-advanced-ridercourse/index.html[22m [2m(+39ms)[22m 
[2m11:26:38[22m   [34m├─[39m [2m/exams/msf-basic-ridercourse/index.html[22m [2m(+40ms)[22m 
[2m11:26:38[22m   [34m├─[39m [2m/exams/msf-ridercoach-preparation-course/index.html[22m [2m(+39ms)[22m 
[2m11:26:38[22m   [34m├─[39m [2m/exams/napt-certified-director-of-pupil-transportation/index.html[22m [2m(+39ms)[22m 
[2m11:26:38[22m   [34m├─[39m [2m/exams/nrcme-medical-examiner-certification-test/index.html[22m [2m(+36ms)[22m 
[2m11:26:38[22m   [34m├─[39m [2m/exams/nsc-defensive-driving-course/index.html[22m [2m(+40ms)[22m 
[2m11:26:38[22m   [34m├─[39m [2m/exams/traa-national-driver-certification-program/index.html[22m [2m(+39ms)[22m 
[2m11:26:38[22m   [34m├─[39m [2m/exams/tsa-hazmat-endorsement-threat-assessment/index.html[22m [2m(+37ms)[22m 
[2m11:26:38[22m   [34m├─[39m [2m/exams/wreckmaster-towing-and-recovery-certification/index.html[22m [2m(+37ms)[22m 
[2m11:26:38[22m   [34m├─[39m [2m/exams/faa-adx-aircraft-dispatcher/index.html[22m [2m(+45ms)[22m 
[2m11:26:38[22m   [34m├─[39m [2m/exams/faa-arh-atp-helicopter-added-rating/index.html[22m [2m(+43ms)[22m 
[2m11:26:38[22m   [34m├─[39m [2m/exams/faa-ach-atp-helicopter-canadian-conversion/index.html[22m [2m(+37ms)[22m 
[2m11:26:38[22m   [34m├─[39m [2m/exams/faa-ath-atp-helicopter/index.html[22m [2m(+35ms)[22m 
[2m11:26:38[22m   [34m├─[39m [2m/exams/faa-acm-atp-multiengine-canadian-conversion/index.html[22m [2m(+41ms)[22m 
[2m11:26:38[22m   [34m├─[39m [2m/exams/faa-atm-atp-multiengine-airplane/index.html[22m [2m(+39ms)[22m 
[2m11:26:38[22m   [34m├─[39m [2m/exams/faa-asc-atp-single-engine-canadian-conversion/index.html[22m [2m(+37ms)[22m 
[2m11:26:38[22m   [34m├─[39m [2m/exams/faa-ats-atp-single-engine-airplane/index.html[22m [2m(+40ms)[22m 
[2m11:26:38[22m   [34m├─[39m [2m/exams/faa-ccp-commercial-pilot-airplane-canadian-conversion/index.html[22m [2m(+35ms)[22m 
[2m11:26:38[22m   [34m├─[39m [2m/exams/faa-cax-commercial-pilot-airplane/index.html[22m [2m(+38ms)[22m 
[2m11:26:38[22m   [34m├─[39m [2m/exams/faa-cla-commercial-pilot-airship/index.html[22m [2m(+34ms)[22m 
[2m11:26:38[22m   [34m├─[39m [2m/exams/faa-cbg-commercial-pilot-balloon-gas/index.html[22m [2m(+40ms)[22m 
[2m11:26:38[22m   [34m├─[39m [2m/exams/faa-cbh-commercial-pilot-balloon-hot-air/index.html[22m [2m(+33ms)[22m 
[2m11:26:38[22m   [34m├─[39m [2m/exams/faa-cgx-commercial-pilot-glider/index.html[22m [2m(+35ms)[22m 
[2m11:26:38[22m   [34m├─[39m [2m/exams/faa-crg-commercial-pilot-gyroplane/index.html[22m [2m(+39ms)[22m 
[2m11:26:38[22m   [34m├─[39m [2m/exams/faa-cch-commercial-pilot-helicopter-canadian-conversion/index.html[22m [2m(+41ms)[22m 
[2m11:26:38[22m   [34m├─[39m [2m/exams/faa-crh-commercial-pilot-helicopter/index.html[22m [2m(+48ms)[22m 
[2m11:26:39[22m   [34m├─[39m [2m/exams/faa-firc-flight-instructor-refresher-course/index.html[22m [2m(+40ms)[22m 
[2m11:26:39[22m   [34m├─[39m [2m/exams/faa-fer-flight-engineer-reciprocating-added-rating/index.html[22m [2m(+34ms)[22m 
[2m11:26:39[22m   [34m├─[39m [2m/exams/faa-fen-flight-engineer-reciprocating-basic/index.html[22m [2m(+37ms)[22m 
[2m11:26:39[22m   [34m├─[39m [2m/exams/faa-fej-flight-engineer-turbojet-added-rating/index.html[22m [2m(+37ms)[22m 
[2m11:26:39[22m   [34m├─[39m [2m/exams/faa-fex-flight-engineer-turbojet-basic/index.html[22m [2m(+37ms)[22m 
[2m11:26:39[22m   [34m├─[39m [2m/exams/faa-fep-flight-engineer-turboprop-added-rating/index.html[22m [2m(+42ms)[22m 
[2m11:26:39[22m   [34m├─[39m [2m/exams/faa-fet-flight-engineer-turboprop-basic/index.html[22m [2m(+39ms)[22m 
[2m11:26:39[22m   [34m├─[39m [2m/exams/faa-afa-flight-instructor-airplane-added-rating/index.html[22m [2m(+37ms)[22m 
[2m11:26:39[22m   [34m├─[39m [2m/exams/faa-fia-flight-instructor-airplane/index.html[22m [2m(+37ms)[22m 
[2m11:26:39[22m   [34m├─[39m [2m/exams/faa-afg-flight-instructor-glider-added-rating/index.html[22m [2m(+43ms)[22m 
[2m11:26:39[22m   [34m├─[39m [2m/exams/faa-fig-flight-instructor-glider/index.html[22m [2m(+38ms)[22m 
[2m11:26:39[22m   [34m├─[39m [2m/exams/faa-gfa-flight-instructor-gyroplane-added-rating/index.html[22m [2m(+40ms)[22m 
[2m11:26:39[22m   [34m├─[39m [2m/exams/faa-frg-flight-instructor-gyroplane/index.html[22m [2m(+38ms)[22m 
[2m11:26:39[22m   [34m├─[39m [2m/exams/faa-hfa-flight-instructor-helicopter-added-rating/index.html[22m [2m(+69ms)[22m 
[2m11:26:39[22m   [34m├─[39m [2m/exams/faa-frh-flight-instructor-helicopter/index.html[22m [2m(+54ms)[22m 
[2m11:26:39[22m   [34m├─[39m [2m/exams/faa-aif-flight-instructor-instrument-airplane-added-rating/index.html[22m [2m(+38ms)[22m 
[2m11:26:39[22m   [34m├─[39m [2m/exams/faa-fii-flight-instructor-instrument-airplane/index.html[22m [2m(+34ms)[22m 
[2m11:26:39[22m   [34m├─[39m [2m/exams/faa-hif-flight-instructor-instrument-helicopter-added-rating/index.html[22m [2m(+36ms)[22m 
[2m11:26:39[22m   [34m├─[39m [2m/exams/faa-fih-flight-instructor-instrument-helicopter/index.html[22m [2m(+34ms)[22m 
[2m11:26:39[22m   [34m├─[39m [2m/exams/faa-sia-flight-instructor-sport-airplane/index.html[22m [2m(+35ms)[22m 
[2m11:26:39[22m   [34m├─[39m [2m/exams/faa-sib-flight-instructor-sport-balloon/index.html[22m [2m(+38ms)[22m 
[2m11:26:39[22m   [34m├─[39m [2m/exams/faa-sig-flight-instructor-sport-glider/index.html[22m [2m(+40ms)[22m 
[2m11:26:39[22m   [34m├─[39m [2m/exams/faa-siy-flight-instructor-sport-gyroplane/index.html[22m [2m(+41ms)[22m 
[2m11:26:39[22m   [34m├─[39m [2m/exams/faa-sil-flight-instructor-sport-airship/index.html[22m [2m(+42ms)[22m 
[2m11:26:40[22m   [34m├─[39m [2m/exams/faa-sip-flight-instructor-sport-powered-parachute/index.html[22m [2m(+33ms)[22m 
[2m11:26:40[22m   [34m├─[39m [2m/exams/faa-siw-flight-instructor-sport-weight-shift-control/index.html[22m [2m(+36ms)[22m 
[2m11:26:40[22m   [34m├─[39m [2m/exams/faa-fnx-flight-navigator/index.html[22m [2m(+35ms)[22m 
[2m11:26:40[22m   [34m├─[39m [2m/exams/faa-foi-fundamentals-of-instructing/index.html[22m [2m(+36ms)[22m 
[2m11:26:40[22m   [34m├─[39m [2m/exams/faa-agi-ground-instructor-advanced/index.html[22m [2m(+37ms)[22m 
[2m11:26:40[22m   [34m├─[39m [2m/exams/faa-bgi-ground-instructor-basic/index.html[22m [2m(+39ms)[22m 
[2m11:26:40[22m   [34m├─[39m [2m/exams/faa-igi-ground-instructor-instrument/index.html[22m [2m(+37ms)[22m 
[2m11:26:40[22m   [34m├─[39m [2m/exams/faa-icp-instrument-rating-airplane-canadian-conversion/index.html[22m [2m(+35ms)[22m 
[2m11:26:40[22m   [34m├─[39m [2m/exams/faa-ira-instrument-rating-airplane/index.html[22m [2m(+36ms)[22m 
[2m11:26:40[22m   [34m├─[39m [2m/exams/faa-ifp-instrument-rating-foreign-pilot/index.html[22m [2m(+36ms)[22m 
[2m11:26:40[22m   [34m├─[39m [2m/exams/faa-ich-instrument-rating-helicopter-canadian-conversion/index.html[22m [2m(+34ms)[22m 
[2m11:26:40[22m   [34m├─[39m [2m/exams/faa-irh-instrument-rating-helicopter/index.html[22m [2m(+42ms)[22m 
[2m11:26:40[22m   [34m├─[39m [2m/exams/faa-mca-military-competence-airplane/index.html[22m [2m(+38ms)[22m 
[2m11:26:40[22m   [34m├─[39m [2m/exams/faa-mch-military-competence-helicopter/index.html[22m [2m(+33ms)[22m 
[2m11:26:40[22m   [34m├─[39m [2m/exams/faa-mci-military-competence-instructor/index.html[22m [2m(+36ms)[22m 
[2m11:26:40[22m   [34m├─[39m [2m/exams/faa-part-107-recurrent-training-alc-677/index.html[22m [2m(+34ms)[22m 
[2m11:26:40[22m   [34m├─[39m [2m/exams/faa-part-107-initial-training-alc-451/index.html[22m [2m(+38ms)[22m 
[2m11:26:40[22m   [34m├─[39m [2m/exams/faa-pcp-private-pilot-airplane-canadian-conversion/index.html[22m [2m(+39ms)[22m 
[2m11:26:40[22m   [34m├─[39m [2m/exams/faa-par-private-pilot-airplane/index.html[22m [2m(+36ms)[22m 
[2m11:26:40[22m   [34m├─[39m [2m/exams/faa-pat-private-pilot-recreational-transition/index.html[22m [2m(+34ms)[22m 
[2m11:26:40[22m   [34m├─[39m [2m/exams/faa-pla-private-pilot-airship/index.html[22m [2m(+36ms)[22m 
[2m11:26:40[22m   [34m├─[39m [2m/exams/faa-pbg-private-pilot-balloon-gas/index.html[22m [2m(+39ms)[22m 
[2m11:26:40[22m   [34m├─[39m [2m/exams/faa-pbh-private-pilot-balloon-hot-air/index.html[22m [2m(+34ms)[22m 
[2m11:26:40[22m   [34m├─[39m [2m/exams/faa-pgl-private-pilot-glider/index.html[22m [2m(+38ms)[22m 
[2m11:26:40[22m   [34m├─[39m [2m/exams/faa-prg-private-pilot-gyroplane/index.html[22m [2m(+36ms)[22m 
[2m11:26:40[22m   [34m├─[39m [2m/exams/faa-pgt-private-pilot-gyroplane-recreational-transition/index.html[22m [2m(+41ms)[22m 
[2m11:26:40[22m   [34m├─[39m [2m/exams/faa-pch-private-pilot-helicopter-canadian-conversion/index.html[22m [2m(+36ms)[22m 
[2m11:26:40[22m   [34m├─[39m [2m/exams/faa-prh-private-pilot-helicopter/index.html[22m [2m(+36ms)[22m 
[2m11:26:41[22m   [34m├─[39m [2m/exams/faa-pht-private-pilot-helicopter-recreational-transition/index.html[22m [2m(+40ms)[22m 
[2m11:26:41[22m   [34m├─[39m [2m/exams/faa-ppp-private-pilot-powered-parachute/index.html[22m [2m(+48ms)[22m 
[2m11:26:41[22m   [34m├─[39m [2m/exams/faa-pws-private-pilot-weight-shift-control/index.html[22m [2m(+36ms)[22m 
[2m11:26:41[22m   [34m├─[39m [2m/exams/faa-rpa-recreational-pilot-airplane/index.html[22m [2m(+41ms)[22m 
[2m11:26:41[22m   [34m├─[39m [2m/exams/faa-rpg-recreational-pilot-gyroplane/index.html[22m [2m(+40ms)[22m 
[2m11:26:41[22m   [34m├─[39m [2m/exams/faa-rph-recreational-pilot-helicopter/index.html[22m [2m(+41ms)[22m 
[2m11:26:41[22m   [34m├─[39m [2m/exams/faa-spa-sport-pilot-airplane/index.html[22m [2m(+38ms)[22m 
[2m11:26:41[22m   [34m├─[39m [2m/exams/faa-spi-sport-pilot-glider/index.html[22m [2m(+33ms)[22m 
[2m11:26:41[22m   [34m├─[39m [2m/exams/faa-spy-sport-pilot-gyroplane/index.html[22m [2m(+37ms)[22m 
[2m11:26:41[22m   [34m├─[39m [2m/exams/faa-spl-sport-pilot-airship/index.html[22m [2m(+34ms)[22m 
[2m11:26:41[22m   [34m├─[39m [2m/exams/faa-spb-sport-pilot-balloon/index.html[22m [2m(+40ms)[22m 
[2m11:26:41[22m   [34m├─[39m [2m/exams/faa-spp-sport-pilot-powered-parachute/index.html[22m [2m(+37ms)[22m 
[2m11:26:41[22m   [34m├─[39m [2m/exams/faa-spw-sport-pilot-weight-shift-control/index.html[22m [2m(+54ms)[22m 
[2m11:26:41[22m   [34m├─[39m [2m/exams/faa-trust-recreational-uas-safety-test/index.html[22m [2m(+37ms)[22m 
[2m11:26:41[22m   [34m├─[39m [2m/exams/faa-uag-unmanned-aircraft-general/index.html[22m [2m(+34ms)[22m 
[2m11:26:41[22m   [34m├─[39m [2m/exams/ncbfaa-certified-customs-specialist/index.html[22m [2m(+39ms)[22m 
[2m11:26:41[22m   [34m├─[39m [2m/exams/ncbfaa-certified-export-specialist/index.html[22m [2m(+33ms)[22m 
[2m11:26:41[22m   [34m├─[39m [2m/exams/nasbite-certified-global-business-professional/index.html[22m [2m(+34ms)[22m 
[2m11:26:41[22m   [34m├─[39m [2m/exams/mssc-certified-logistics-associate/index.html[22m [2m(+36ms)[22m 
[2m11:26:41[22m   [34m├─[39m [2m/exams/mssc-certified-logistics-technician/index.html[22m [2m(+42ms)[22m 
[2m11:26:41[22m   [34m├─[39m [2m/exams/tia-certified-transportation-broker/index.html[22m [2m(+38ms)[22m 
[2m11:26:41[22m   [34m├─[39m [2m/exams/nptc-certified-transportation-professional/index.html[22m [2m(+32ms)[22m 
[2m11:26:41[22m   [34m├─[39m [2m/exams/ncbfaa-certified-zone-specialist/index.html[22m [2m(+34ms)[22m 
[2m11:26:41[22m   [34m├─[39m [2m/exams/natmi-certified-director-of-maintenance/index.html[22m [2m(+43ms)[22m 
[2m11:26:41[22m   [34m├─[39m [2m/exams/natmi-certified-director-of-safety/index.html[22m [2m(+40ms)[22m 
[2m11:26:41[22m   [34m├─[39m [2m/exams/natmi-certified-safety-supervisor/index.html[22m [2m(+38ms)[22m 
[2m11:26:42[22m   [34m├─[39m [2m/exams/natmi-certified-supervisor-of-maintenance/index.html[22m [2m(+40ms)[22m 
[2m11:26:42[22m   [34m├─[39m [2m/exams/cbp-customs-broker-license-examination/index.html[22m [2m(+37ms)[22m 
[2m11:26:42[22m   [34m├─[39m [2m/exams/ecti-export-compliance-professional/index.html[22m [2m(+44ms)[22m 
[2m11:26:42[22m   [34m├─[39m [2m/exams/fiata-diploma-freight-forwarding/index.html[22m [2m(+47ms)[22m 
[2m11:26:42[22m   [34m├─[39m [2m/exams/iata-cargo-introductory-course/index.html[22m [2m(+36ms)[22m 
[2m11:26:42[22m   [34m├─[39m [2m/exams/iata-air-cargo-security-awareness/index.html[22m [2m(+54ms)[22m 
[2m11:26:42[22m   [34m├─[39m [2m/exams/ncbfaa-master-customs-specialist/index.html[22m [2m(+44ms)[22m 
[2m11:26:42[22m   [34m├─[39m [2m/exams/ncbfaa-master-export-specialist/index.html[22m [2m(+37ms)[22m 
[2m11:26:42[22m   [34m├─[39m [2m/exams/iata-airport-operations-fundamentals/index.html[22m [2m(+39ms)[22m 
[2m11:26:42[22m   [34m├─[39m [2m/exams/abyc-diesel-engines-certification/index.html[22m [2m(+40ms)[22m 
[2m11:26:42[22m   [34m├─[39m [2m/exams/abyc-gasoline-engines-certification/index.html[22m [2m(+36ms)[22m 
[2m11:26:42[22m   [34m├─[39m [2m/exams/abyc-marine-air-conditioning-refrigeration/index.html[22m [2m(+43ms)[22m 
[2m11:26:42[22m   [34m├─[39m [2m/exams/abyc-marine-corrosion-certification/index.html[22m [2m(+43ms)[22m 
[2m11:26:42[22m   [34m├─[39m [2m/exams/abyc-marine-electrical-certification/index.html[22m [2m(+42ms)[22m 
[2m11:26:42[22m   [34m├─[39m [2m/exams/abyc-marine-systems-certification/index.html[22m [2m(+36ms)[22m 
[2m11:26:42[22m   [34m├─[39m [2m/exams/abyc-standards-certification/index.html[22m [2m(+35ms)[22m 
[2m11:26:42[22m   [34m├─[39m [2m/exams/uscg-able-seaman-endorsement/index.html[22m [2m(+35ms)[22m 
[2m11:26:42[22m   [34m├─[39m [2m/exams/stcw-able-seafarer-deck/index.html[22m [2m(+38ms)[22m 
[2m11:26:42[22m   [34m├─[39m [2m/exams/stcw-able-seafarer-engine/index.html[22m [2m(+40ms)[22m 
[2m11:26:42[22m   [34m├─[39m [2m/exams/asa-101-basic-keelboat-sailing/index.html[22m [2m(+40ms)[22m 
[2m11:26:42[22m   [34m├─[39m [2m/exams/asa-103-basic-coastal-cruising/index.html[22m [2m(+36ms)[22m 
[2m11:26:42[22m   [34m├─[39m [2m/exams/asa-104-bareboat-cruising/index.html[22m [2m(+36ms)[22m 
[2m11:26:42[22m   [34m├─[39m [2m/exams/uscg-apprentice-mate-steersman-towing/index.html[22m [2m(+37ms)[22m 
[2m11:26:42[22m   [34m├─[39m [2m/exams/uscg-assistance-towing-endorsement/index.html[22m [2m(+40ms)[22m 
[2m11:26:42[22m   [34m├─[39m [2m/exams/uscg-auxiliary-sail-endorsement/index.html[22m [2m(+37ms)[22m 
[2m11:26:43[22m   [34m├─[39m [2m/exams/uscg-chief-engineer-limited/index.html[22m [2m(+34ms)[22m 
[2m11:26:43[22m   [34m├─[39m [2m/exams/uscg-chief-mate-endorsement/index.html[22m [2m(+44ms)[22m 
[2m11:26:43[22m   [34m├─[39m [2m/exams/isps-company-security-officer/index.html[22m [2m(+45ms)[22m 
[2m11:26:43[22m   [34m├─[39m [2m/exams/uscg-designated-duty-engineer/index.html[22m [2m(+44ms)[22m 
[2m11:26:43[22m   [34m├─[39m [2m/exams/isps-facility-security-officer/index.html[22m [2m(+39ms)[22m 
[2m11:26:43[22m   [34m├─[39m [2m/exams/uscg-first-class-pilot-endorsement/index.html[22m [2m(+38ms)[22m 
[2m11:26:43[22m   [34m├─[39m [2m/exams/uscg-lifeboatman-endorsement/index.html[22m [2m(+33ms)[22m 
[2m11:26:43[22m   [34m├─[39m [2m/exams/nfpa-marine-chemist-certification/index.html[22m [2m(+40ms)[22m 
[2m11:26:43[22m   [34m├─[39m [2m/exams/uscg-master-1600-gross-tons/index.html[22m [2m(+36ms)[22m 
[2m11:26:43[22m   [34m├─[39m [2m/exams/uscg-master-500-gross-tons/index.html[22m [2m(+37ms)[22m 
[2m11:26:43[22m   [34m├─[39m [2m/exams/uscg-master-any-gross-tons/index.html[22m [2m(+34ms)[22m 
[2m11:26:43[22m   [34m├─[39m [2m/exams/uscg-master-less-than-100-grt/index.html[22m [2m(+37ms)[22m 
[2m11:26:43[22m   [34m├─[39m [2m/exams/uscg-master-less-than-200-grt/index.html[22m [2m(+45ms)[22m 
[2m11:26:43[22m   [34m├─[39m [2m/exams/uscg-master-less-than-25-grt/index.html[22m [2m(+43ms)[22m 
[2m11:26:43[22m   [34m├─[39m [2m/exams/uscg-master-less-than-50-grt/index.html[22m [2m(+35ms)[22m 
[2m11:26:43[22m   [34m├─[39m [2m/exams/uscg-master-of-towing-vessels/index.html[22m [2m(+36ms)[22m 
[2m11:26:43[22m   [34m├─[39m [2m/exams/uscg-mate-of-towing-vessels/index.html[22m [2m(+37ms)[22m 
[2m11:26:43[22m   [34m├─[39m [2m/exams/uscg-mate-less-than-200-grt/index.html[22m [2m(+37ms)[22m 
[2m11:26:43[22m   [34m├─[39m [2m/exams/uscg-merchant-mariner-credential/index.html[22m [2m(+43ms)[22m 
[2m11:26:43[22m   [34m├─[39m [2m/exams/uscg-merchant-mariner-medical-certificate/index.html[22m [2m(+39ms)[22m 
[2m11:26:43[22m   [34m├─[39m [2m/exams/nams-certified-marine-surveyor/index.html[22m [2m(+50ms)[22m 
[2m11:26:43[22m   [34m├─[39m [2m/exams/nasbla-approved-boating-safety-course/index.html[22m [2m(+40ms)[22m 
[2m11:26:43[22m   [34m├─[39m [2m/exams/nmea-2000-network-installer/index.html[22m [2m(+33ms)[22m 
[2m11:26:43[22m   [34m├─[39m [2m/exams/nmea-marine-electronics-installer/index.html[22m [2m(+37ms)[22m 
[2m11:26:43[22m   [34m├─[39m [2m/exams/uscg-oupv-operator-uninspected-passenger-vessels/index.html[22m [2m(+46ms)[22m 
[2m11:26:44[22m   [34m├─[39m [2m/exams/uscg-ordinary-seaman-endorsement/index.html[22m [2m(+35ms)[22m 
[2m11:26:44[22m   [34m├─[39m [2m/exams/uscg-qmed-qualified-member-engine-department/index.html[22m [2m(+38ms)[22m 
[2m11:26:44[22m   [34m├─[39m [2m/exams/uscg-radar-observer-inland/index.html[22m [2m(+44ms)[22m 
[2m11:26:44[22m   [34m├─[39m [2m/exams/uscg-radar-observer-unlimited/index.html[22m [2m(+36ms)[22m 
[2m11:26:44[22m   [34m├─[39m [2m/exams/stcw-rating-forming-part-of-engineering-watch/index.html[22m [2m(+39ms)[22m 
[2m11:26:44[22m   [34m├─[39m [2m/exams/stcw-rating-forming-part-of-navigational-watch/index.html[22m [2m(+36ms)[22m 
[2m11:26:44[22m   [34m├─[39m [2m/exams/sams-accredited-marine-surveyor/index.html[22m [2m(+34ms)[22m 
[2m11:26:44[22m   [34m├─[39m [2m/exams/uscg-second-mate-endorsement/index.html[22m [2m(+35ms)[22m 
[2m11:26:44[22m   [34m├─[39m [2m/exams/uscg-ships-cook-endorsement/index.html[22m [2m(+37ms)[22m 
[2m11:26:44[22m   [34m├─[39m [2m/exams/stcw-advanced-firefighting/index.html[22m [2m(+37ms)[22m 
[2m11:26:44[22m   [34m├─[39m [2m/exams/stcw-arpa-automatic-radar-plotting-aids/index.html[22m [2m(+35ms)[22m 
[2m11:26:44[22m   [34m├─[39m [2m/exams/stcw-basic-training/index.html[22m [2m(+34ms)[22m 
[2m11:26:44[22m   [34m├─[39m [2m/exams/stcw-bridge-resource-management/index.html[22m [2m(+37ms)[22m 
[2m11:26:44[22m   [34m├─[39m [2m/exams/stcw-ecdis/index.html[22m [2m(+35ms)[22m 
[2m11:26:44[22m   [34m├─[39m [2m/exams/stcw-leadership-and-managerial-skills/index.html[22m [2m(+34ms)[22m 
[2m11:26:44[22m   [34m├─[39m [2m/exams/stcw-leadership-and-teamwork/index.html[22m [2m(+39ms)[22m 
[2m11:26:44[22m   [34m├─[39m [2m/exams/stcw-medical-care-provider/index.html[22m [2m(+40ms)[22m 
[2m11:26:44[22m   [34m├─[39m [2m/exams/stcw-medical-first-aid-provider/index.html[22m [2m(+39ms)[22m 
[2m11:26:44[22m   [34m├─[39m [2m/exams/uscg-tankerman-assistant/index.html[22m [2m(+38ms)[22m 
[2m11:26:44[22m   [34m├─[39m [2m/exams/uscg-tankerman-engineer/index.html[22m [2m(+37ms)[22m 
[2m11:26:44[22m   [34m├─[39m [2m/exams/uscg-tankerman-pic/index.html[22m [2m(+33ms)[22m 
[2m11:26:44[22m   [34m├─[39m [2m/exams/uscg-tankerman-pic-barge/index.html[22m [2m(+40ms)[22m 
[2m11:26:44[22m   [34m├─[39m [2m/exams/uscg-third-assistant-engineer/index.html[22m [2m(+40ms)[22m 
[2m11:26:44[22m   [34m├─[39m [2m/exams/uscg-third-mate-endorsement/index.html[22m [2m(+42ms)[22m 
[2m11:26:44[22m   [34m├─[39m [2m/exams/twic-transportation-worker-identification-credential/index.html[22m [2m(+36ms)[22m 
[2m11:26:44[22m   [34m├─[39m [2m/exams/uscg-chart-plot-exam-module/index.html[22m [2m(+37ms)[22m 
[2m11:26:44[22m   [34m├─[39m [2m/exams/uscg-deck-general-exam-module/index.html[22m [2m(+35ms)[22m 
[2m11:26:45[22m   [34m├─[39m [2m/exams/uscg-deck-safety-exam-module/index.html[22m [2m(+39ms)[22m 
[2m11:26:45[22m   [34m├─[39m [2m/exams/uscg-navigation-general-exam-module/index.html[22m [2m(+35ms)[22m 
[2m11:26:45[22m   [34m├─[39m [2m/exams/uscg-rules-of-the-road-exam-module/index.html[22m [2m(+35ms)[22m 
[2m11:26:45[22m   [34m├─[39m [2m/exams/stcw-vessel-personnel-designated-security-duties/index.html[22m [2m(+34ms)[22m 
[2m11:26:45[22m   [34m├─[39m [2m/exams/isps-vessel-security-officer/index.html[22m [2m(+34ms)[22m 
[2m11:26:45[22m   [34m├─[39m [2m/exams/fcc-amateur-extra-class-license/index.html[22m [2m(+37ms)[22m 
[2m11:26:45[22m   [34m├─[39m [2m/exams/fcc-amateur-general-class-license/index.html[22m [2m(+33ms)[22m 
[2m11:26:45[22m   [34m├─[39m [2m/exams/fcc-amateur-technician-class-license/index.html[22m [2m(+35ms)[22m 
[2m11:26:45[22m   [34m├─[39m [2m/exams/fcc-element-1-basic-radio-law/index.html[22m [2m(+35ms)[22m 
[2m11:26:45[22m   [34m├─[39m [2m/exams/fcc-element-3-general-radiotelephone/index.html[22m [2m(+38ms)[22m 
[2m11:26:45[22m   [34m├─[39m [2m/exams/fcc-element-5-radiotelegraph-operating-practice/index.html[22m [2m(+37ms)[22m 
[2m11:26:45[22m   [34m├─[39m [2m/exams/fcc-element-6-advanced-radiotelegraph/index.html[22m [2m(+35ms)[22m 
[2m11:26:45[22m   [34m├─[39m [2m/exams/fcc-element-7-gmdss-radio-operating-practices/index.html[22m [2m(+40ms)[22m 
[2m11:26:45[22m   [34m├─[39m [2m/exams/fcc-element-7r-restricted-gmdss-operating-practices/index.html[22m [2m(+36ms)[22m 
[2m11:26:45[22m   [34m├─[39m [2m/exams/fcc-element-8-ship-radar-techniques/index.html[22m [2m(+35ms)[22m 
[2m11:26:45[22m   [34m├─[39m [2m/exams/fcc-element-9-gmdss-radio-maintenance/index.html[22m [2m(+37ms)[22m 
[2m11:26:45[22m   [34m├─[39m [2m/exams/fcc-general-radiotelephone-operator-license/index.html[22m [2m(+35ms)[22m 
[2m11:26:45[22m   [34m├─[39m [2m/exams/fcc-gmdss-radio-maintainers-license/index.html[22m [2m(+39ms)[22m 
[2m11:26:45[22m   [34m├─[39m [2m/exams/fcc-gmdss-radio-operators-license/index.html[22m [2m(+42ms)[22m 
[2m11:26:45[22m   [34m├─[39m [2m/exams/fcc-gmdss-radio-operator-maintainer-license/index.html[22m [2m(+45ms)[22m 
[2m11:26:45[22m   [34m├─[39m [2m/exams/fcc-marine-radio-operator-permit/index.html[22m [2m(+31ms)[22m 
[2m11:26:45[22m   [34m├─[39m [2m/exams/fcc-radiotelegraph-operator-license/index.html[22m [2m(+42ms)[22m 
[2m11:26:45[22m   [34m├─[39m [2m/exams/fcc-restricted-gmdss-radio-operator-license/index.html[22m [2m(+37ms)[22m 
[2m11:26:45[22m   [34m├─[39m [2m/exams/fcc-restricted-radiotelephone-operator-permit/index.html[22m [2m(+43ms)[22m 
[2m11:26:45[22m   [34m├─[39m [2m/exams/fcc-restricted-radiotelephone-permit-limited-use/index.html[22m [2m(+33ms)[22m 
[2m11:26:45[22m   [34m├─[39m [2m/exams/fcc-ship-radar-endorsement/index.html[22m [2m(+37ms)[22m 
[2m11:26:45[22m   [34m├─[39m [2m/exams/fcc-six-months-service-endorsement/index.html[22m [2m(+35ms)[22m 
[2m11:26:46[22m   [34m├─[39m [2m/exams/fra-blue-signal-protection-training/index.html[22m [2m(+39ms)[22m 
[2m11:26:46[22m   [34m├─[39m [2m/exams/fra-conductor-certification/index.html[22m [2m(+34ms)[22m 
[2m11:26:46[22m   [34m├─[39m [2m/exams/fra-locomotive-engineer-certification/index.html[22m [2m(+37ms)[22m 
[2m11:26:46[22m   [34m├─[39m [2m/exams/fra-part-243-employee-training-qualification/index.html[22m [2m(+35ms)[22m 
[2m11:26:46[22m   [34m├─[39m [2m/exams/fra-roadway-worker-protection-training/index.html[22m [2m(+38ms)[22m 
[2m11:26:46[22m   [34m├─[39m [2m/exams/fra-track-inspector-qualification/index.html[22m [2m(+41ms)[22m 
[2m11:26:46[22m   [34m├─[39m [2m/exams/nti-roadway-worker-protection-training/index.html[22m [2m(+36ms)[22m 
[2m11:26:46[22m   [34m├─[39m [2m/exams/fta-public-transportation-safety-certification-training/index.html[22m [2m(+35ms)[22m 
[2m11:26:46[22m   [34m├─[39m [2m/exams/rail-roadway-worker-in-charge-qualification/index.html[22m [2m(+45ms)[22m 
[2m11:26:46[22m   [34m├─[39m [2m/exams/tsi-transit-safety-and-security-program/index.html[22m [2m(+36ms)[22m 
[2m11:26:46[22m   [34m├─[39m [2m/exams/alabama-real-estate-salesperson-license/index.html[22m [2m(+37ms)[22m 
[2m11:26:46[22m   [34m├─[39m [2m/exams/alaska-real-estate-salesperson-license/index.html[22m [2m(+37ms)[22m 
[2m11:26:46[22m   [34m├─[39m [2m/exams/arizona-real-estate-salesperson-license/index.html[22m [2m(+39ms)[22m 
[2m11:26:46[22m   [34m├─[39m [2m/exams/arkansas-real-estate-salesperson-license/index.html[22m [2m(+44ms)[22m 
[2m11:26:46[22m   [34m├─[39m [2m/exams/colorado-real-estate-salesperson-license/index.html[22m [2m(+36ms)[22m 
[2m11:26:46[22m   [34m├─[39m [2m/exams/connecticut-real-estate-salesperson-license/index.html[22m [2m(+35ms)[22m 
[2m11:26:46[22m   [34m├─[39m [2m/exams/delaware-real-estate-salesperson-license/index.html[22m [2m(+39ms)[22m 
[2m11:26:46[22m   [34m├─[39m [2m/exams/district-of-columbia-real-estate-salesperson-license/index.html[22m [2m(+37ms)[22m 
[2m11:26:46[22m   [34m├─[39m [2m/exams/georgia-real-estate-salesperson-license/index.html[22m [2m(+35ms)[22m 
[2m11:26:46[22m   [34m├─[39m [2m/exams/hawaii-real-estate-salesperson-license/index.html[22m [2m(+37ms)[22m 
[2m11:26:46[22m   [34m├─[39m [2m/exams/idaho-real-estate-salesperson-license/index.html[22m [2m(+38ms)[22m 
[2m11:26:46[22m   [34m├─[39m [2m/exams/illinois-real-estate-salesperson-license/index.html[22m [2m(+34ms)[22m 
[2m11:26:46[22m   [34m├─[39m [2m/exams/indiana-real-estate-salesperson-license/index.html[22m [2m(+36ms)[22m 
[2m11:26:46[22m   [34m├─[39m [2m/exams/iowa-real-estate-salesperson-license/index.html[22m [2m(+38ms)[22m 
[2m11:26:46[22m   [34m├─[39m [2m/exams/kansas-real-estate-salesperson-license/index.html[22m [2m(+34ms)[22m 
[2m11:26:46[22m   [34m├─[39m [2m/exams/kentucky-real-estate-salesperson-license/index.html[22m [2m(+33ms)[22m 
[2m11:26:46[22m   [34m├─[39m [2m/exams/louisiana-real-estate-salesperson-license/index.html[22m [2m(+34ms)[22m 
[2m11:26:46[22m   [34m├─[39m [2m/exams/maine-real-estate-salesperson-license/index.html[22m [2m(+42ms)[22m 
[2m11:26:47[22m   [34m├─[39m [2m/exams/maryland-real-estate-salesperson-license/index.html[22m [2m(+47ms)[22m 
[2m11:26:47[22m   [34m├─[39m [2m/exams/massachusetts-real-estate-salesperson-license/index.html[22m [2m(+43ms)[22m 
[2m11:26:47[22m   [34m├─[39m [2m/exams/michigan-real-estate-salesperson-license/index.html[22m [2m(+39ms)[22m 
[2m11:26:47[22m   [34m├─[39m [2m/exams/minnesota-real-estate-salesperson-license/index.html[22m [2m(+34ms)[22m 
[2m11:26:47[22m   [34m├─[39m [2m/exams/mississippi-real-estate-salesperson-license/index.html[22m [2m(+38ms)[22m 
[2m11:26:47[22m   [34m├─[39m [2m/exams/missouri-real-estate-salesperson-license/index.html[22m [2m(+39ms)[22m 
[2m11:26:47[22m   [34m├─[39m [2m/exams/montana-real-estate-salesperson-license/index.html[22m [2m(+40ms)[22m 
[2m11:26:47[22m   [34m├─[39m [2m/exams/nebraska-real-estate-salesperson-license/index.html[22m [2m(+36ms)[22m 
[2m11:26:47[22m   [34m├─[39m [2m/exams/nevada-real-estate-salesperson-license/index.html[22m [2m(+41ms)[22m 
[2m11:26:47[22m   [34m├─[39m [2m/exams/new-hampshire-real-estate-salesperson-license/index.html[22m [2m(+36ms)[22m 
[2m11:26:47[22m   [34m├─[39m [2m/exams/new-jersey-real-estate-salesperson-license/index.html[22m [2m(+34ms)[22m 
[2m11:26:47[22m   [34m├─[39m [2m/exams/new-mexico-real-estate-salesperson-license/index.html[22m [2m(+35ms)[22m 
[2m11:26:47[22m   [34m├─[39m [2m/exams/new-york-real-estate-salesperson-license/index.html[22m [2m(+37ms)[22m 
[2m11:26:47[22m   [34m├─[39m [2m/exams/north-carolina-real-estate-salesperson-license/index.html[22m [2m(+34ms)[22m 
[2m11:26:47[22m   [34m├─[39m [2m/exams/north-dakota-real-estate-salesperson-license/index.html[22m [2m(+33ms)[22m 
[2m11:26:47[22m   [34m├─[39m [2m/exams/ohio-real-estate-salesperson-license/index.html[22m [2m(+34ms)[22m 
[2m11:26:47[22m   [34m├─[39m [2m/exams/oklahoma-real-estate-salesperson-license/index.html[22m [2m(+33ms)[22m 
[2m11:26:47[22m   [34m├─[39m [2m/exams/oregon-real-estate-salesperson-license/index.html[22m [2m(+35ms)[22m 
[2m11:26:47[22m   [34m├─[39m [2m/exams/pennsylvania-real-estate-salesperson-license/index.html[22m [2m(+34ms)[22m 
[2m11:26:47[22m   [34m├─[39m [2m/exams/rhode-island-real-estate-salesperson-license/index.html[22m [2m(+34ms)[22m 
[2m11:26:47[22m   [34m├─[39m [2m/exams/south-carolina-real-estate-salesperson-license/index.html[22m [2m(+34ms)[22m 
[2m11:26:47[22m   [34m├─[39m [2m/exams/south-dakota-real-estate-salesperson-license/index.html[22m [2m(+31ms)[22m 
[2m11:26:47[22m   [34m├─[39m [2m/exams/tennessee-real-estate-salesperson-license/index.html[22m [2m(+40ms)[22m 
[2m11:26:47[22m   [34m├─[39m [2m/exams/utah-real-estate-salesperson-license/index.html[22m [2m(+37ms)[22m 
[2m11:26:47[22m   [34m├─[39m [2m/exams/vermont-real-estate-salesperson-license/index.html[22m [2m(+43ms)[22m 
[2m11:26:47[22m   [34m├─[39m [2m/exams/virginia-real-estate-salesperson-license/index.html[22m [2m(+43ms)[22m 
[2m11:26:48[22m   [34m├─[39m [2m/exams/washington-real-estate-salesperson-license/index.html[22m [2m(+35ms)[22m 
[2m11:26:48[22m   [34m├─[39m [2m/exams/west-virginia-real-estate-salesperson-license/index.html[22m [2m(+36ms)[22m 
[2m11:26:48[22m   [34m├─[39m [2m/exams/wisconsin-real-estate-salesperson-license/index.html[22m [2m(+33ms)[22m 
[2m11:26:48[22m   [34m├─[39m [2m/exams/wyoming-real-estate-salesperson-license/index.html[22m [2m(+33ms)[22m 
[2m11:26:48[22m   [34m├─[39m [2m/exams/alabama-real-estate-broker-license/index.html[22m [2m(+34ms)[22m 
[2m11:26:48[22m   [34m├─[39m [2m/exams/alaska-real-estate-broker-license/index.html[22m [2m(+33ms)[22m 
[2m11:26:48[22m   [34m├─[39m [2m/exams/arizona-real-estate-broker-license/index.html[22m [2m(+33ms)[22m 
[2m11:26:48[22m   [34m├─[39m [2m/exams/arkansas-real-estate-broker-license/index.html[22m [2m(+35ms)[22m 
[2m11:26:48[22m   [34m├─[39m [2m/exams/california-real-estate-broker-license/index.html[22m [2m(+39ms)[22m 
[2m11:26:48[22m   [34m├─[39m [2m/exams/colorado-real-estate-broker-license/index.html[22m [2m(+34ms)[22m 
[2m11:26:48[22m   [34m├─[39m [2m/exams/connecticut-real-estate-broker-license/index.html[22m [2m(+36ms)[22m 
[2m11:26:48[22m   [34m├─[39m [2m/exams/delaware-real-estate-broker-license/index.html[22m [2m(+40ms)[22m 
[2m11:26:48[22m   [34m├─[39m [2m/exams/district-of-columbia-real-estate-broker-license/index.html[22m [2m(+33ms)[22m 
[2m11:26:48[22m   [34m├─[39m [2m/exams/florida-real-estate-broker-license/index.html[22m [2m(+33ms)[22m 
[2m11:26:48[22m   [34m├─[39m [2m/exams/georgia-real-estate-broker-license/index.html[22m [2m(+34ms)[22m 
[2m11:26:48[22m   [34m├─[39m [2m/exams/hawaii-real-estate-broker-license/index.html[22m [2m(+32ms)[22m 
[2m11:26:48[22m   [34m├─[39m [2m/exams/idaho-real-estate-broker-license/index.html[22m [2m(+40ms)[22m 
[2m11:26:48[22m   [34m├─[39m [2m/exams/illinois-real-estate-broker-license/index.html[22m [2m(+34ms)[22m 
[2m11:26:48[22m   [34m├─[39m [2m/exams/indiana-real-estate-broker-license/index.html[22m [2m(+36ms)[22m 
[2m11:26:48[22m   [34m├─[39m [2m/exams/iowa-real-estate-broker-license/index.html[22m [2m(+38ms)[22m 
[2m11:26:48[22m   [34m├─[39m [2m/exams/kansas-real-estate-broker-license/index.html[22m [2m(+38ms)[22m 
[2m11:26:48[22m   [34m├─[39m [2m/exams/kentucky-real-estate-broker-license/index.html[22m [2m(+40ms)[22m 
[2m11:26:48[22m   [34m├─[39m [2m/exams/louisiana-real-estate-broker-license/index.html[22m [2m(+37ms)[22m 
[2m11:26:48[22m   [34m├─[39m [2m/exams/maine-real-estate-broker-license/index.html[22m [2m(+35ms)[22m 
[2m11:26:48[22m   [34m├─[39m [2m/exams/maryland-real-estate-broker-license/index.html[22m [2m(+39ms)[22m 
[2m11:26:48[22m   [34m├─[39m [2m/exams/massachusetts-real-estate-broker-license/index.html[22m [2m(+36ms)[22m 
[2m11:26:48[22m   [34m├─[39m [2m/exams/michigan-real-estate-broker-license/index.html[22m [2m(+34ms)[22m 
[2m11:26:48[22m   [34m├─[39m [2m/exams/minnesota-real-estate-broker-license/index.html[22m [2m(+36ms)[22m 
[2m11:26:49[22m   [34m├─[39m [2m/exams/mississippi-real-estate-broker-license/index.html[22m [2m(+31ms)[22m 
[2m11:26:49[22m   [34m├─[39m [2m/exams/missouri-real-estate-broker-license/index.html[22m [2m(+37ms)[22m 
[2m11:26:49[22m   [34m├─[39m [2m/exams/montana-real-estate-broker-license/index.html[22m [2m(+33ms)[22m 
[2m11:26:49[22m   [34m├─[39m [2m/exams/nebraska-real-estate-broker-license/index.html[22m [2m(+36ms)[22m 
[2m11:26:49[22m   [34m├─[39m [2m/exams/nevada-real-estate-broker-license/index.html[22m [2m(+41ms)[22m 
[2m11:26:49[22m   [34m├─[39m [2m/exams/new-hampshire-real-estate-broker-license/index.html[22m [2m(+42ms)[22m 
[2m11:26:49[22m   [34m├─[39m [2m/exams/new-jersey-real-estate-broker-license/index.html[22m [2m(+35ms)[22m 
[2m11:26:49[22m   [34m├─[39m [2m/exams/new-mexico-real-estate-broker-license/index.html[22m [2m(+37ms)[22m 
[2m11:26:49[22m   [34m├─[39m [2m/exams/new-york-real-estate-broker-license/index.html[22m [2m(+40ms)[22m 
[2m11:26:49[22m   [34m├─[39m [2m/exams/north-carolina-real-estate-broker-license/index.html[22m [2m(+34ms)[22m 
[2m11:26:49[22m   [34m├─[39m [2m/exams/north-dakota-real-estate-broker-license/index.html[22m [2m(+34ms)[22m 
[2m11:26:49[22m   [34m├─[39m [2m/exams/ohio-real-estate-broker-license/index.html[22m [2m(+33ms)[22m 
[2m11:26:49[22m   [34m├─[39m [2m/exams/oklahoma-real-estate-broker-license/index.html[22m [2m(+35ms)[22m 
[2m11:26:49[22m   [34m├─[39m [2m/exams/oregon-real-estate-broker-license/index.html[22m [2m(+35ms)[22m 
[2m11:26:49[22m   [34m├─[39m [2m/exams/pennsylvania-real-estate-broker-license/index.html[22m [2m(+40ms)[22m 
[2m11:26:49[22m   [34m├─[39m [2m/exams/rhode-island-real-estate-broker-license/index.html[22m [2m(+35ms)[22m 
[2m11:26:49[22m   [34m├─[39m [2m/exams/south-carolina-real-estate-broker-license/index.html[22m [2m(+34ms)[22m 
[2m11:26:49[22m   [34m├─[39m [2m/exams/south-dakota-real-estate-broker-license/index.html[22m [2m(+33ms)[22m 
[2m11:26:49[22m   [34m├─[39m [2m/exams/tennessee-real-estate-broker-license/index.html[22m [2m(+34ms)[22m 
[2m11:26:49[22m   [34m├─[39m [2m/exams/texas-real-estate-broker-license/index.html[22m [2m(+33ms)[22m 
[2m11:26:49[22m   [34m├─[39m [2m/exams/utah-real-estate-broker-license/index.html[22m [2m(+39ms)[22m 
[2m11:26:49[22m   [34m├─[39m [2m/exams/vermont-real-estate-broker-license/index.html[22m [2m(+35ms)[22m 
[2m11:26:49[22m   [34m├─[39m [2m/exams/virginia-real-estate-broker-license/index.html[22m [2m(+37ms)[22m 
[2m11:26:49[22m   [34m├─[39m [2m/exams/washington-real-estate-broker-license/index.html[22m [2m(+33ms)[22m 
[2m11:26:49[22m   [34m├─[39m [2m/exams/west-virginia-real-estate-broker-license/index.html[22m [2m(+38ms)[22m 
[2m11:26:49[22m   [34m├─[39m [2m/exams/wisconsin-real-estate-broker-license/index.html[22m [2m(+37ms)[22m 
[2m11:26:49[22m   [34m├─[39m [2m/exams/wyoming-real-estate-broker-license/index.html[22m [2m(+34ms)[22m 
[2m11:26:49[22m   [34m├─[39m [2m/exams/alabama-certified-residential-appraiser/index.html[22m [2m(+45ms)[22m 
[2m11:26:50[22m   [34m├─[39m [2m/exams/alaska-certified-residential-appraiser/index.html[22m [2m(+40ms)[22m 
[2m11:26:50[22m   [34m├─[39m [2m/exams/arizona-certified-residential-appraiser/index.html[22m [2m(+34ms)[22m 
[2m11:26:50[22m   [34m├─[39m [2m/exams/arkansas-certified-residential-appraiser/index.html[22m [2m(+35ms)[22m 
[2m11:26:50[22m   [34m├─[39m [2m/exams/california-certified-residential-appraiser/index.html[22m [2m(+36ms)[22m 
[2m11:26:50[22m   [34m├─[39m [2m/exams/colorado-certified-residential-appraiser/index.html[22m [2m(+38ms)[22m 
[2m11:26:50[22m   [34m├─[39m [2m/exams/connecticut-certified-residential-appraiser/index.html[22m [2m(+36ms)[22m 
[2m11:26:50[22m   [34m├─[39m [2m/exams/delaware-certified-residential-appraiser/index.html[22m [2m(+33ms)[22m 
[2m11:26:50[22m   [34m├─[39m [2m/exams/district-of-columbia-certified-residential-appraiser/index.html[22m [2m(+34ms)[22m 
[2m11:26:50[22m   [34m├─[39m [2m/exams/florida-certified-residential-appraiser/index.html[22m [2m(+35ms)[22m 
[2m11:26:50[22m   [34m├─[39m [2m/exams/georgia-certified-residential-appraiser/index.html[22m [2m(+35ms)[22m 
[2m11:26:50[22m   [34m├─[39m [2m/exams/hawaii-certified-residential-appraiser/index.html[22m [2m(+35ms)[22m 
[2m11:26:50[22m   [34m├─[39m [2m/exams/idaho-certified-residential-appraiser/index.html[22m [2m(+36ms)[22m 
[2m11:26:50[22m   [34m├─[39m [2m/exams/illinois-certified-residential-appraiser/index.html[22m [2m(+38ms)[22m 
[2m11:26:50[22m   [34m├─[39m [2m/exams/indiana-certified-residential-appraiser/index.html[22m [2m(+37ms)[22m 
[2m11:26:50[22m   [34m├─[39m [2m/exams/iowa-certified-residential-appraiser/index.html[22m [2m(+35ms)[22m 
[2m11:26:50[22m   [34m├─[39m [2m/exams/kansas-certified-residential-appraiser/index.html[22m [2m(+36ms)[22m 
[2m11:26:50[22m   [34m├─[39m [2m/exams/kentucky-certified-residential-appraiser/index.html[22m [2m(+36ms)[22m 
[2m11:26:50[22m   [34m├─[39m [2m/exams/louisiana-certified-residential-appraiser/index.html[22m [2m(+38ms)[22m 
[2m11:26:50[22m   [34m├─[39m [2m/exams/maine-certified-residential-appraiser/index.html[22m [2m(+45ms)[22m 
[2m11:26:50[22m   [34m├─[39m [2m/exams/maryland-certified-residential-appraiser/index.html[22m [2m(+37ms)[22m 
[2m11:26:50[22m   [34m├─[39m [2m/exams/massachusetts-certified-residential-appraiser/index.html[22m [2m(+39ms)[22m 
[2m11:26:50[22m   [34m├─[39m [2m/exams/michigan-certified-residential-appraiser/index.html[22m [2m(+33ms)[22m 
[2m11:26:50[22m   [34m├─[39m [2m/exams/minnesota-certified-residential-appraiser/index.html[22m [2m(+34ms)[22m 
[2m11:26:50[22m   [34m├─[39m [2m/exams/mississippi-certified-residential-appraiser/index.html[22m [2m(+34ms)[22m 
[2m11:26:50[22m   [34m├─[39m [2m/exams/missouri-certified-residential-appraiser/index.html[22m [2m(+38ms)[22m 
[2m11:26:50[22m   [34m├─[39m [2m/exams/montana-certified-residential-appraiser/index.html[22m [2m(+39ms)[22m 
[2m11:26:50[22m   [34m├─[39m [2m/exams/nebraska-certified-residential-appraiser/index.html[22m [2m(+39ms)[22m 
[2m11:26:51[22m   [34m├─[39m [2m/exams/nevada-certified-residential-appraiser/index.html[22m [2m(+34ms)[22m 
[2m11:26:51[22m   [34m├─[39m [2m/exams/new-hampshire-certified-residential-appraiser/index.html[22m [2m(+34ms)[22m 
[2m11:26:51[22m   [34m├─[39m [2m/exams/new-jersey-certified-residential-appraiser/index.html[22m [2m(+41ms)[22m 
[2m11:26:51[22m   [34m├─[39m [2m/exams/new-mexico-certified-residential-appraiser/index.html[22m [2m(+37ms)[22m 
[2m11:26:51[22m   [34m├─[39m [2m/exams/new-york-certified-residential-appraiser/index.html[22m [2m(+37ms)[22m 
[2m11:26:51[22m   [34m├─[39m [2m/exams/north-carolina-certified-residential-appraiser/index.html[22m [2m(+35ms)[22m 
[2m11:26:51[22m   [34m├─[39m [2m/exams/north-dakota-certified-residential-appraiser/index.html[22m [2m(+43ms)[22m 
[2m11:26:51[22m   [34m├─[39m [2m/exams/ohio-certified-residential-appraiser/index.html[22m [2m(+48ms)[22m 
[2m11:26:51[22m   [34m├─[39m [2m/exams/oklahoma-certified-residential-appraiser/index.html[22m [2m(+41ms)[22m 
[2m11:26:51[22m   [34m├─[39m [2m/exams/oregon-certified-residential-appraiser/index.html[22m [2m(+34ms)[22m 
[2m11:26:51[22m   [34m├─[39m [2m/exams/pennsylvania-certified-residential-appraiser/index.html[22m [2m(+39ms)[22m 
[2m11:26:51[22m   [34m├─[39m [2m/exams/rhode-island-certified-residential-appraiser/index.html[22m [2m(+37ms)[22m 
[2m11:26:51[22m   [34m├─[39m [2m/exams/south-carolina-certified-residential-appraiser/index.html[22m [2m(+42ms)[22m 
[2m11:26:51[22m   [34m├─[39m [2m/exams/south-dakota-certified-residential-appraiser/index.html[22m [2m(+38ms)[22m 
[2m11:26:51[22m   [34m├─[39m [2m/exams/tennessee-certified-residential-appraiser/index.html[22m [2m(+35ms)[22m 
[2m11:26:51[22m   [34m├─[39m [2m/exams/texas-certified-residential-appraiser/index.html[22m [2m(+46ms)[22m 
[2m11:26:51[22m   [34m├─[39m [2m/exams/utah-certified-residential-appraiser/index.html[22m [2m(+35ms)[22m 
[2m11:26:51[22m   [34m├─[39m [2m/exams/vermont-certified-residential-appraiser/index.html[22m [2m(+34ms)[22m 
[2m11:26:51[22m   [34m├─[39m [2m/exams/virginia-certified-residential-appraiser/index.html[22m [2m(+38ms)[22m 
[2m11:26:51[22m   [34m├─[39m [2m/exams/washington-certified-residential-appraiser/index.html[22m [2m(+39ms)[22m 
[2m11:26:51[22m   [34m├─[39m [2m/exams/west-virginia-certified-residential-appraiser/index.html[22m [2m(+36ms)[22m 
[2m11:26:51[22m   [34m├─[39m [2m/exams/wisconsin-certified-residential-appraiser/index.html[22m [2m(+35ms)[22m 
[2m11:26:51[22m   [34m├─[39m [2m/exams/wyoming-certified-residential-appraiser/index.html[22m [2m(+33ms)[22m 
[2m11:26:51[22m   [34m├─[39m [2m/exams/alabama-home-inspector-license/index.html[22m [2m(+36ms)[22m 
[2m11:26:51[22m   [34m├─[39m [2m/exams/alaska-home-inspector-license/index.html[22m [2m(+40ms)[22m 
[2m11:26:51[22m   [34m├─[39m [2m/exams/arizona-home-inspector-license/index.html[22m [2m(+35ms)[22m 
[2m11:26:51[22m   [34m├─[39m [2m/exams/arkansas-home-inspector-license/index.html[22m [2m(+35ms)[22m 
[2m11:26:52[22m   [34m├─[39m [2m/exams/california-home-inspector-license/index.html[22m [2m(+34ms)[22m 
[2m11:26:52[22m   [34m├─[39m [2m/exams/colorado-home-inspector-license/index.html[22m [2m(+34ms)[22m 
[2m11:26:52[22m   [34m├─[39m [2m/exams/connecticut-home-inspector-license/index.html[22m [2m(+38ms)[22m 
[2m11:26:52[22m   [34m├─[39m [2m/exams/delaware-home-inspector-license/index.html[22m [2m(+36ms)[22m 
[2m11:26:52[22m   [34m├─[39m [2m/exams/district-of-columbia-home-inspector-license/index.html[22m [2m(+39ms)[22m 
[2m11:26:52[22m   [34m├─[39m [2m/exams/florida-home-inspector-license/index.html[22m [2m(+38ms)[22m 
[2m11:26:52[22m   [34m├─[39m [2m/exams/georgia-home-inspector-license/index.html[22m [2m(+37ms)[22m 
[2m11:26:52[22m   [34m├─[39m [2m/exams/hawaii-home-inspector-license/index.html[22m [2m(+32ms)[22m 
[2m11:26:52[22m   [34m├─[39m [2m/exams/idaho-home-inspector-license/index.html[22m [2m(+39ms)[22m 
[2m11:26:52[22m   [34m├─[39m [2m/exams/illinois-home-inspector-license/index.html[22m [2m(+38ms)[22m 
[2m11:26:52[22m   [34m├─[39m [2m/exams/indiana-home-inspector-license/index.html[22m [2m(+33ms)[22m 
[2m11:26:52[22m   [34m├─[39m [2m/exams/iowa-home-inspector-license/index.html[22m [2m(+38ms)[22m 
[2m11:26:52[22m   [34m├─[39m [2m/exams/kansas-home-inspector-license/index.html[22m [2m(+31ms)[22m 
[2m11:26:52[22m   [34m├─[39m [2m/exams/kentucky-home-inspector-license/index.html[22m [2m(+35ms)[22m 
[2m11:26:52[22m   [34m├─[39m [2m/exams/louisiana-home-inspector-license/index.html[22m [2m(+39ms)[22m 
[2m11:26:52[22m   [34m├─[39m [2m/exams/maine-home-inspector-license/index.html[22m [2m(+40ms)[22m 
[2m11:26:52[22m   [34m├─[39m [2m/exams/maryland-home-inspector-license/index.html[22m [2m(+34ms)[22m 
[2m11:26:52[22m   [34m├─[39m [2m/exams/massachusetts-home-inspector-license/index.html[22m [2m(+33ms)[22m 
[2m11:26:52[22m   [34m├─[39m [2m/exams/michigan-home-inspector-license/index.html[22m [2m(+38ms)[22m 
[2m11:26:52[22m   [34m├─[39m [2m/exams/minnesota-home-inspector-license/index.html[22m [2m(+36ms)[22m 
[2m11:26:52[22m   [34m├─[39m [2m/exams/mississippi-home-inspector-license/index.html[22m [2m(+34ms)[22m 
[2m11:26:52[22m   [34m├─[39m [2m/exams/missouri-home-inspector-license/index.html[22m [2m(+36ms)[22m 
[2m11:26:52[22m   [34m├─[39m [2m/exams/montana-home-inspector-license/index.html[22m [2m(+35ms)[22m 
[2m11:26:52[22m   [34m├─[39m [2m/exams/nebraska-home-inspector-license/index.html[22m [2m(+36ms)[22m 
[2m11:26:52[22m   [34m├─[39m [2m/exams/nevada-home-inspector-license/index.html[22m [2m(+38ms)[22m 
[2m11:26:52[22m   [34m├─[39m [2m/exams/new-hampshire-home-inspector-license/index.html[22m [2m(+36ms)[22m 
[2m11:26:52[22m   [34m├─[39m [2m/exams/new-jersey-home-inspector-license/index.html[22m [2m(+34ms)[22m 
[2m11:26:52[22m   [34m├─[39m [2m/exams/new-mexico-home-inspector-license/index.html[22m [2m(+37ms)[22m 
[2m11:26:53[22m   [34m├─[39m [2m/exams/new-york-home-inspector-license/index.html[22m [2m(+40ms)[22m 
[2m11:26:53[22m   [34m├─[39m [2m/exams/north-carolina-home-inspector-license/index.html[22m [2m(+36ms)[22m 
[2m11:26:53[22m   [34m├─[39m [2m/exams/north-dakota-home-inspector-license/index.html[22m [2m(+32ms)[22m 
[2m11:26:53[22m   [34m├─[39m [2m/exams/ohio-home-inspector-license/index.html[22m [2m(+34ms)[22m 
[2m11:26:53[22m   [34m├─[39m [2m/exams/oklahoma-home-inspector-license/index.html[22m [2m(+39ms)[22m 
[2m11:26:53[22m   [34m├─[39m [2m/exams/oregon-home-inspector-license/index.html[22m [2m(+40ms)[22m 
[2m11:26:53[22m   [34m├─[39m [2m/exams/pennsylvania-home-inspector-license/index.html[22m [2m(+32ms)[22m 
[2m11:26:53[22m   [34m├─[39m [2m/exams/rhode-island-home-inspector-license/index.html[22m [2m(+35ms)[22m 
[2m11:26:53[22m   [34m├─[39m [2m/exams/south-carolina-home-inspector-license/index.html[22m [2m(+33ms)[22m 
[2m11:26:53[22m   [34m├─[39m [2m/exams/south-dakota-home-inspector-license/index.html[22m [2m(+35ms)[22m 
[2m11:26:53[22m   [34m├─[39m [2m/exams/tennessee-home-inspector-license/index.html[22m [2m(+37ms)[22m 
[2m11:26:53[22m   [34m├─[39m [2m/exams/texas-home-inspector-license/index.html[22m [2m(+33ms)[22m 
[2m11:26:53[22m   [34m├─[39m [2m/exams/utah-home-inspector-license/index.html[22m [2m(+38ms)[22m 
[2m11:26:53[22m   [34m├─[39m [2m/exams/vermont-home-inspector-license/index.html[22m [2m(+40ms)[22m 
[2m11:26:53[22m   [34m├─[39m [2m/exams/virginia-home-inspector-license/index.html[22m [2m(+36ms)[22m 
[2m11:26:53[22m   [34m├─[39m [2m/exams/washington-home-inspector-license/index.html[22m [2m(+34ms)[22m 
[2m11:26:53[22m   [34m├─[39m [2m/exams/west-virginia-home-inspector-license/index.html[22m [2m(+38ms)[22m 
[2m11:26:53[22m   [34m├─[39m [2m/exams/wisconsin-home-inspector-license/index.html[22m [2m(+35ms)[22m 
[2m11:26:53[22m   [34m├─[39m [2m/exams/wyoming-home-inspector-license/index.html[22m [2m(+32ms)[22m 
[2m11:26:53[22m   [34m├─[39m [2m/exams/alabama-mortgage-loan-originator-license/index.html[22m [2m(+33ms)[22m 
[2m11:26:53[22m   [34m├─[39m [2m/exams/alaska-mortgage-loan-originator-license/index.html[22m [2m(+33ms)[22m 
[2m11:26:53[22m   [34m├─[39m [2m/exams/arizona-mortgage-loan-originator-license/index.html[22m [2m(+35ms)[22m 
[2m11:26:53[22m   [34m├─[39m [2m/exams/arkansas-mortgage-loan-originator-license/index.html[22m [2m(+35ms)[22m 
[2m11:26:53[22m   [34m├─[39m [2m/exams/california-mortgage-loan-originator-license/index.html[22m [2m(+35ms)[22m 
[2m11:26:53[22m   [34m├─[39m [2m/exams/colorado-mortgage-loan-originator-license/index.html[22m [2m(+43ms)[22m 
[2m11:26:53[22m   [34m├─[39m [2m/exams/connecticut-mortgage-loan-originator-license/index.html[22m [2m(+36ms)[22m 
[2m11:26:53[22m   [34m├─[39m [2m/exams/delaware-mortgage-loan-originator-license/index.html[22m [2m(+33ms)[22m 
[2m11:26:53[22m   [34m├─[39m [2m/exams/district-of-columbia-mortgage-loan-originator-license/index.html[22m [2m(+34ms)[22m 
[2m11:26:54[22m   [34m├─[39m [2m/exams/florida-mortgage-loan-originator-license/index.html[22m [2m(+39ms)[22m 
[2m11:26:54[22m   [34m├─[39m [2m/exams/georgia-mortgage-loan-originator-license/index.html[22m [2m(+34ms)[22m 
[2m11:26:54[22m   [34m├─[39m [2m/exams/hawaii-mortgage-loan-originator-license/index.html[22m [2m(+38ms)[22m 
[2m11:26:54[22m   [34m├─[39m [2m/exams/idaho-mortgage-loan-originator-license/index.html[22m [2m(+37ms)[22m 
[2m11:26:54[22m   [34m├─[39m [2m/exams/illinois-mortgage-loan-originator-license/index.html[22m [2m(+33ms)[22m 
[2m11:26:54[22m   [34m├─[39m [2m/exams/indiana-mortgage-loan-originator-license/index.html[22m [2m(+35ms)[22m 
[2m11:26:54[22m   [34m├─[39m [2m/exams/iowa-mortgage-loan-originator-license/index.html[22m [2m(+38ms)[22m 
[2m11:26:54[22m   [34m├─[39m [2m/exams/kansas-mortgage-loan-originator-license/index.html[22m [2m(+31ms)[22m 
[2m11:26:54[22m   [34m├─[39m [2m/exams/kentucky-mortgage-loan-originator-license/index.html[22m [2m(+41ms)[22m 
[2m11:26:54[22m   [34m├─[39m [2m/exams/louisiana-mortgage-loan-originator-license/index.html[22m [2m(+36ms)[22m 
[2m11:26:54[22m   [34m├─[39m [2m/exams/maine-mortgage-loan-originator-license/index.html[22m [2m(+34ms)[22m 
[2m11:26:54[22m   [34m├─[39m [2m/exams/maryland-mortgage-loan-originator-license/index.html[22m [2m(+46ms)[22m 
[2m11:26:54[22m   [34m├─[39m [2m/exams/massachusetts-mortgage-loan-originator-license/index.html[22m [2m(+33ms)[22m 
[2m11:26:54[22m   [34m├─[39m [2m/exams/michigan-mortgage-loan-originator-license/index.html[22m [2m(+33ms)[22m 
[2m11:26:54[22m   [34m├─[39m [2m/exams/minnesota-mortgage-loan-originator-license/index.html[22m [2m(+35ms)[22m 
[2m11:26:54[22m   [34m├─[39m [2m/exams/mississippi-mortgage-loan-originator-license/index.html[22m [2m(+36ms)[22m 
[2m11:26:54[22m   [34m├─[39m [2m/exams/missouri-mortgage-loan-originator-license/index.html[22m [2m(+37ms)[22m 
[2m11:26:54[22m   [34m├─[39m [2m/exams/montana-mortgage-loan-originator-license/index.html[22m [2m(+39ms)[22m 
[2m11:26:54[22m   [34m├─[39m [2m/exams/nebraska-mortgage-loan-originator-license/index.html[22m [2m(+36ms)[22m 
[2m11:26:54[22m   [34m├─[39m [2m/exams/nevada-mortgage-loan-originator-license/index.html[22m [2m(+34ms)[22m 
[2m11:26:54[22m   [34m├─[39m [2m/exams/new-hampshire-mortgage-loan-originator-license/index.html[22m [2m(+38ms)[22m 
[2m11:26:54[22m   [34m├─[39m [2m/exams/new-jersey-mortgage-loan-originator-license/index.html[22m [2m(+35ms)[22m 
[2m11:26:54[22m   [34m├─[39m [2m/exams/new-mexico-mortgage-loan-originator-license/index.html[22m [2m(+35ms)[22m 
[2m11:26:54[22m   [34m├─[39m [2m/exams/new-york-mortgage-loan-originator-license/index.html[22m [2m(+36ms)[22m 
[2m11:26:54[22m   [34m├─[39m [2m/exams/north-carolina-mortgage-loan-originator-license/index.html[22m [2m(+40ms)[22m 
[2m11:26:54[22m   [34m├─[39m [2m/exams/north-dakota-mortgage-loan-originator-license/index.html[22m [2m(+35ms)[22m 
[2m11:26:54[22m   [34m├─[39m [2m/exams/ohio-mortgage-loan-originator-license/index.html[22m [2m(+36ms)[22m 
[2m11:26:55[22m   [34m├─[39m [2m/exams/oklahoma-mortgage-loan-originator-license/index.html[22m [2m(+32ms)[22m 
[2m11:26:55[22m   [34m├─[39m [2m/exams/oregon-mortgage-loan-originator-license/index.html[22m [2m(+35ms)[22m 
[2m11:26:55[22m   [34m├─[39m [2m/exams/pennsylvania-mortgage-loan-originator-license/index.html[22m [2m(+33ms)[22m 
[2m11:26:55[22m   [34m├─[39m [2m/exams/rhode-island-mortgage-loan-originator-license/index.html[22m [2m(+41ms)[22m 
[2m11:26:55[22m   [34m├─[39m [2m/exams/south-carolina-mortgage-loan-originator-license/index.html[22m [2m(+34ms)[22m 
[2m11:26:55[22m   [34m├─[39m [2m/exams/south-dakota-mortgage-loan-originator-license/index.html[22m [2m(+33ms)[22m 
[2m11:26:55[22m   [34m├─[39m [2m/exams/tennessee-mortgage-loan-originator-license/index.html[22m [2m(+35ms)[22m 
[2m11:26:55[22m   [34m├─[39m [2m/exams/texas-mortgage-loan-originator-license/index.html[22m [2m(+33ms)[22m 
[2m11:26:55[22m   [34m├─[39m [2m/exams/utah-mortgage-loan-originator-license/index.html[22m [2m(+34ms)[22m 
[2m11:26:55[22m   [34m├─[39m [2m/exams/vermont-mortgage-loan-originator-license/index.html[22m [2m(+38ms)[22m 
[2m11:26:55[22m   [34m├─[39m [2m/exams/virginia-mortgage-loan-originator-license/index.html[22m [2m(+36ms)[22m 
[2m11:26:55[22m   [34m├─[39m [2m/exams/washington-mortgage-loan-originator-license/index.html[22m [2m(+32ms)[22m 
[2m11:26:55[22m   [34m├─[39m [2m/exams/west-virginia-mortgage-loan-originator-license/index.html[22m [2m(+34ms)[22m 
[2m11:26:55[22m   [34m├─[39m [2m/exams/wisconsin-mortgage-loan-originator-license/index.html[22m [2m(+38ms)[22m 
[2m11:26:55[22m   [34m├─[39m [2m/exams/wyoming-mortgage-loan-originator-license/index.html[22m [2m(+38ms)[22m 
[2m11:26:55[22m   [34m├─[39m [2m/exams/alabama-auctioneer-license/index.html[22m [2m(+35ms)[22m 
[2m11:26:55[22m   [34m├─[39m [2m/exams/alaska-auctioneer-license/index.html[22m [2m(+33ms)[22m 
[2m11:26:55[22m   [34m├─[39m [2m/exams/arizona-auctioneer-license/index.html[22m [2m(+34ms)[22m 
[2m11:26:55[22m   [34m├─[39m [2m/exams/arkansas-auctioneer-license/index.html[22m [2m(+34ms)[22m 
[2m11:26:55[22m   [34m├─[39m [2m/exams/california-auctioneer-license/index.html[22m [2m(+36ms)[22m 
[2m11:26:55[22m   [34m├─[39m [2m/exams/colorado-auctioneer-license/index.html[22m [2m(+36ms)[22m 
[2m11:26:55[22m   [34m├─[39m [2m/exams/connecticut-auctioneer-license/index.html[22m [2m(+39ms)[22m 
[2m11:26:55[22m   [34m├─[39m [2m/exams/delaware-auctioneer-license/index.html[22m [2m(+34ms)[22m 
[2m11:26:55[22m   [34m├─[39m [2m/exams/district-of-columbia-auctioneer-license/index.html[22m [2m(+33ms)[22m 
[2m11:26:55[22m   [34m├─[39m [2m/exams/florida-auctioneer-license/index.html[22m [2m(+34ms)[22m 
[2m11:26:55[22m   [34m├─[39m [2m/exams/georgia-auctioneer-license/index.html[22m [2m(+34ms)[22m 
[2m11:26:55[22m   [34m├─[39m [2m/exams/hawaii-auctioneer-license/index.html[22m [2m(+38ms)[22m 
[2m11:26:55[22m   [34m├─[39m [2m/exams/idaho-auctioneer-license/index.html[22m [2m(+40ms)[22m 
[2m11:26:55[22m   [34m├─[39m [2m/exams/illinois-auctioneer-license/index.html[22m [2m(+42ms)[22m 
[2m11:26:56[22m   [34m├─[39m [2m/exams/indiana-auctioneer-license/index.html[22m [2m(+99ms)[22m 
[2m11:26:56[22m   [34m├─[39m [2m/exams/iowa-auctioneer-license/index.html[22m [2m(+52ms)[22m 
[2m11:26:56[22m   [34m├─[39m [2m/exams/kansas-auctioneer-license/index.html[22m [2m(+34ms)[22m 
[2m11:26:56[22m   [34m├─[39m [2m/exams/kentucky-auctioneer-license/index.html[22m [2m(+34ms)[22m 
[2m11:26:56[22m   [34m├─[39m [2m/exams/louisiana-auctioneer-license/index.html[22m [2m(+34ms)[22m 
[2m11:26:56[22m   [34m├─[39m [2m/exams/maine-auctioneer-license/index.html[22m [2m(+37ms)[22m 
[2m11:26:56[22m   [34m├─[39m [2m/exams/maryland-auctioneer-license/index.html[22m [2m(+40ms)[22m 
[2m11:26:56[22m   [34m├─[39m [2m/exams/massachusetts-auctioneer-license/index.html[22m [2m(+40ms)[22m 
[2m11:26:56[22m   [34m├─[39m [2m/exams/michigan-auctioneer-license/index.html[22m [2m(+35ms)[22m 
[2m11:26:56[22m   [34m├─[39m [2m/exams/minnesota-auctioneer-license/index.html[22m [2m(+36ms)[22m 
[2m11:26:56[22m   [34m├─[39m [2m/exams/mississippi-auctioneer-license/index.html[22m [2m(+34ms)[22m 
[2m11:26:56[22m   [34m├─[39m [2m/exams/missouri-auctioneer-license/index.html[22m [2m(+34ms)[22m 
[2m11:26:56[22m   [34m├─[39m [2m/exams/montana-auctioneer-license/index.html[22m [2m(+38ms)[22m 
[2m11:26:56[22m   [34m├─[39m [2m/exams/nebraska-auctioneer-license/index.html[22m [2m(+34ms)[22m 
[2m11:26:56[22m   [34m├─[39m [2m/exams/nevada-auctioneer-license/index.html[22m [2m(+134ms)[22m 
[2m11:26:56[22m   [34m├─[39m [2m/exams/new-hampshire-auctioneer-license/index.html[22m [2m(+31ms)[22m 
[2m11:26:56[22m   [34m├─[39m [2m/exams/new-jersey-auctioneer-license/index.html[22m [2m(+34ms)[22m 
[2m11:26:56[22m   [34m├─[39m [2m/exams/new-mexico-auctioneer-license/index.html[22m [2m(+37ms)[22m 
[2m11:26:56[22m   [34m├─[39m [2m/exams/new-york-auctioneer-license/index.html[22m [2m(+44ms)[22m 
[2m11:26:56[22m   [34m├─[39m [2m/exams/north-carolina-auctioneer-license/index.html[22m [2m(+37ms)[22m 
[2m11:26:56[22m   [34m├─[39m [2m/exams/north-dakota-auctioneer-license/index.html[22m [2m(+37ms)[22m 
[2m11:26:56[22m   [34m├─[39m [2m/exams/ohio-auctioneer-license/index.html[22m [2m(+33ms)[22m 
[2m11:26:57[22m   [34m├─[39m [2m/exams/oklahoma-auctioneer-license/index.html[22m [2m(+38ms)[22m 
[2m11:26:57[22m   [34m├─[39m [2m/exams/oregon-auctioneer-license/index.html[22m [2m(+37ms)[22m 
[2m11:26:57[22m   [34m├─[39m [2m/exams/pennsylvania-auctioneer-license/index.html[22m [2m(+36ms)[22m 
[2m11:26:57[22m   [34m├─[39m [2m/exams/rhode-island-auctioneer-license/index.html[22m [2m(+33ms)[22m 
[2m11:26:57[22m   [34m├─[39m [2m/exams/south-carolina-auctioneer-license/index.html[22m [2m(+34ms)[22m 
[2m11:26:57[22m   [34m├─[39m [2m/exams/south-dakota-auctioneer-license/index.html[22m [2m(+35ms)[22m 
[2m11:26:57[22m   [34m├─[39m [2m/exams/tennessee-auctioneer-license/index.html[22m [2m(+35ms)[22m 
[2m11:26:57[22m   [34m├─[39m [2m/exams/texas-auctioneer-license/index.html[22m [2m(+38ms)[22m 
[2m11:26:57[22m   [34m├─[39m [2m/exams/utah-auctioneer-license/index.html[22m [2m(+35ms)[22m 
[2m11:26:57[22m   [34m├─[39m [2m/exams/vermont-auctioneer-license/index.html[22m [2m(+38ms)[22m 
[2m11:26:57[22m   [34m├─[39m [2m/exams/virginia-auctioneer-license/index.html[22m [2m(+40ms)[22m 
[2m11:26:57[22m   [34m├─[39m [2m/exams/washington-auctioneer-license/index.html[22m [2m(+33ms)[22m 
[2m11:26:57[22m   [34m├─[39m [2m/exams/west-virginia-auctioneer-license/index.html[22m [2m(+41ms)[22m 
[2m11:26:57[22m   [34m├─[39m [2m/exams/wisconsin-auctioneer-license/index.html[22m [2m(+44ms)[22m 
[2m11:26:57[22m   [34m├─[39m [2m/exams/wyoming-auctioneer-license/index.html[22m [2m(+42ms)[22m 
[2m11:26:57[22m   [34m├─[39m [2m/exams/alabama-life-and-health-insurance-license/index.html[22m [2m(+40ms)[22m 
[2m11:26:57[22m   [34m├─[39m [2m/exams/alaska-life-and-health-insurance-license/index.html[22m [2m(+33ms)[22m 
[2m11:26:57[22m   [34m├─[39m [2m/exams/arizona-life-and-health-insurance-license/index.html[22m [2m(+37ms)[22m 
[2m11:26:57[22m   [34m├─[39m [2m/exams/arkansas-life-and-health-insurance-license/index.html[22m [2m(+47ms)[22m 
[2m11:26:57[22m   [34m├─[39m [2m/exams/california-life-and-health-insurance-license/index.html[22m [2m(+34ms)[22m 
[2m11:26:57[22m   [34m├─[39m [2m/exams/colorado-life-and-health-insurance-license/index.html[22m [2m(+34ms)[22m 
[2m11:26:57[22m   [34m├─[39m [2m/exams/connecticut-life-and-health-insurance-license/index.html[22m [2m(+41ms)[22m 
[2m11:26:57[22m   [34m├─[39m [2m/exams/delaware-life-and-health-insurance-license/index.html[22m [2m(+36ms)[22m 
[2m11:26:57[22m   [34m├─[39m [2m/exams/district-of-columbia-life-and-health-insurance-license/index.html[22m [2m(+37ms)[22m 
[2m11:26:57[22m   [34m├─[39m [2m/exams/florida-life-and-health-insurance-license/index.html[22m [2m(+35ms)[22m 
[2m11:26:57[22m   [34m├─[39m [2m/exams/georgia-life-and-health-insurance-license/index.html[22m [2m(+34ms)[22m 
[2m11:26:57[22m   [34m├─[39m [2m/exams/hawaii-life-and-health-insurance-license/index.html[22m [2m(+34ms)[22m 
[2m11:26:58[22m   [34m├─[39m [2m/exams/idaho-life-and-health-insurance-license/index.html[22m [2m(+39ms)[22m 
[2m11:26:58[22m   [34m├─[39m [2m/exams/illinois-life-and-health-insurance-license/index.html[22m [2m(+35ms)[22m 
[2m11:26:58[22m   [34m├─[39m [2m/exams/indiana-life-and-health-insurance-license/index.html[22m [2m(+34ms)[22m 
[2m11:26:58[22m   [34m├─[39m [2m/exams/iowa-life-and-health-insurance-license/index.html[22m [2m(+36ms)[22m 
[2m11:26:58[22m   [34m├─[39m [2m/exams/kansas-life-and-health-insurance-license/index.html[22m [2m(+41ms)[22m 
[2m11:26:58[22m   [34m├─[39m [2m/exams/kentucky-life-and-health-insurance-license/index.html[22m [2m(+37ms)[22m 
[2m11:26:58[22m   [34m├─[39m [2m/exams/louisiana-life-and-health-insurance-license/index.html[22m [2m(+33ms)[22m 
[2m11:26:58[22m   [34m├─[39m [2m/exams/maine-life-and-health-insurance-license/index.html[22m [2m(+33ms)[22m 
[2m11:26:58[22m   [34m├─[39m [2m/exams/maryland-life-and-health-insurance-license/index.html[22m [2m(+42ms)[22m 
[2m11:26:58[22m   [34m├─[39m [2m/exams/massachusetts-life-and-health-insurance-license/index.html[22m [2m(+36ms)[22m 
[2m11:26:58[22m   [34m├─[39m [2m/exams/michigan-life-and-health-insurance-license/index.html[22m [2m(+43ms)[22m 
[2m11:26:58[22m   [34m├─[39m [2m/exams/minnesota-life-and-health-insurance-license/index.html[22m [2m(+38ms)[22m 
[2m11:26:58[22m   [34m├─[39m [2m/exams/mississippi-life-and-health-insurance-license/index.html[22m [2m(+43ms)[22m 
[2m11:26:58[22m   [34m├─[39m [2m/exams/missouri-life-and-health-insurance-license/index.html[22m [2m(+34ms)[22m 
[2m11:26:58[22m   [34m├─[39m [2m/exams/montana-life-and-health-insurance-license/index.html[22m [2m(+37ms)[22m 
[2m11:26:58[22m   [34m├─[39m [2m/exams/nebraska-life-and-health-insurance-license/index.html[22m [2m(+33ms)[22m 
[2m11:26:58[22m   [34m├─[39m [2m/exams/nevada-life-and-health-insurance-license/index.html[22m [2m(+35ms)[22m 
[2m11:26:58[22m   [34m├─[39m [2m/exams/new-hampshire-life-and-health-insurance-license/index.html[22m [2m(+35ms)[22m 
[2m11:26:58[22m   [34m├─[39m [2m/exams/new-jersey-life-and-health-insurance-license/index.html[22m [2m(+40ms)[22m 
[2m11:26:58[22m   [34m├─[39m [2m/exams/new-mexico-life-and-health-insurance-license/index.html[22m [2m(+39ms)[22m 
[2m11:26:58[22m   [34m├─[39m [2m/exams/new-york-life-and-health-insurance-license/index.html[22m [2m(+35ms)[22m 
[2m11:26:58[22m   [34m├─[39m [2m/exams/north-carolina-life-and-health-insurance-license/index.html[22m [2m(+40ms)[22m 
[2m11:26:58[22m   [34m├─[39m [2m/exams/north-dakota-life-and-health-insurance-license/index.html[22m [2m(+36ms)[22m 
[2m11:26:58[22m   [34m├─[39m [2m/exams/ohio-life-and-health-insurance-license/index.html[22m [2m(+42ms)[22m 
[2m11:26:58[22m   [34m├─[39m [2m/exams/oklahoma-life-and-health-insurance-license/index.html[22m [2m(+34ms)[22m 
[2m11:26:58[22m   [34m├─[39m [2m/exams/oregon-life-and-health-insurance-license/index.html[22m [2m(+33ms)[22m 
[2m11:26:58[22m   [34m├─[39m [2m/exams/pennsylvania-life-and-health-insurance-license/index.html[22m [2m(+39ms)[22m 
[2m11:26:59[22m   [34m├─[39m [2m/exams/rhode-island-life-and-health-insurance-license/index.html[22m [2m(+33ms)[22m 
[2m11:26:59[22m   [34m├─[39m [2m/exams/south-carolina-life-and-health-insurance-license/index.html[22m [2m(+35ms)[22m 
[2m11:26:59[22m   [34m├─[39m [2m/exams/south-dakota-life-and-health-insurance-license/index.html[22m [2m(+35ms)[22m 
[2m11:26:59[22m   [34m├─[39m [2m/exams/tennessee-life-and-health-insurance-license/index.html[22m [2m(+36ms)[22m 
[2m11:26:59[22m   [34m├─[39m [2m/exams/texas-life-and-health-insurance-license/index.html[22m [2m(+37ms)[22m 
[2m11:26:59[22m   [34m├─[39m [2m/exams/utah-life-and-health-insurance-license/index.html[22m [2m(+35ms)[22m 
[2m11:26:59[22m   [34m├─[39m [2m/exams/vermont-life-and-health-insurance-license/index.html[22m [2m(+37ms)[22m 
[2m11:26:59[22m   [34m├─[39m [2m/exams/virginia-life-and-health-insurance-license/index.html[22m [2m(+36ms)[22m 
[2m11:26:59[22m   [34m├─[39m [2m/exams/washington-life-and-health-insurance-license/index.html[22m [2m(+42ms)[22m 
[2m11:26:59[22m   [34m├─[39m [2m/exams/west-virginia-life-and-health-insurance-license/index.html[22m [2m(+33ms)[22m 
[2m11:26:59[22m   [34m├─[39m [2m/exams/wisconsin-life-and-health-insurance-license/index.html[22m [2m(+34ms)[22m 
[2m11:26:59[22m   [34m├─[39m [2m/exams/wyoming-life-and-health-insurance-license/index.html[22m [2m(+34ms)[22m 
[2m11:26:59[22m   [34m├─[39m [2m/exams/alabama-property-and-casualty-insurance-license/index.html[22m [2m(+37ms)[22m 
[2m11:26:59[22m   [34m├─[39m [2m/exams/alaska-property-and-casualty-insurance-license/index.html[22m [2m(+34ms)[22m 
[2m11:26:59[22m   [34m├─[39m [2m/exams/arizona-property-and-casualty-insurance-license/index.html[22m [2m(+35ms)[22m 
[2m11:26:59[22m   [34m├─[39m [2m/exams/arkansas-property-and-casualty-insurance-license/index.html[22m [2m(+35ms)[22m 
[2m11:26:59[22m   [34m├─[39m [2m/exams/california-property-and-casualty-insurance-license/index.html[22m [2m(+38ms)[22m 
[2m11:26:59[22m   [34m├─[39m [2m/exams/colorado-property-and-casualty-insurance-license/index.html[22m [2m(+33ms)[22m 
[2m11:26:59[22m   [34m├─[39m [2m/exams/connecticut-property-and-casualty-insurance-license/index.html[22m [2m(+36ms)[22m 
[2m11:26:59[22m   [34m├─[39m [2m/exams/delaware-property-and-casualty-insurance-license/index.html[22m [2m(+39ms)[22m 
[2m11:26:59[22m   [34m├─[39m [2m/exams/district-of-columbia-property-and-casualty-insurance-license/index.html[22m [2m(+41ms)[22m 
[2m11:26:59[22m   [34m├─[39m [2m/exams/florida-property-and-casualty-insurance-license/index.html[22m [2m(+40ms)[22m 
[2m11:26:59[22m   [34m├─[39m [2m/exams/georgia-property-and-casualty-insurance-license/index.html[22m [2m(+36ms)[22m 
[2m11:26:59[22m   [34m├─[39m [2m/exams/hawaii-property-and-casualty-insurance-license/index.html[22m [2m(+34ms)[22m 
[2m11:26:59[22m   [34m├─[39m [2m/exams/idaho-property-and-casualty-insurance-license/index.html[22m [2m(+33ms)[22m 
[2m11:26:59[22m   [34m├─[39m [2m/exams/illinois-property-and-casualty-insurance-license/index.html[22m [2m(+36ms)[22m 
[2m11:26:59[22m   [34m├─[39m [2m/exams/indiana-property-and-casualty-insurance-license/index.html[22m [2m(+34ms)[22m 
[2m11:26:59[22m   [34m├─[39m [2m/exams/iowa-property-and-casualty-insurance-license/index.html[22m [2m(+35ms)[22m 
[2m11:27:00[22m   [34m├─[39m [2m/exams/kansas-property-and-casualty-insurance-license/index.html[22m [2m(+39ms)[22m 
[2m11:27:00[22m   [34m├─[39m [2m/exams/kentucky-property-and-casualty-insurance-license/index.html[22m [2m(+38ms)[22m 
[2m11:27:00[22m   [34m├─[39m [2m/exams/louisiana-property-and-casualty-insurance-license/index.html[22m [2m(+33ms)[22m 
[2m11:27:00[22m   [34m├─[39m [2m/exams/maine-property-and-casualty-insurance-license/index.html[22m [2m(+35ms)[22m 
[2m11:27:00[22m   [34m├─[39m [2m/exams/maryland-property-and-casualty-insurance-license/index.html[22m [2m(+37ms)[22m 
[2m11:27:00[22m   [34m├─[39m [2m/exams/massachusetts-property-and-casualty-insurance-license/index.html[22m [2m(+37ms)[22m 
[2m11:27:00[22m   [34m├─[39m [2m/exams/michigan-property-and-casualty-insurance-license/index.html[22m [2m(+41ms)[22m 
[2m11:27:00[22m   [34m├─[39m [2m/exams/minnesota-property-and-casualty-insurance-license/index.html[22m [2m(+34ms)[22m 
[2m11:27:00[22m   [34m├─[39m [2m/exams/mississippi-property-and-casualty-insurance-license/index.html[22m [2m(+33ms)[22m 
[2m11:27:00[22m   [34m├─[39m [2m/exams/missouri-property-and-casualty-insurance-license/index.html[22m [2m(+39ms)[22m 
[2m11:27:00[22m   [34m├─[39m [2m/exams/montana-property-and-casualty-insurance-license/index.html[22m [2m(+42ms)[22m 
[2m11:27:00[22m   [34m├─[39m [2m/exams/nebraska-property-and-casualty-insurance-license/index.html[22m [2m(+36ms)[22m 
[2m11:27:00[22m   [34m├─[39m [2m/exams/nevada-property-and-casualty-insurance-license/index.html[22m [2m(+40ms)[22m 
[2m11:27:00[22m   [34m├─[39m [2m/exams/new-hampshire-property-and-casualty-insurance-license/index.html[22m [2m(+38ms)[22m 
[2m11:27:00[22m   [34m├─[39m [2m/exams/new-jersey-property-and-casualty-insurance-license/index.html[22m [2m(+35ms)[22m 
[2m11:27:00[22m   [34m├─[39m [2m/exams/new-mexico-property-and-casualty-insurance-license/index.html[22m [2m(+33ms)[22m 
[2m11:27:00[22m   [34m├─[39m [2m/exams/new-york-property-and-casualty-insurance-license/index.html[22m [2m(+42ms)[22m 
[2m11:27:00[22m   [34m├─[39m [2m/exams/north-carolina-property-and-casualty-insurance-license/index.html[22m [2m(+35ms)[22m 
[2m11:27:00[22m   [34m├─[39m [2m/exams/north-dakota-property-and-casualty-insurance-license/index.html[22m [2m(+44ms)[22m 
[2m11:27:00[22m   [34m├─[39m [2m/exams/ohio-property-and-casualty-insurance-license/index.html[22m [2m(+46ms)[22m 
[2m11:27:00[22m   [34m├─[39m [2m/exams/oklahoma-property-and-casualty-insurance-license/index.html[22m [2m(+45ms)[22m 
[2m11:27:00[22m   [34m├─[39m [2m/exams/oregon-property-and-casualty-insurance-license/index.html[22m [2m(+46ms)[22m 
[2m11:27:00[22m   [34m├─[39m [2m/exams/pennsylvania-property-and-casualty-insurance-license/index.html[22m [2m(+40ms)[22m 
[2m11:27:00[22m   [34m├─[39m [2m/exams/rhode-island-property-and-casualty-insurance-license/index.html[22m [2m(+36ms)[22m 
[2m11:27:00[22m   [34m├─[39m [2m/exams/south-carolina-property-and-casualty-insurance-license/index.html[22m [2m(+39ms)[22m 
[2m11:27:00[22m   [34m├─[39m [2m/exams/south-dakota-property-and-casualty-insurance-license/index.html[22m [2m(+39ms)[22m 
[2m11:27:01[22m   [34m├─[39m [2m/exams/tennessee-property-and-casualty-insurance-license/index.html[22m [2m(+43ms)[22m 
[2m11:27:01[22m   [34m├─[39m [2m/exams/texas-property-and-casualty-insurance-license/index.html[22m [2m(+38ms)[22m 
[2m11:27:01[22m   [34m├─[39m [2m/exams/utah-property-and-casualty-insurance-license/index.html[22m [2m(+41ms)[22m 
[2m11:27:01[22m   [34m├─[39m [2m/exams/vermont-property-and-casualty-insurance-license/index.html[22m [2m(+36ms)[22m 
[2m11:27:01[22m   [34m├─[39m [2m/exams/virginia-property-and-casualty-insurance-license/index.html[22m [2m(+37ms)[22m 
[2m11:27:01[22m   [34m├─[39m [2m/exams/washington-property-and-casualty-insurance-license/index.html[22m [2m(+33ms)[22m 
[2m11:27:01[22m   [34m├─[39m [2m/exams/west-virginia-property-and-casualty-insurance-license/index.html[22m [2m(+35ms)[22m 
[2m11:27:01[22m   [34m├─[39m [2m/exams/wisconsin-property-and-casualty-insurance-license/index.html[22m [2m(+34ms)[22m 
[2m11:27:01[22m   [34m├─[39m [2m/exams/wyoming-property-and-casualty-insurance-license/index.html[22m [2m(+63ms)[22m 
[2m11:27:01[22m   [34m├─[39m [2m/exams/alabama-personal-lines-insurance-license/index.html[22m [2m(+34ms)[22m 
[2m11:27:01[22m   [34m├─[39m [2m/exams/alaska-personal-lines-insurance-license/index.html[22m [2m(+37ms)[22m 
[2m11:27:01[22m   [34m├─[39m [2m/exams/arizona-personal-lines-insurance-license/index.html[22m [2m(+37ms)[22m 
[2m11:27:01[22m   [34m├─[39m [2m/exams/arkansas-personal-lines-insurance-license/index.html[22m [2m(+35ms)[22m 
[2m11:27:01[22m   [34m├─[39m [2m/exams/california-personal-lines-insurance-license/index.html[22m [2m(+33ms)[22m 
[2m11:27:01[22m   [34m├─[39m [2m/exams/colorado-personal-lines-insurance-license/index.html[22m [2m(+45ms)[22m 
[2m11:27:01[22m   [34m├─[39m [2m/exams/connecticut-personal-lines-insurance-license/index.html[22m [2m(+44ms)[22m 
[2m11:27:01[22m   [34m├─[39m [2m/exams/delaware-personal-lines-insurance-license/index.html[22m [2m(+44ms)[22m 
[2m11:27:01[22m   [34m├─[39m [2m/exams/district-of-columbia-personal-lines-insurance-license/index.html[22m [2m(+42ms)[22m 
[2m11:27:01[22m   [34m├─[39m [2m/exams/florida-personal-lines-insurance-license/index.html[22m [2m(+40ms)[22m 
[2m11:27:01[22m   [34m├─[39m [2m/exams/georgia-personal-lines-insurance-license/index.html[22m [2m(+36ms)[22m 
[2m11:27:01[22m   [34m├─[39m [2m/exams/hawaii-personal-lines-insurance-license/index.html[22m [2m(+37ms)[22m 
[2m11:27:01[22m   [34m├─[39m [2m/exams/idaho-personal-lines-insurance-license/index.html[22m [2m(+34ms)[22m 
[2m11:27:01[22m   [34m├─[39m [2m/exams/illinois-personal-lines-insurance-license/index.html[22m [2m(+41ms)[22m 
[2m11:27:01[22m   [34m├─[39m [2m/exams/indiana-personal-lines-insurance-license/index.html[22m [2m(+44ms)[22m 
[2m11:27:01[22m   [34m├─[39m [2m/exams/iowa-personal-lines-insurance-license/index.html[22m [2m(+33ms)[22m 
[2m11:27:02[22m   [34m├─[39m [2m/exams/kansas-personal-lines-insurance-license/index.html[22m [2m(+36ms)[22m 
[2m11:27:02[22m   [34m├─[39m [2m/exams/kentucky-personal-lines-insurance-license/index.html[22m [2m(+35ms)[22m 
[2m11:27:02[22m   [34m├─[39m [2m/exams/louisiana-personal-lines-insurance-license/index.html[22m [2m(+32ms)[22m 
[2m11:27:02[22m   [34m├─[39m [2m/exams/maine-personal-lines-insurance-license/index.html[22m [2m(+33ms)[22m 
[2m11:27:02[22m   [34m├─[39m [2m/exams/maryland-personal-lines-insurance-license/index.html[22m [2m(+36ms)[22m 
[2m11:27:02[22m   [34m├─[39m [2m/exams/massachusetts-personal-lines-insurance-license/index.html[22m [2m(+35ms)[22m 
[2m11:27:02[22m   [34m├─[39m [2m/exams/michigan-personal-lines-insurance-license/index.html[22m [2m(+41ms)[22m 
[2m11:27:02[22m   [34m├─[39m [2m/exams/minnesota-personal-lines-insurance-license/index.html[22m [2m(+45ms)[22m 
[2m11:27:02[22m   [34m├─[39m [2m/exams/mississippi-personal-lines-insurance-license/index.html[22m [2m(+40ms)[22m 
[2m11:27:02[22m   [34m├─[39m [2m/exams/missouri-personal-lines-insurance-license/index.html[22m [2m(+36ms)[22m 
[2m11:27:02[22m   [34m├─[39m [2m/exams/montana-personal-lines-insurance-license/index.html[22m [2m(+35ms)[22m 
[2m11:27:02[22m   [34m├─[39m [2m/exams/nebraska-personal-lines-insurance-license/index.html[22m [2m(+33ms)[22m 
[2m11:27:02[22m   [34m├─[39m [2m/exams/nevada-personal-lines-insurance-license/index.html[22m [2m(+37ms)[22m 
[2m11:27:02[22m   [34m├─[39m [2m/exams/new-hampshire-personal-lines-insurance-license/index.html[22m [2m(+35ms)[22m 
[2m11:27:02[22m   [34m├─[39m [2m/exams/new-jersey-personal-lines-insurance-license/index.html[22m [2m(+37ms)[22m 
[2m11:27:02[22m   [34m├─[39m [2m/exams/new-mexico-personal-lines-insurance-license/index.html[22m [2m(+39ms)[22m 
[2m11:27:02[22m   [34m├─[39m [2m/exams/new-york-personal-lines-insurance-license/index.html[22m [2m(+36ms)[22m 
[2m11:27:02[22m   [34m├─[39m [2m/exams/north-carolina-personal-lines-insurance-license/index.html[22m [2m(+39ms)[22m 
[2m11:27:02[22m   [34m├─[39m [2m/exams/north-dakota-personal-lines-insurance-license/index.html[22m [2m(+38ms)[22m 
[2m11:27:02[22m   [34m├─[39m [2m/exams/ohio-personal-lines-insurance-license/index.html[22m [2m(+37ms)[22m 
[2m11:27:02[22m   [34m├─[39m [2m/exams/oklahoma-personal-lines-insurance-license/index.html[22m [2m(+34ms)[22m 
[2m11:27:02[22m   [34m├─[39m [2m/exams/oregon-personal-lines-insurance-license/index.html[22m [2m(+34ms)[22m 
[2m11:27:02[22m   [34m├─[39m [2m/exams/pennsylvania-personal-lines-insurance-license/index.html[22m [2m(+32ms)[22m 
[2m11:27:02[22m   [34m├─[39m [2m/exams/rhode-island-personal-lines-insurance-license/index.html[22m [2m(+36ms)[22m 
[2m11:27:02[22m   [34m├─[39m [2m/exams/south-carolina-personal-lines-insurance-license/index.html[22m [2m(+33ms)[22m 
[2m11:27:02[22m   [34m├─[39m [2m/exams/south-dakota-personal-lines-insurance-license/index.html[22m [2m(+35ms)[22m 
[2m11:27:02[22m   [34m├─[39m [2m/exams/tennessee-personal-lines-insurance-license/index.html[22m [2m(+41ms)[22m 
[2m11:27:02[22m   [34m├─[39m [2m/exams/texas-personal-lines-insurance-license/index.html[22m [2m(+35ms)[22m 
[2m11:27:03[22m   [34m├─[39m [2m/exams/utah-personal-lines-insurance-license/index.html[22m [2m(+32ms)[22m 
[2m11:27:03[22m   [34m├─[39m [2m/exams/vermont-personal-lines-insurance-license/index.html[22m [2m(+34ms)[22m 
[2m11:27:03[22m   [34m├─[39m [2m/exams/virginia-personal-lines-insurance-license/index.html[22m [2m(+35ms)[22m 
[2m11:27:03[22m   [34m├─[39m [2m/exams/washington-personal-lines-insurance-license/index.html[22m [2m(+35ms)[22m 
[2m11:27:03[22m   [34m├─[39m [2m/exams/west-virginia-personal-lines-insurance-license/index.html[22m [2m(+43ms)[22m 
[2m11:27:03[22m   [34m├─[39m [2m/exams/wisconsin-personal-lines-insurance-license/index.html[22m [2m(+37ms)[22m 
[2m11:27:03[22m   [34m├─[39m [2m/exams/wyoming-personal-lines-insurance-license/index.html[22m [2m(+33ms)[22m 
[2m11:27:03[22m   [34m├─[39m [2m/exams/alabama-insurance-adjuster-license/index.html[22m [2m(+37ms)[22m 
[2m11:27:03[22m   [34m├─[39m [2m/exams/alaska-insurance-adjuster-license/index.html[22m [2m(+35ms)[22m 
[2m11:27:03[22m   [34m├─[39m [2m/exams/arizona-insurance-adjuster-license/index.html[22m [2m(+32ms)[22m 
[2m11:27:03[22m   [34m├─[39m [2m/exams/arkansas-insurance-adjuster-license/index.html[22m [2m(+39ms)[22m 
[2m11:27:03[22m   [34m├─[39m [2m/exams/california-insurance-adjuster-license/index.html[22m [2m(+34ms)[22m 
[2m11:27:03[22m   [34m├─[39m [2m/exams/colorado-insurance-adjuster-license/index.html[22m [2m(+32ms)[22m 
[2m11:27:03[22m   [34m├─[39m [2m/exams/connecticut-insurance-adjuster-license/index.html[22m [2m(+36ms)[22m 
[2m11:27:03[22m   [34m├─[39m [2m/exams/delaware-insurance-adjuster-license/index.html[22m [2m(+36ms)[22m 
[2m11:27:03[22m   [34m├─[39m [2m/exams/district-of-columbia-insurance-adjuster-license/index.html[22m [2m(+33ms)[22m 
[2m11:27:03[22m   [34m├─[39m [2m/exams/florida-insurance-adjuster-license/index.html[22m [2m(+35ms)[22m 
[2m11:27:03[22m   [34m├─[39m [2m/exams/georgia-insurance-adjuster-license/index.html[22m [2m(+38ms)[22m 
[2m11:27:03[22m   [34m├─[39m [2m/exams/hawaii-insurance-adjuster-license/index.html[22m [2m(+34ms)[22m 
[2m11:27:03[22m   [34m├─[39m [2m/exams/idaho-insurance-adjuster-license/index.html[22m [2m(+39ms)[22m 
[2m11:27:03[22m   [34m├─[39m [2m/exams/illinois-insurance-adjuster-license/index.html[22m [2m(+37ms)[22m 
[2m11:27:03[22m   [34m├─[39m [2m/exams/indiana-insurance-adjuster-license/index.html[22m [2m(+36ms)[22m 
[2m11:27:03[22m   [34m├─[39m [2m/exams/iowa-insurance-adjuster-license/index.html[22m [2m(+39ms)[22m 
[2m11:27:03[22m   [34m├─[39m [2m/exams/kansas-insurance-adjuster-license/index.html[22m [2m(+38ms)[22m 
[2m11:27:03[22m   [34m├─[39m [2m/exams/kentucky-insurance-adjuster-license/index.html[22m [2m(+41ms)[22m 
[2m11:27:03[22m   [34m├─[39m [2m/exams/louisiana-insurance-adjuster-license/index.html[22m [2m(+43ms)[22m 
[2m11:27:03[22m   [34m├─[39m [2m/exams/maine-insurance-adjuster-license/index.html[22m [2m(+35ms)[22m 
[2m11:27:04[22m   [34m├─[39m [2m/exams/maryland-insurance-adjuster-license/index.html[22m [2m(+38ms)[22m 
[2m11:27:04[22m   [34m├─[39m [2m/exams/massachusetts-insurance-adjuster-license/index.html[22m [2m(+33ms)[22m 
[2m11:27:04[22m   [34m├─[39m [2m/exams/michigan-insurance-adjuster-license/index.html[22m [2m(+44ms)[22m 
[2m11:27:04[22m   [34m├─[39m [2m/exams/minnesota-insurance-adjuster-license/index.html[22m [2m(+36ms)[22m 
[2m11:27:04[22m   [34m├─[39m [2m/exams/mississippi-insurance-adjuster-license/index.html[22m [2m(+34ms)[22m 
[2m11:27:04[22m   [34m├─[39m [2m/exams/missouri-insurance-adjuster-license/index.html[22m [2m(+37ms)[22m 
[2m11:27:04[22m   [34m├─[39m [2m/exams/montana-insurance-adjuster-license/index.html[22m [2m(+60ms)[22m 
[2m11:27:04[22m   [34m├─[39m [2m/exams/nebraska-insurance-adjuster-license/index.html[22m [2m(+32ms)[22m 
[2m11:27:04[22m   [34m├─[39m [2m/exams/nevada-insurance-adjuster-license/index.html[22m [2m(+33ms)[22m 
[2m11:27:04[22m   [34m├─[39m [2m/exams/new-hampshire-insurance-adjuster-license/index.html[22m [2m(+40ms)[22m 
[2m11:27:04[22m   [34m├─[39m [2m/exams/new-jersey-insurance-adjuster-license/index.html[22m [2m(+34ms)[22m 
[2m11:27:04[22m   [34m├─[39m [2m/exams/new-mexico-insurance-adjuster-license/index.html[22m [2m(+33ms)[22m 
[2m11:27:04[22m   [34m├─[39m [2m/exams/new-york-insurance-adjuster-license/index.html[22m [2m(+36ms)[22m 
[2m11:27:04[22m   [34m├─[39m [2m/exams/north-carolina-insurance-adjuster-license/index.html[22m [2m(+35ms)[22m 
[2m11:27:04[22m   [34m├─[39m [2m/exams/north-dakota-insurance-adjuster-license/index.html[22m [2m(+36ms)[22m 
[2m11:27:04[22m   [34m├─[39m [2m/exams/ohio-insurance-adjuster-license/index.html[22m [2m(+35ms)[22m 
[2m11:27:04[22m   [34m├─[39m [2m/exams/oklahoma-insurance-adjuster-license/index.html[22m [2m(+34ms)[22m 
[2m11:27:04[22m   [34m├─[39m [2m/exams/oregon-insurance-adjuster-license/index.html[22m [2m(+33ms)[22m 
[2m11:27:04[22m   [34m├─[39m [2m/exams/pennsylvania-insurance-adjuster-license/index.html[22m [2m(+33ms)[22m 
[2m11:27:04[22m   [34m├─[39m [2m/exams/rhode-island-insurance-adjuster-license/index.html[22m [2m(+36ms)[22m 
[2m11:27:04[22m   [34m├─[39m [2m/exams/south-carolina-insurance-adjuster-license/index.html[22m [2m(+38ms)[22m 
[2m11:27:04[22m   [34m├─[39m [2m/exams/south-dakota-insurance-adjuster-license/index.html[22m [2m(+34ms)[22m 
[2m11:27:04[22m   [34m├─[39m [2m/exams/tennessee-insurance-adjuster-license/index.html[22m [2m(+35ms)[22m 
[2m11:27:04[22m   [34m├─[39m [2m/exams/texas-insurance-adjuster-license/index.html[22m [2m(+36ms)[22m 
[2m11:27:04[22m   [34m├─[39m [2m/exams/utah-insurance-adjuster-license/index.html[22m [2m(+35ms)[22m 
[2m11:27:04[22m   [34m├─[39m [2m/exams/vermont-insurance-adjuster-license/index.html[22m [2m(+39ms)[22m 
[2m11:27:04[22m   [34m├─[39m [2m/exams/virginia-insurance-adjuster-license/index.html[22m [2m(+37ms)[22m 
[2m11:27:04[22m   [34m├─[39m [2m/exams/washington-insurance-adjuster-license/index.html[22m [2m(+34ms)[22m 
[2m11:27:05[22m   [34m├─[39m [2m/exams/west-virginia-insurance-adjuster-license/index.html[22m [2m(+34ms)[22m 
[2m11:27:05[22m   [34m├─[39m [2m/exams/wisconsin-insurance-adjuster-license/index.html[22m [2m(+40ms)[22m 
[2m11:27:05[22m   [34m├─[39m [2m/exams/wyoming-insurance-adjuster-license/index.html[22m [2m(+39ms)[22m 
[2m11:27:05[22m   [34m├─[39m [2m/exams/alabama-public-adjuster-license/index.html[22m [2m(+39ms)[22m 
[2m11:27:05[22m   [34m├─[39m [2m/exams/alaska-public-adjuster-license/index.html[22m [2m(+66ms)[22m 
[2m11:27:05[22m   [34m├─[39m [2m/exams/arizona-public-adjuster-license/index.html[22m [2m(+38ms)[22m 
[2m11:27:05[22m   [34m├─[39m [2m/exams/arkansas-public-adjuster-license/index.html[22m [2m(+34ms)[22m 
[2m11:27:05[22m   [34m├─[39m [2m/exams/california-public-adjuster-license/index.html[22m [2m(+35ms)[22m 
[2m11:27:05[22m   [34m├─[39m [2m/exams/colorado-public-adjuster-license/index.html[22m [2m(+37ms)[22m 
[2m11:27:05[22m   [34m├─[39m [2m/exams/connecticut-public-adjuster-license/index.html[22m [2m(+32ms)[22m 
[2m11:27:05[22m   [34m├─[39m [2m/exams/delaware-public-adjuster-license/index.html[22m [2m(+40ms)[22m 
[2m11:27:05[22m   [34m├─[39m [2m/exams/district-of-columbia-public-adjuster-license/index.html[22m [2m(+33ms)[22m 
[2m11:27:05[22m   [34m├─[39m [2m/exams/florida-public-adjuster-license/index.html[22m [2m(+39ms)[22m 
[2m11:27:05[22m   [34m├─[39m [2m/exams/georgia-public-adjuster-license/index.html[22m [2m(+50ms)[22m 
[2m11:27:05[22m   [34m├─[39m [2m/exams/hawaii-public-adjuster-license/index.html[22m [2m(+40ms)[22m 
[2m11:27:05[22m   [34m├─[39m [2m/exams/idaho-public-adjuster-license/index.html[22m [2m(+43ms)[22m 
[2m11:27:05[22m   [34m├─[39m [2m/exams/illinois-public-adjuster-license/index.html[22m [2m(+35ms)[22m 
[2m11:27:05[22m   [34m├─[39m [2m/exams/indiana-public-adjuster-license/index.html[22m [2m(+40ms)[22m 
[2m11:27:05[22m   [34m├─[39m [2m/exams/iowa-public-adjuster-license/index.html[22m [2m(+35ms)[22m 
[2m11:27:05[22m   [34m├─[39m [2m/exams/kansas-public-adjuster-license/index.html[22m [2m(+39ms)[22m 
[2m11:27:05[22m   [34m├─[39m [2m/exams/kentucky-public-adjuster-license/index.html[22m [2m(+36ms)[22m 
[2m11:27:05[22m   [34m├─[39m [2m/exams/louisiana-public-adjuster-license/index.html[22m [2m(+47ms)[22m 
[2m11:27:05[22m   [34m├─[39m [2m/exams/maine-public-adjuster-license/index.html[22m [2m(+39ms)[22m 
[2m11:27:05[22m   [34m├─[39m [2m/exams/maryland-public-adjuster-license/index.html[22m [2m(+37ms)[22m 
[2m11:27:05[22m   [34m├─[39m [2m/exams/massachusetts-public-adjuster-license/index.html[22m [2m(+33ms)[22m 
[2m11:27:06[22m   [34m├─[39m [2m/exams/michigan-public-adjuster-license/index.html[22m [2m(+36ms)[22m 
[2m11:27:06[22m   [34m├─[39m [2m/exams/minnesota-public-adjuster-license/index.html[22m [2m(+33ms)[22m 
[2m11:27:06[22m   [34m├─[39m [2m/exams/mississippi-public-adjuster-license/index.html[22m [2m(+42ms)[22m 
[2m11:27:06[22m   [34m├─[39m [2m/exams/missouri-public-adjuster-license/index.html[22m [2m(+36ms)[22m 
[2m11:27:06[22m   [34m├─[39m [2m/exams/montana-public-adjuster-license/index.html[22m [2m(+35ms)[22m 
[2m11:27:06[22m   [34m├─[39m [2m/exams/nebraska-public-adjuster-license/index.html[22m [2m(+33ms)[22m 
[2m11:27:06[22m   [34m├─[39m [2m/exams/nevada-public-adjuster-license/index.html[22m [2m(+36ms)[22m 
[2m11:27:06[22m   [34m├─[39m [2m/exams/new-hampshire-public-adjuster-license/index.html[22m [2m(+34ms)[22m 
[2m11:27:06[22m   [34m├─[39m [2m/exams/new-jersey-public-adjuster-license/index.html[22m [2m(+38ms)[22m 
[2m11:27:06[22m   [34m├─[39m [2m/exams/new-mexico-public-adjuster-license/index.html[22m [2m(+33ms)[22m 
[2m11:27:06[22m   [34m├─[39m [2m/exams/new-york-public-adjuster-license/index.html[22m [2m(+36ms)[22m 
[2m11:27:06[22m   [34m├─[39m [2m/exams/north-carolina-public-adjuster-license/index.html[22m [2m(+37ms)[22m 
[2m11:27:06[22m   [34m├─[39m [2m/exams/north-dakota-public-adjuster-license/index.html[22m [2m(+40ms)[22m 
[2m11:27:06[22m   [34m├─[39m [2m/exams/ohio-public-adjuster-license/index.html[22m [2m(+44ms)[22m 
[2m11:27:06[22m   [34m├─[39m [2m/exams/oklahoma-public-adjuster-license/index.html[22m [2m(+36ms)[22m 
[2m11:27:06[22m   [34m├─[39m [2m/exams/oregon-public-adjuster-license/index.html[22m [2m(+33ms)[22m 
[2m11:27:06[22m   [34m├─[39m [2m/exams/pennsylvania-public-adjuster-license/index.html[22m [2m(+43ms)[22m 
[2m11:27:06[22m   [34m├─[39m [2m/exams/rhode-island-public-adjuster-license/index.html[22m [2m(+41ms)[22m 
[2m11:27:06[22m   [34m├─[39m [2m/exams/south-carolina-public-adjuster-license/index.html[22m [2m(+35ms)[22m 
[2m11:27:06[22m   [34m├─[39m [2m/exams/south-dakota-public-adjuster-license/index.html[22m [2m(+37ms)[22m 
[2m11:27:06[22m   [34m├─[39m [2m/exams/tennessee-public-adjuster-license/index.html[22m [2m(+35ms)[22m 
[2m11:27:06[22m   [34m├─[39m [2m/exams/texas-public-adjuster-license/index.html[22m [2m(+35ms)[22m 
[2m11:27:06[22m   [34m├─[39m [2m/exams/utah-public-adjuster-license/index.html[22m [2m(+34ms)[22m 
[2m11:27:06[22m   [34m├─[39m [2m/exams/vermont-public-adjuster-license/index.html[22m [2m(+35ms)[22m 
[2m11:27:06[22m   [34m├─[39m [2m/exams/virginia-public-adjuster-license/index.html[22m [2m(+33ms)[22m 
[2m11:27:06[22m   [34m├─[39m [2m/exams/washington-public-adjuster-license/index.html[22m [2m(+38ms)[22m 
[2m11:27:06[22m   [34m├─[39m [2m/exams/west-virginia-public-adjuster-license/index.html[22m [2m(+36ms)[22m 
[2m11:27:06[22m   [34m├─[39m [2m/exams/wisconsin-public-adjuster-license/index.html[22m [2m(+40ms)[22m 
[2m11:27:07[22m   [34m├─[39m [2m/exams/wyoming-public-adjuster-license/index.html[22m [2m(+39ms)[22m 
[2m11:27:07[22m   [34m├─[39m [2m/exams/alabama-title-insurance-license/index.html[22m [2m(+37ms)[22m 
[2m11:27:07[22m   [34m├─[39m [2m/exams/alaska-title-insurance-license/index.html[22m [2m(+40ms)[22m 
[2m11:27:07[22m   [34m├─[39m [2m/exams/arizona-title-insurance-license/index.html[22m [2m(+41ms)[22m 
[2m11:27:07[22m   [34m├─[39m [2m/exams/arkansas-title-insurance-license/index.html[22m [2m(+38ms)[22m 
[2m11:27:07[22m   [34m├─[39m [2m/exams/california-title-insurance-license/index.html[22m [2m(+36ms)[22m 
[2m11:27:07[22m   [34m├─[39m [2m/exams/colorado-title-insurance-license/index.html[22m [2m(+35ms)[22m 
[2m11:27:07[22m   [34m├─[39m [2m/exams/connecticut-title-insurance-license/index.html[22m [2m(+37ms)[22m 
[2m11:27:07[22m   [34m├─[39m [2m/exams/delaware-title-insurance-license/index.html[22m [2m(+38ms)[22m 
[2m11:27:07[22m   [34m├─[39m [2m/exams/district-of-columbia-title-insurance-license/index.html[22m [2m(+36ms)[22m 
[2m11:27:07[22m   [34m├─[39m [2m/exams/florida-title-insurance-license/index.html[22m [2m(+50ms)[22m 
[2m11:27:07[22m   [34m├─[39m [2m/exams/georgia-title-insurance-license/index.html[22m [2m(+37ms)[22m 
[2m11:27:07[22m   [34m├─[39m [2m/exams/hawaii-title-insurance-license/index.html[22m [2m(+41ms)[22m 
[2m11:27:07[22m   [34m├─[39m [2m/exams/idaho-title-insurance-license/index.html[22m [2m(+35ms)[22m 
[2m11:27:07[22m   [34m├─[39m [2m/exams/illinois-title-insurance-license/index.html[22m [2m(+36ms)[22m 
[2m11:27:07[22m   [34m├─[39m [2m/exams/indiana-title-insurance-license/index.html[22m [2m(+38ms)[22m 
[2m11:27:07[22m   [34m├─[39m [2m/exams/iowa-title-insurance-license/index.html[22m [2m(+37ms)[22m 
[2m11:27:07[22m   [34m├─[39m [2m/exams/kansas-title-insurance-license/index.html[22m [2m(+34ms)[22m 
[2m11:27:07[22m   [34m├─[39m [2m/exams/kentucky-title-insurance-license/index.html[22m [2m(+42ms)[22m 
[2m11:27:07[22m   [34m├─[39m [2m/exams/louisiana-title-insurance-license/index.html[22m [2m(+40ms)[22m 
[2m11:27:07[22m   [34m├─[39m [2m/exams/maine-title-insurance-license/index.html[22m [2m(+34ms)[22m 
[2m11:27:07[22m   [34m├─[39m [2m/exams/maryland-title-insurance-license/index.html[22m [2m(+39ms)[22m 
[2m11:27:07[22m   [34m├─[39m [2m/exams/massachusetts-title-insurance-license/index.html[22m [2m(+33ms)[22m 
[2m11:27:07[22m   [34m├─[39m [2m/exams/michigan-title-insurance-license/index.html[22m [2m(+40ms)[22m 
[2m11:27:07[22m   [34m├─[39m [2m/exams/minnesota-title-insurance-license/index.html[22m [2m(+45ms)[22m 
[2m11:27:07[22m   [34m├─[39m [2m/exams/mississippi-title-insurance-license/index.html[22m [2m(+41ms)[22m 
[2m11:27:08[22m   [34m├─[39m [2m/exams/missouri-title-insurance-license/index.html[22m [2m(+34ms)[22m 
[2m11:27:08[22m   [34m├─[39m [2m/exams/montana-title-insurance-license/index.html[22m [2m(+38ms)[22m 
[2m11:27:08[22m   [34m├─[39m [2m/exams/nebraska-title-insurance-license/index.html[22m [2m(+37ms)[22m 
[2m11:27:08[22m   [34m├─[39m [2m/exams/nevada-title-insurance-license/index.html[22m [2m(+39ms)[22m 
[2m11:27:08[22m   [34m├─[39m [2m/exams/new-hampshire-title-insurance-license/index.html[22m [2m(+36ms)[22m 
[2m11:27:08[22m   [34m├─[39m [2m/exams/new-jersey-title-insurance-license/index.html[22m [2m(+38ms)[22m 
[2m11:27:08[22m   [34m├─[39m [2m/exams/new-mexico-title-insurance-license/index.html[22m [2m(+37ms)[22m 
[2m11:27:08[22m   [34m├─[39m [2m/exams/new-york-title-insurance-license/index.html[22m [2m(+33ms)[22m 
[2m11:27:08[22m   [34m├─[39m [2m/exams/north-carolina-title-insurance-license/index.html[22m [2m(+38ms)[22m 
[2m11:27:08[22m   [34m├─[39m [2m/exams/north-dakota-title-insurance-license/index.html[22m [2m(+38ms)[22m 
[2m11:27:08[22m   [34m├─[39m [2m/exams/ohio-title-insurance-license/index.html[22m [2m(+41ms)[22m 
[2m11:27:08[22m   [34m├─[39m [2m/exams/oklahoma-title-insurance-license/index.html[22m [2m(+40ms)[22m 
[2m11:27:08[22m   [34m├─[39m [2m/exams/oregon-title-insurance-license/index.html[22m [2m(+35ms)[22m 
[2m11:27:08[22m   [34m├─[39m [2m/exams/pennsylvania-title-insurance-license/index.html[22m [2m(+36ms)[22m 
[2m11:27:08[22m   [34m├─[39m [2m/exams/rhode-island-title-insurance-license/index.html[22m [2m(+41ms)[22m 
[2m11:27:08[22m   [34m├─[39m [2m/exams/south-carolina-title-insurance-license/index.html[22m [2m(+43ms)[22m 
[2m11:27:08[22m   [34m├─[39m [2m/exams/south-dakota-title-insurance-license/index.html[22m [2m(+38ms)[22m 
[2m11:27:08[22m   [34m├─[39m [2m/exams/tennessee-title-insurance-license/index.html[22m [2m(+38ms)[22m 
[2m11:27:08[22m   [34m├─[39m [2m/exams/texas-title-insurance-license/index.html[22m [2m(+35ms)[22m 
[2m11:27:08[22m   [34m├─[39m [2m/exams/utah-title-insurance-license/index.html[22m [2m(+35ms)[22m 
[2m11:27:08[22m   [34m├─[39m [2m/exams/vermont-title-insurance-license/index.html[22m [2m(+36ms)[22m 
[2m11:27:08[22m   [34m├─[39m [2m/exams/virginia-title-insurance-license/index.html[22m [2m(+35ms)[22m 
[2m11:27:08[22m   [34m├─[39m [2m/exams/washington-title-insurance-license/index.html[22m [2m(+35ms)[22m 
[2m11:27:08[22m   [34m├─[39m [2m/exams/west-virginia-title-insurance-license/index.html[22m [2m(+34ms)[22m 
[2m11:27:08[22m   [34m├─[39m [2m/exams/wisconsin-title-insurance-license/index.html[22m [2m(+33ms)[22m 
[2m11:27:08[22m   [34m├─[39m [2m/exams/wyoming-title-insurance-license/index.html[22m [2m(+38ms)[22m 
[2m11:27:08[22m   [34m├─[39m [2m/exams/alabama-general-contractor-license/index.html[22m [2m(+39ms)[22m 
[2m11:27:09[22m   [34m├─[39m [2m/exams/alaska-general-contractor-license/index.html[22m [2m(+40ms)[22m 
[2m11:27:09[22m   [34m├─[39m [2m/exams/arizona-general-contractor-license/index.html[22m [2m(+35ms)[22m 
[2m11:27:09[22m   [34m├─[39m [2m/exams/arkansas-general-contractor-license/index.html[22m [2m(+37ms)[22m 
[2m11:27:09[22m   [34m├─[39m [2m/exams/california-general-contractor-license/index.html[22m [2m(+40ms)[22m 
[2m11:27:09[22m   [34m├─[39m [2m/exams/colorado-general-contractor-license/index.html[22m [2m(+37ms)[22m 
[2m11:27:09[22m   [34m├─[39m [2m/exams/connecticut-general-contractor-license/index.html[22m [2m(+45ms)[22m 
[2m11:27:09[22m   [34m├─[39m [2m/exams/delaware-general-contractor-license/index.html[22m [2m(+35ms)[22m 
[2m11:27:09[22m   [34m├─[39m [2m/exams/district-of-columbia-general-contractor-license/index.html[22m [2m(+37ms)[22m 
[2m11:27:09[22m   [34m├─[39m [2m/exams/florida-general-contractor-license/index.html[22m [2m(+38ms)[22m 
[2m11:27:09[22m   [34m├─[39m [2m/exams/georgia-general-contractor-license/index.html[22m [2m(+34ms)[22m 
[2m11:27:09[22m   [34m├─[39m [2m/exams/hawaii-general-contractor-license/index.html[22m [2m(+36ms)[22m 
[2m11:27:09[22m   [34m├─[39m [2m/exams/idaho-general-contractor-license/index.html[22m [2m(+35ms)[22m 
[2m11:27:09[22m   [34m├─[39m [2m/exams/illinois-general-contractor-license/index.html[22m [2m(+36ms)[22m 
[2m11:27:09[22m   [34m├─[39m [2m/exams/indiana-general-contractor-license/index.html[22m [2m(+37ms)[22m 
[2m11:27:09[22m   [34m├─[39m [2m/exams/iowa-general-contractor-license/index.html[22m [2m(+43ms)[22m 
[2m11:27:09[22m   [34m├─[39m [2m/exams/kansas-general-contractor-license/index.html[22m [2m(+36ms)[22m 
[2m11:27:09[22m   [34m├─[39m [2m/exams/kentucky-general-contractor-license/index.html[22m [2m(+36ms)[22m 
[2m11:27:09[22m   [34m├─[39m [2m/exams/louisiana-general-contractor-license/index.html[22m [2m(+34ms)[22m 
[2m11:27:09[22m   [34m├─[39m [2m/exams/maine-general-contractor-license/index.html[22m [2m(+32ms)[22m 
[2m11:27:09[22m   [34m├─[39m [2m/exams/maryland-general-contractor-license/index.html[22m [2m(+39ms)[22m 
[2m11:27:09[22m   [34m├─[39m [2m/exams/massachusetts-general-contractor-license/index.html[22m [2m(+38ms)[22m 
[2m11:27:09[22m   [34m├─[39m [2m/exams/michigan-general-contractor-license/index.html[22m [2m(+34ms)[22m 
[2m11:27:09[22m   [34m├─[39m [2m/exams/minnesota-general-contractor-license/index.html[22m [2m(+33ms)[22m 
[2m11:27:09[22m   [34m├─[39m [2m/exams/mississippi-general-contractor-license/index.html[22m [2m(+35ms)[22m 
[2m11:27:09[22m   [34m├─[39m [2m/exams/missouri-general-contractor-license/index.html[22m [2m(+34ms)[22m 
[2m11:27:09[22m   [34m├─[39m [2m/exams/montana-general-contractor-license/index.html[22m [2m(+38ms)[22m 
[2m11:27:09[22m   [34m├─[39m [2m/exams/nebraska-general-contractor-license/index.html[22m [2m(+36ms)[22m 
[2m11:27:10[22m   [34m├─[39m [2m/exams/nevada-general-contractor-license/index.html[22m [2m(+38ms)[22m 
[2m11:27:10[22m   [34m├─[39m [2m/exams/new-hampshire-general-contractor-license/index.html[22m [2m(+37ms)[22m 
[2m11:27:10[22m   [34m├─[39m [2m/exams/new-jersey-general-contractor-license/index.html[22m [2m(+36ms)[22m 
[2m11:27:10[22m   [34m├─[39m [2m/exams/new-mexico-general-contractor-license/index.html[22m [2m(+36ms)[22m 
[2m11:27:10[22m   [34m├─[39m [2m/exams/new-york-general-contractor-license/index.html[22m [2m(+45ms)[22m 
[2m11:27:10[22m   [34m├─[39m [2m/exams/north-carolina-general-contractor-license/index.html[22m [2m(+34ms)[22m 
[2m11:27:10[22m   [34m├─[39m [2m/exams/north-dakota-general-contractor-license/index.html[22m [2m(+39ms)[22m 
[2m11:27:10[22m   [34m├─[39m [2m/exams/ohio-general-contractor-license/index.html[22m [2m(+35ms)[22m 
[2m11:27:10[22m   [34m├─[39m [2m/exams/oklahoma-general-contractor-license/index.html[22m [2m(+45ms)[22m 
[2m11:27:10[22m   [34m├─[39m [2m/exams/oregon-general-contractor-license/index.html[22m [2m(+45ms)[22m 
[2m11:27:10[22m   [34m├─[39m [2m/exams/pennsylvania-general-contractor-license/index.html[22m [2m(+40ms)[22m 
[2m11:27:10[22m   [34m├─[39m [2m/exams/rhode-island-general-contractor-license/index.html[22m [2m(+40ms)[22m 
[2m11:27:10[22m   [34m├─[39m [2m/exams/south-carolina-general-contractor-license/index.html[22m [2m(+33ms)[22m 
[2m11:27:10[22m   [34m├─[39m [2m/exams/south-dakota-general-contractor-license/index.html[22m [2m(+35ms)[22m 
[2m11:27:10[22m   [34m├─[39m [2m/exams/tennessee-general-contractor-license/index.html[22m [2m(+36ms)[22m 
[2m11:27:10[22m   [34m├─[39m [2m/exams/texas-general-contractor-license/index.html[22m [2m(+37ms)[22m 
[2m11:27:10[22m   [34m├─[39m [2m/exams/utah-general-contractor-license/index.html[22m [2m(+39ms)[22m 
[2m11:27:10[22m   [34m├─[39m [2m/exams/vermont-general-contractor-license/index.html[22m [2m(+44ms)[22m 
[2m11:27:10[22m   [34m├─[39m [2m/exams/virginia-general-contractor-license/index.html[22m [2m(+34ms)[22m 
[2m11:27:10[22m   [34m├─[39m [2m/exams/washington-general-contractor-license/index.html[22m [2m(+33ms)[22m 
[2m11:27:10[22m   [34m├─[39m [2m/exams/west-virginia-general-contractor-license/index.html[22m [2m(+36ms)[22m 
[2m11:27:10[22m   [34m├─[39m [2m/exams/wisconsin-general-contractor-license/index.html[22m [2m(+36ms)[22m 
[2m11:27:10[22m   [34m├─[39m [2m/exams/wyoming-general-contractor-license/index.html[22m [2m(+37ms)[22m 
[2m11:27:10[22m   [34m├─[39m [2m/exams/alabama-contractor-business-and-law-exam/index.html[22m [2m(+39ms)[22m 
[2m11:27:10[22m   [34m├─[39m [2m/exams/alaska-contractor-business-and-law-exam/index.html[22m [2m(+36ms)[22m 
[2m11:27:10[22m   [34m├─[39m [2m/exams/arizona-contractor-business-and-law-exam/index.html[22m [2m(+35ms)[22m 
[2m11:27:11[22m   [34m├─[39m [2m/exams/arkansas-contractor-business-and-law-exam/index.html[22m [2m(+35ms)[22m 
[2m11:27:11[22m   [34m├─[39m [2m/exams/california-contractor-business-and-law-exam/index.html[22m [2m(+33ms)[22m 
[2m11:27:11[22m   [34m├─[39m [2m/exams/colorado-contractor-business-and-law-exam/index.html[22m [2m(+43ms)[22m 
[2m11:27:11[22m   [34m├─[39m [2m/exams/connecticut-contractor-business-and-law-exam/index.html[22m [2m(+37ms)[22m 
[2m11:27:11[22m   [34m├─[39m [2m/exams/delaware-contractor-business-and-law-exam/index.html[22m [2m(+36ms)[22m 
[2m11:27:11[22m   [34m├─[39m [2m/exams/district-of-columbia-contractor-business-and-law-exam/index.html[22m [2m(+45ms)[22m 
[2m11:27:11[22m   [34m├─[39m [2m/exams/florida-contractor-business-and-law-exam/index.html[22m [2m(+35ms)[22m 
[2m11:27:11[22m   [34m├─[39m [2m/exams/georgia-contractor-business-and-law-exam/index.html[22m [2m(+37ms)[22m 
[2m11:27:11[22m   [34m├─[39m [2m/exams/hawaii-contractor-business-and-law-exam/index.html[22m [2m(+40ms)[22m 
[2m11:27:11[22m   [34m├─[39m [2m/exams/idaho-contractor-business-and-law-exam/index.html[22m [2m(+38ms)[22m 
[2m11:27:11[22m   [34m├─[39m [2m/exams/illinois-contractor-business-and-law-exam/index.html[22m [2m(+41ms)[22m 
[2m11:27:11[22m   [34m├─[39m [2m/exams/indiana-contractor-business-and-law-exam/index.html[22m [2m(+38ms)[22m 
[2m11:27:11[22m   [34m├─[39m [2m/exams/iowa-contractor-business-and-law-exam/index.html[22m [2m(+33ms)[22m 
[2m11:27:11[22m   [34m├─[39m [2m/exams/kansas-contractor-business-and-law-exam/index.html[22m [2m(+35ms)[22m 
[2m11:27:11[22m   [34m├─[39m [2m/exams/kentucky-contractor-business-and-law-exam/index.html[22m [2m(+38ms)[22m 
[2m11:27:11[22m   [34m├─[39m [2m/exams/louisiana-contractor-business-and-law-exam/index.html[22m [2m(+34ms)[22m 
[2m11:27:11[22m   [34m├─[39m [2m/exams/maine-contractor-business-and-law-exam/index.html[22m [2m(+40ms)[22m 
[2m11:27:11[22m   [34m├─[39m [2m/exams/maryland-contractor-business-and-law-exam/index.html[22m [2m(+38ms)[22m 
[2m11:27:11[22m   [34m├─[39m [2m/exams/massachusetts-contractor-business-and-law-exam/index.html[22m [2m(+43ms)[22m 
[2m11:27:11[22m   [34m├─[39m [2m/exams/michigan-contractor-business-and-law-exam/index.html[22m [2m(+33ms)[22m 
[2m11:27:11[22m   [34m├─[39m [2m/exams/minnesota-contractor-business-and-law-exam/index.html[22m [2m(+36ms)[22m 
[2m11:27:11[22m   [34m├─[39m [2m/exams/mississippi-contractor-business-and-law-exam/index.html[22m [2m(+38ms)[22m 
[2m11:27:11[22m   [34m├─[39m [2m/exams/missouri-contractor-business-and-law-exam/index.html[22m [2m(+43ms)[22m 
[2m11:27:11[22m   [34m├─[39m [2m/exams/montana-contractor-business-and-law-exam/index.html[22m [2m(+42ms)[22m 
[2m11:27:11[22m   [34m├─[39m [2m/exams/nebraska-contractor-business-and-law-exam/index.html[22m [2m(+34ms)[22m 
[2m11:27:11[22m   [34m├─[39m [2m/exams/nevada-contractor-business-and-law-exam/index.html[22m [2m(+37ms)[22m 
[2m11:27:11[22m   [34m├─[39m [2m/exams/new-hampshire-contractor-business-and-law-exam/index.html[22m [2m(+39ms)[22m 
[2m11:27:12[22m   [34m├─[39m [2m/exams/new-jersey-contractor-business-and-law-exam/index.html[22m [2m(+37ms)[22m 
[2m11:27:12[22m   [34m├─[39m [2m/exams/new-mexico-contractor-business-and-law-exam/index.html[22m [2m(+40ms)[22m 
[2m11:27:12[22m   [34m├─[39m [2m/exams/new-york-contractor-business-and-law-exam/index.html[22m [2m(+35ms)[22m 
[2m11:27:12[22m   [34m├─[39m [2m/exams/north-carolina-contractor-business-and-law-exam/index.html[22m [2m(+35ms)[22m 
[2m11:27:12[22m   [34m├─[39m [2m/exams/north-dakota-contractor-business-and-law-exam/index.html[22m [2m(+38ms)[22m 
[2m11:27:12[22m   [34m├─[39m [2m/exams/ohio-contractor-business-and-law-exam/index.html[22m [2m(+38ms)[22m 
[2m11:27:12[22m   [34m├─[39m [2m/exams/oklahoma-contractor-business-and-law-exam/index.html[22m [2m(+33ms)[22m 
[2m11:27:12[22m   [34m├─[39m [2m/exams/oregon-contractor-business-and-law-exam/index.html[22m [2m(+40ms)[22m 
[2m11:27:12[22m   [34m├─[39m [2m/exams/pennsylvania-contractor-business-and-law-exam/index.html[22m [2m(+33ms)[22m 
[2m11:27:12[22m   [34m├─[39m [2m/exams/rhode-island-contractor-business-and-law-exam/index.html[22m [2m(+39ms)[22m 
[2m11:27:12[22m   [34m├─[39m [2m/exams/south-carolina-contractor-business-and-law-exam/index.html[22m [2m(+34ms)[22m 
[2m11:27:12[22m   [34m├─[39m [2m/exams/south-dakota-contractor-business-and-law-exam/index.html[22m [2m(+40ms)[22m 
[2m11:27:12[22m   [34m├─[39m [2m/exams/tennessee-contractor-business-and-law-exam/index.html[22m [2m(+38ms)[22m 
[2m11:27:12[22m   [34m├─[39m [2m/exams/texas-contractor-business-and-law-exam/index.html[22m [2m(+33ms)[22m 
[2m11:27:12[22m   [34m├─[39m [2m/exams/utah-contractor-business-and-law-exam/index.html[22m [2m(+38ms)[22m 
[2m11:27:12[22m   [34m├─[39m [2m/exams/vermont-contractor-business-and-law-exam/index.html[22m [2m(+33ms)[22m 
[2m11:27:12[22m   [34m├─[39m [2m/exams/virginia-contractor-business-and-law-exam/index.html[22m [2m(+33ms)[22m 
[2m11:27:12[22m   [34m├─[39m [2m/exams/washington-contractor-business-and-law-exam/index.html[22m [2m(+32ms)[22m 
[2m11:27:12[22m   [34m├─[39m [2m/exams/west-virginia-contractor-business-and-law-exam/index.html[22m [2m(+38ms)[22m 
[2m11:27:12[22m   [34m├─[39m [2m/exams/wisconsin-contractor-business-and-law-exam/index.html[22m [2m(+38ms)[22m 
[2m11:27:12[22m   [34m├─[39m [2m/exams/wyoming-contractor-business-and-law-exam/index.html[22m [2m(+38ms)[22m 
[2m11:27:12[22m   [34m├─[39m [2m/exams/alabama-journeyman-electrician-license/index.html[22m [2m(+37ms)[22m 
[2m11:27:12[22m   [34m├─[39m [2m/exams/alaska-journeyman-electrician-license/index.html[22m [2m(+36ms)[22m 
[2m11:27:12[22m   [34m├─[39m [2m/exams/arizona-journeyman-electrician-license/index.html[22m [2m(+32ms)[22m 
[2m11:27:12[22m   [34m├─[39m [2m/exams/arkansas-journeyman-electrician-license/index.html[22m [2m(+35ms)[22m 
[2m11:27:12[22m   [34m├─[39m [2m/exams/california-journeyman-electrician-license/index.html[22m [2m(+40ms)[22m 
[2m11:27:12[22m   [34m├─[39m [2m/exams/colorado-journeyman-electrician-license/index.html[22m [2m(+36ms)[22m 
[2m11:27:13[22m   [34m├─[39m [2m/exams/connecticut-journeyman-electrician-license/index.html[22m [2m(+36ms)[22m 
[2m11:27:13[22m   [34m├─[39m [2m/exams/delaware-journeyman-electrician-license/index.html[22m [2m(+36ms)[22m 
[2m11:27:13[22m   [34m├─[39m [2m/exams/district-of-columbia-journeyman-electrician-license/index.html[22m [2m(+37ms)[22m 
[2m11:27:13[22m   [34m├─[39m [2m/exams/florida-journeyman-electrician-license/index.html[22m [2m(+38ms)[22m 
[2m11:27:13[22m   [34m├─[39m [2m/exams/georgia-journeyman-electrician-license/index.html[22m [2m(+34ms)[22m 
[2m11:27:13[22m   [34m├─[39m [2m/exams/hawaii-journeyman-electrician-license/index.html[22m [2m(+41ms)[22m 
[2m11:27:13[22m   [34m├─[39m [2m/exams/idaho-journeyman-electrician-license/index.html[22m [2m(+39ms)[22m 
[2m11:27:13[22m   [34m├─[39m [2m/exams/illinois-journeyman-electrician-license/index.html[22m [2m(+35ms)[22m 
[2m11:27:13[22m   [34m├─[39m [2m/exams/indiana-journeyman-electrician-license/index.html[22m [2m(+35ms)[22m 
[2m11:27:13[22m   [34m├─[39m [2m/exams/iowa-journeyman-electrician-license/index.html[22m [2m(+38ms)[22m 
[2m11:27:13[22m   [34m├─[39m [2m/exams/kansas-journeyman-electrician-license/index.html[22m [2m(+38ms)[22m 
[2m11:27:13[22m   [34m├─[39m [2m/exams/kentucky-journeyman-electrician-license/index.html[22m [2m(+35ms)[22m 
[2m11:27:13[22m   [34m├─[39m [2m/exams/louisiana-journeyman-electrician-license/index.html[22m [2m(+43ms)[22m 
[2m11:27:13[22m   [34m├─[39m [2m/exams/maine-journeyman-electrician-license/index.html[22m [2m(+35ms)[22m 
[2m11:27:13[22m   [34m├─[39m [2m/exams/maryland-journeyman-electrician-license/index.html[22m [2m(+34ms)[22m 
[2m11:27:13[22m   [34m├─[39m [2m/exams/massachusetts-journeyman-electrician-license/index.html[22m [2m(+36ms)[22m 
[2m11:27:13[22m   [34m├─[39m [2m/exams/michigan-journeyman-electrician-license/index.html[22m [2m(+42ms)[22m 
[2m11:27:13[22m   [34m├─[39m [2m/exams/minnesota-journeyman-electrician-license/index.html[22m [2m(+47ms)[22m 
[2m11:27:13[22m   [34m├─[39m [2m/exams/mississippi-journeyman-electrician-license/index.html[22m [2m(+34ms)[22m 
[2m11:27:13[22m   [34m├─[39m [2m/exams/missouri-journeyman-electrician-license/index.html[22m [2m(+39ms)[22m 
[2m11:27:13[22m   [34m├─[39m [2m/exams/montana-journeyman-electrician-license/index.html[22m [2m(+40ms)[22m 
[2m11:27:13[22m   [34m├─[39m [2m/exams/nebraska-journeyman-electrician-license/index.html[22m [2m(+34ms)[22m 
[2m11:27:13[22m   [34m├─[39m [2m/exams/nevada-journeyman-electrician-license/index.html[22m [2m(+36ms)[22m 
[2m11:27:13[22m   [34m├─[39m [2m/exams/new-hampshire-journeyman-electrician-license/index.html[22m [2m(+37ms)[22m 
[2m11:27:13[22m   [34m├─[39m [2m/exams/new-jersey-journeyman-electrician-license/index.html[22m [2m(+40ms)[22m 
[2m11:27:13[22m   [34m├─[39m [2m/exams/new-mexico-journeyman-electrician-license/index.html[22m [2m(+47ms)[22m 
[2m11:27:14[22m   [34m├─[39m [2m/exams/new-york-journeyman-electrician-license/index.html[22m [2m(+43ms)[22m 
[2m11:27:14[22m   [34m├─[39m [2m/exams/north-carolina-journeyman-electrician-license/index.html[22m [2m(+35ms)[22m 
[2m11:27:14[22m   [34m├─[39m [2m/exams/north-dakota-journeyman-electrician-license/index.html[22m [2m(+36ms)[22m 
[2m11:27:14[22m   [34m├─[39m [2m/exams/ohio-journeyman-electrician-license/index.html[22m [2m(+38ms)[22m 
[2m11:27:14[22m   [34m├─[39m [2m/exams/oklahoma-journeyman-electrician-license/index.html[22m [2m(+34ms)[22m 
[2m11:27:14[22m   [34m├─[39m [2m/exams/oregon-journeyman-electrician-license/index.html[22m [2m(+39ms)[22m 
[2m11:27:14[22m   [34m├─[39m [2m/exams/pennsylvania-journeyman-electrician-license/index.html[22m [2m(+32ms)[22m 
[2m11:27:14[22m   [34m├─[39m [2m/exams/rhode-island-journeyman-electrician-license/index.html[22m [2m(+33ms)[22m 
[2m11:27:14[22m   [34m├─[39m [2m/exams/south-carolina-journeyman-electrician-license/index.html[22m [2m(+33ms)[22m 
[2m11:27:14[22m   [34m├─[39m [2m/exams/south-dakota-journeyman-electrician-license/index.html[22m [2m(+33ms)[22m 
[2m11:27:14[22m   [34m├─[39m [2m/exams/tennessee-journeyman-electrician-license/index.html[22m [2m(+35ms)[22m 
[2m11:27:14[22m   [34m├─[39m [2m/exams/texas-journeyman-electrician-license/index.html[22m [2m(+43ms)[22m 
[2m11:27:14[22m   [34m├─[39m [2m/exams/utah-journeyman-electrician-license/index.html[22m [2m(+33ms)[22m 
[2m11:27:14[22m   [34m├─[39m [2m/exams/vermont-journeyman-electrician-license/index.html[22m [2m(+33ms)[22m 
[2m11:27:14[22m   [34m├─[39m [2m/exams/virginia-journeyman-electrician-license/index.html[22m [2m(+36ms)[22m 
[2m11:27:14[22m   [34m├─[39m [2m/exams/washington-journeyman-electrician-license/index.html[22m [2m(+35ms)[22m 
[2m11:27:14[22m   [34m├─[39m [2m/exams/west-virginia-journeyman-electrician-license/index.html[22m [2m(+35ms)[22m 
[2m11:27:14[22m   [34m├─[39m [2m/exams/wisconsin-journeyman-electrician-license/index.html[22m [2m(+34ms)[22m 
[2m11:27:14[22m   [34m├─[39m [2m/exams/wyoming-journeyman-electrician-license/index.html[22m [2m(+33ms)[22m 
[2m11:27:14[22m   [34m├─[39m [2m/exams/alabama-master-electrician-license/index.html[22m [2m(+36ms)[22m 
[2m11:27:14[22m   [34m├─[39m [2m/exams/alaska-master-electrician-license/index.html[22m [2m(+35ms)[22m 
[2m11:27:14[22m   [34m├─[39m [2m/exams/arizona-master-electrician-license/index.html[22m [2m(+34ms)[22m 
[2m11:27:14[22m   [34m├─[39m [2m/exams/arkansas-master-electrician-license/index.html[22m [2m(+39ms)[22m 
[2m11:27:14[22m   [34m├─[39m [2m/exams/california-master-electrician-license/index.html[22m [2m(+35ms)[22m 
[2m11:27:14[22m   [34m├─[39m [2m/exams/colorado-master-electrician-license/index.html[22m [2m(+37ms)[22m 
[2m11:27:14[22m   [34m├─[39m [2m/exams/connecticut-master-electrician-license/index.html[22m [2m(+40ms)[22m 
[2m11:27:14[22m   [34m├─[39m [2m/exams/delaware-master-electrician-license/index.html[22m [2m(+32ms)[22m 
[2m11:27:14[22m   [34m├─[39m [2m/exams/district-of-columbia-master-electrician-license/index.html[22m [2m(+41ms)[22m 
[2m11:27:15[22m   [34m├─[39m [2m/exams/florida-master-electrician-license/index.html[22m [2m(+33ms)[22m 
[2m11:27:15[22m   [34m├─[39m [2m/exams/georgia-master-electrician-license/index.html[22m [2m(+35ms)[22m 
[2m11:27:15[22m   [34m├─[39m [2m/exams/hawaii-master-electrician-license/index.html[22m [2m(+37ms)[22m 
[2m11:27:15[22m   [34m├─[39m [2m/exams/idaho-master-electrician-license/index.html[22m [2m(+35ms)[22m 
[2m11:27:15[22m   [34m├─[39m [2m/exams/illinois-master-electrician-license/index.html[22m [2m(+45ms)[22m 
[2m11:27:15[22m   [34m├─[39m [2m/exams/indiana-master-electrician-license/index.html[22m [2m(+52ms)[22m 
[2m11:27:15[22m   [34m├─[39m [2m/exams/iowa-master-electrician-license/index.html[22m [2m(+45ms)[22m 
[2m11:27:15[22m   [34m├─[39m [2m/exams/kansas-master-electrician-license/index.html[22m [2m(+76ms)[22m 
[2m11:27:15[22m   [34m├─[39m [2m/exams/kentucky-master-electrician-license/index.html[22m [2m(+49ms)[22m 
[2m11:27:15[22m   [34m├─[39m [2m/exams/louisiana-master-electrician-license/index.html[22m [2m(+45ms)[22m 
[2m11:27:15[22m   [34m├─[39m [2m/exams/maine-master-electrician-license/index.html[22m [2m(+43ms)[22m 
[2m11:27:15[22m   [34m├─[39m [2m/exams/maryland-master-electrician-license/index.html[22m [2m(+38ms)[22m 
[2m11:27:15[22m   [34m├─[39m [2m/exams/massachusetts-master-electrician-license/index.html[22m [2m(+36ms)[22m 
[2m11:27:15[22m   [34m├─[39m [2m/exams/michigan-master-electrician-license/index.html[22m [2m(+32ms)[22m 
[2m11:27:15[22m   [34m├─[39m [2m/exams/minnesota-master-electrician-license/index.html[22m [2m(+35ms)[22m 
[2m11:27:15[22m   [34m├─[39m [2m/exams/mississippi-master-electrician-license/index.html[22m [2m(+36ms)[22m 
[2m11:27:15[22m   [34m├─[39m [2m/exams/missouri-master-electrician-license/index.html[22m [2m(+38ms)[22m 
[2m11:27:15[22m   [34m├─[39m [2m/exams/montana-master-electrician-license/index.html[22m [2m(+41ms)[22m 
[2m11:27:15[22m   [34m├─[39m [2m/exams/nebraska-master-electrician-license/index.html[22m [2m(+34ms)[22m 
[2m11:27:15[22m   [34m├─[39m [2m/exams/nevada-master-electrician-license/index.html[22m [2m(+34ms)[22m 
[2m11:27:15[22m   [34m├─[39m [2m/exams/new-hampshire-master-electrician-license/index.html[22m [2m(+34ms)[22m 
[2m11:27:15[22m   [34m├─[39m [2m/exams/new-jersey-master-electrician-license/index.html[22m [2m(+34ms)[22m 
[2m11:27:15[22m   [34m├─[39m [2m/exams/new-mexico-master-electrician-license/index.html[22m [2m(+37ms)[22m 
[2m11:27:15[22m   [34m├─[39m [2m/exams/new-york-master-electrician-license/index.html[22m [2m(+37ms)[22m 
[2m11:27:15[22m   [34m├─[39m [2m/exams/north-carolina-master-electrician-license/index.html[22m [2m(+38ms)[22m 
[2m11:27:16[22m   [34m├─[39m [2m/exams/north-dakota-master-electrician-license/index.html[22m [2m(+39ms)[22m 
[2m11:27:16[22m   [34m├─[39m [2m/exams/ohio-master-electrician-license/index.html[22m [2m(+48ms)[22m 
[2m11:27:16[22m   [34m├─[39m [2m/exams/oklahoma-master-electrician-license/index.html[22m [2m(+37ms)[22m 
[2m11:27:16[22m   [34m├─[39m [2m/exams/oregon-master-electrician-license/index.html[22m [2m(+45ms)[22m 
[2m11:27:16[22m   [34m├─[39m [2m/exams/pennsylvania-master-electrician-license/index.html[22m [2m(+38ms)[22m 
[2m11:27:16[22m   [34m├─[39m [2m/exams/rhode-island-master-electrician-license/index.html[22m [2m(+35ms)[22m 
[2m11:27:16[22m   [34m├─[39m [2m/exams/south-carolina-master-electrician-license/index.html[22m [2m(+36ms)[22m 
[2m11:27:16[22m   [34m├─[39m [2m/exams/south-dakota-master-electrician-license/index.html[22m [2m(+37ms)[22m 
[2m11:27:16[22m   [34m├─[39m [2m/exams/tennessee-master-electrician-license/index.html[22m [2m(+37ms)[22m 
[2m11:27:16[22m   [34m├─[39m [2m/exams/texas-master-electrician-license/index.html[22m [2m(+38ms)[22m 
[2m11:27:16[22m   [34m├─[39m [2m/exams/utah-master-electrician-license/index.html[22m [2m(+36ms)[22m 
[2m11:27:16[22m   [34m├─[39m [2m/exams/vermont-master-electrician-license/index.html[22m [2m(+39ms)[22m 
[2m11:27:16[22m   [34m├─[39m [2m/exams/virginia-master-electrician-license/index.html[22m [2m(+33ms)[22m 
[2m11:27:16[22m   [34m├─[39m [2m/exams/washington-master-electrician-license/index.html[22m [2m(+34ms)[22m 
[2m11:27:16[22m   [34m├─[39m [2m/exams/west-virginia-master-electrician-license/index.html[22m [2m(+35ms)[22m 
[2m11:27:16[22m   [34m├─[39m [2m/exams/wisconsin-master-electrician-license/index.html[22m [2m(+35ms)[22m 
[2m11:27:16[22m   [34m├─[39m [2m/exams/wyoming-master-electrician-license/index.html[22m [2m(+37ms)[22m 
[2m11:27:16[22m   [34m├─[39m [2m/exams/alabama-journeyman-plumber-license/index.html[22m [2m(+76ms)[22m 
[2m11:27:16[22m   [34m├─[39m [2m/exams/alaska-journeyman-plumber-license/index.html[22m [2m(+42ms)[22m 
[2m11:27:16[22m   [34m├─[39m [2m/exams/arizona-journeyman-plumber-license/index.html[22m [2m(+37ms)[22m 
[2m11:27:16[22m   [34m├─[39m [2m/exams/arkansas-journeyman-plumber-license/index.html[22m [2m(+41ms)[22m 
[2m11:27:16[22m   [34m├─[39m [2m/exams/california-journeyman-plumber-license/index.html[22m [2m(+33ms)[22m 
[2m11:27:16[22m   [34m├─[39m [2m/exams/colorado-journeyman-plumber-license/index.html[22m [2m(+34ms)[22m 
[2m11:27:16[22m   [34m├─[39m [2m/exams/connecticut-journeyman-plumber-license/index.html[22m [2m(+34ms)[22m 
[2m11:27:16[22m   [34m├─[39m [2m/exams/delaware-journeyman-plumber-license/index.html[22m [2m(+36ms)[22m 
[2m11:27:16[22m   [34m├─[39m [2m/exams/district-of-columbia-journeyman-plumber-license/index.html[22m [2m(+36ms)[22m 
[2m11:27:17[22m   [34m├─[39m [2m/exams/florida-journeyman-plumber-license/index.html[22m [2m(+42ms)[22m 
[2m11:27:17[22m   [34m├─[39m [2m/exams/georgia-journeyman-plumber-license/index.html[22m [2m(+38ms)[22m 
[2m11:27:17[22m   [34m├─[39m [2m/exams/hawaii-journeyman-plumber-license/index.html[22m [2m(+36ms)[22m 
[2m11:27:17[22m   [34m├─[39m [2m/exams/idaho-journeyman-plumber-license/index.html[22m [2m(+42ms)[22m 
[2m11:27:17[22m   [34m├─[39m [2m/exams/illinois-journeyman-plumber-license/index.html[22m [2m(+38ms)[22m 
[2m11:27:17[22m   [34m├─[39m [2m/exams/indiana-journeyman-plumber-license/index.html[22m [2m(+36ms)[22m 
[2m11:27:17[22m   [34m├─[39m [2m/exams/iowa-journeyman-plumber-license/index.html[22m [2m(+35ms)[22m 
[2m11:27:17[22m   [34m├─[39m [2m/exams/kansas-journeyman-plumber-license/index.html[22m [2m(+38ms)[22m 
[2m11:27:17[22m   [34m├─[39m [2m/exams/kentucky-journeyman-plumber-license/index.html[22m [2m(+43ms)[22m 
[2m11:27:17[22m   [34m├─[39m [2m/exams/louisiana-journeyman-plumber-license/index.html[22m [2m(+32ms)[22m 
[2m11:27:17[22m   [34m├─[39m [2m/exams/maine-journeyman-plumber-license/index.html[22m [2m(+34ms)[22m 
[2m11:27:17[22m   [34m├─[39m [2m/exams/maryland-journeyman-plumber-license/index.html[22m [2m(+37ms)[22m 
[2m11:27:17[22m   [34m├─[39m [2m/exams/massachusetts-journeyman-plumber-license/index.html[22m [2m(+35ms)[22m 
[2m11:27:17[22m   [34m├─[39m [2m/exams/michigan-journeyman-plumber-license/index.html[22m [2m(+38ms)[22m 
[2m11:27:17[22m   [34m├─[39m [2m/exams/minnesota-journeyman-plumber-license/index.html[22m [2m(+37ms)[22m 
[2m11:27:17[22m   [34m├─[39m [2m/exams/mississippi-journeyman-plumber-license/index.html[22m [2m(+36ms)[22m 
[2m11:27:17[22m   [34m├─[39m [2m/exams/missouri-journeyman-plumber-license/index.html[22m [2m(+34ms)[22m 
[2m11:27:17[22m   [34m├─[39m [2m/exams/montana-journeyman-plumber-license/index.html[22m [2m(+34ms)[22m 
[2m11:27:17[22m   [34m├─[39m [2m/exams/nebraska-journeyman-plumber-license/index.html[22m [2m(+39ms)[22m 
[2m11:27:17[22m   [34m├─[39m [2m/exams/nevada-journeyman-plumber-license/index.html[22m [2m(+34ms)[22m 
[2m11:27:17[22m   [34m├─[39m [2m/exams/new-hampshire-journeyman-plumber-license/index.html[22m [2m(+34ms)[22m 
[2m11:27:17[22m   [34m├─[39m [2m/exams/new-jersey-journeyman-plumber-license/index.html[22m [2m(+35ms)[22m 
[2m11:27:17[22m   [34m├─[39m [2m/exams/new-mexico-journeyman-plumber-license/index.html[22m [2m(+33ms)[22m 
[2m11:27:17[22m   [34m├─[39m [2m/exams/new-york-journeyman-plumber-license/index.html[22m [2m(+36ms)[22m 
[2m11:27:17[22m   [34m├─[39m [2m/exams/north-carolina-journeyman-plumber-license/index.html[22m [2m(+34ms)[22m 
[2m11:27:17[22m   [34m├─[39m [2m/exams/north-dakota-journeyman-plumber-license/index.html[22m [2m(+36ms)[22m 
[2m11:27:17[22m   [34m├─[39m [2m/exams/ohio-journeyman-plumber-license/index.html[22m [2m(+40ms)[22m 
[2m11:27:17[22m   [34m├─[39m [2m/exams/oklahoma-journeyman-plumber-license/index.html[22m [2m(+43ms)[22m 
[2m11:27:18[22m   [34m├─[39m [2m/exams/oregon-journeyman-plumber-license/index.html[22m [2m(+34ms)[22m 
[2m11:27:18[22m   [34m├─[39m [2m/exams/pennsylvania-journeyman-plumber-license/index.html[22m [2m(+34ms)[22m 
[2m11:27:18[22m   [34m├─[39m [2m/exams/rhode-island-journeyman-plumber-license/index.html[22m [2m(+36ms)[22m 
[2m11:27:18[22m   [34m├─[39m [2m/exams/south-carolina-journeyman-plumber-license/index.html[22m [2m(+38ms)[22m 
[2m11:27:18[22m   [34m├─[39m [2m/exams/south-dakota-journeyman-plumber-license/index.html[22m [2m(+35ms)[22m 
[2m11:27:18[22m   [34m├─[39m [2m/exams/tennessee-journeyman-plumber-license/index.html[22m [2m(+35ms)[22m 
[2m11:27:18[22m   [34m├─[39m [2m/exams/texas-journeyman-plumber-license/index.html[22m [2m(+33ms)[22m 
[2m11:27:18[22m   [34m├─[39m [2m/exams/utah-journeyman-plumber-license/index.html[22m [2m(+42ms)[22m 
[2m11:27:18[22m   [34m├─[39m [2m/exams/vermont-journeyman-plumber-license/index.html[22m [2m(+38ms)[22m 
[2m11:27:18[22m   [34m├─[39m [2m/exams/virginia-journeyman-plumber-license/index.html[22m [2m(+34ms)[22m 
[2m11:27:18[22m   [34m├─[39m [2m/exams/washington-journeyman-plumber-license/index.html[22m [2m(+36ms)[22m 
[2m11:27:18[22m   [34m├─[39m [2m/exams/west-virginia-journeyman-plumber-license/index.html[22m [2m(+36ms)[22m 
[2m11:27:18[22m   [34m├─[39m [2m/exams/wisconsin-journeyman-plumber-license/index.html[22m [2m(+34ms)[22m 
[2m11:27:18[22m   [34m├─[39m [2m/exams/wyoming-journeyman-plumber-license/index.html[22m [2m(+36ms)[22m 
[2m11:27:18[22m   [34m├─[39m [2m/exams/alabama-master-plumber-license/index.html[22m [2m(+43ms)[22m 
[2m11:27:18[22m   [34m├─[39m [2m/exams/alaska-master-plumber-license/index.html[22m [2m(+34ms)[22m 
[2m11:27:18[22m   [34m├─[39m [2m/exams/arizona-master-plumber-license/index.html[22m [2m(+33ms)[22m 
[2m11:27:18[22m   [34m├─[39m [2m/exams/arkansas-master-plumber-license/index.html[22m [2m(+38ms)[22m 
[2m11:27:18[22m   [34m├─[39m [2m/exams/california-master-plumber-license/index.html[22m [2m(+34ms)[22m 
[2m11:27:18[22m   [34m├─[39m [2m/exams/colorado-master-plumber-license/index.html[22m [2m(+35ms)[22m 
[2m11:27:18[22m   [34m├─[39m [2m/exams/connecticut-master-plumber-license/index.html[22m [2m(+37ms)[22m 
[2m11:27:18[22m   [34m├─[39m [2m/exams/delaware-master-plumber-license/index.html[22m [2m(+40ms)[22m 
[2m11:27:18[22m   [34m├─[39m [2m/exams/district-of-columbia-master-plumber-license/index.html[22m [2m(+35ms)[22m 
[2m11:27:18[22m   [34m├─[39m [2m/exams/florida-master-plumber-license/index.html[22m [2m(+37ms)[22m 
[2m11:27:18[22m   [34m├─[39m [2m/exams/georgia-master-plumber-license/index.html[22m [2m(+39ms)[22m 
[2m11:27:18[22m   [34m├─[39m [2m/exams/hawaii-master-plumber-license/index.html[22m [2m(+33ms)[22m 
[2m11:27:18[22m   [34m├─[39m [2m/exams/idaho-master-plumber-license/index.html[22m [2m(+35ms)[22m 
[2m11:27:19[22m   [34m├─[39m [2m/exams/illinois-master-plumber-license/index.html[22m [2m(+36ms)[22m 
[2m11:27:19[22m   [34m├─[39m [2m/exams/indiana-master-plumber-license/index.html[22m [2m(+33ms)[22m 
[2m11:27:19[22m   [34m├─[39m [2m/exams/iowa-master-plumber-license/index.html[22m [2m(+34ms)[22m 
[2m11:27:19[22m   [34m├─[39m [2m/exams/kansas-master-plumber-license/index.html[22m [2m(+39ms)[22m 
[2m11:27:19[22m   [34m├─[39m [2m/exams/kentucky-master-plumber-license/index.html[22m [2m(+39ms)[22m 
[2m11:27:19[22m   [34m├─[39m [2m/exams/louisiana-master-plumber-license/index.html[22m [2m(+32ms)[22m 
[2m11:27:19[22m   [34m├─[39m [2m/exams/maine-master-plumber-license/index.html[22m [2m(+39ms)[22m 
[2m11:27:19[22m   [34m├─[39m [2m/exams/maryland-master-plumber-license/index.html[22m [2m(+36ms)[22m 
[2m11:27:19[22m   [34m├─[39m [2m/exams/massachusetts-master-plumber-license/index.html[22m [2m(+37ms)[22m 
[2m11:27:19[22m   [34m├─[39m [2m/exams/michigan-master-plumber-license/index.html[22m [2m(+34ms)[22m 
[2m11:27:19[22m   [34m├─[39m [2m/exams/minnesota-master-plumber-license/index.html[22m [2m(+37ms)[22m 
[2m11:27:19[22m   [34m├─[39m [2m/exams/mississippi-master-plumber-license/index.html[22m [2m(+34ms)[22m 
[2m11:27:19[22m   [34m├─[39m [2m/exams/missouri-master-plumber-license/index.html[22m [2m(+36ms)[22m 
[2m11:27:19[22m   [34m├─[39m [2m/exams/montana-master-plumber-license/index.html[22m [2m(+35ms)[22m 
[2m11:27:19[22m   [34m├─[39m [2m/exams/nebraska-master-plumber-license/index.html[22m [2m(+37ms)[22m 
[2m11:27:19[22m   [34m├─[39m [2m/exams/nevada-master-plumber-license/index.html[22m [2m(+35ms)[22m 
[2m11:27:19[22m   [34m├─[39m [2m/exams/new-hampshire-master-plumber-license/index.html[22m [2m(+34ms)[22m 
[2m11:27:19[22m   [34m├─[39m [2m/exams/new-jersey-master-plumber-license/index.html[22m [2m(+38ms)[22m 
[2m11:27:19[22m   [34m├─[39m [2m/exams/new-mexico-master-plumber-license/index.html[22m [2m(+37ms)[22m 
[2m11:27:19[22m   [34m├─[39m [2m/exams/new-york-master-plumber-license/index.html[22m [2m(+35ms)[22m 
[2m11:27:19[22m   [34m├─[39m [2m/exams/north-carolina-master-plumber-license/index.html[22m [2m(+37ms)[22m 
[2m11:27:19[22m   [34m├─[39m [2m/exams/north-dakota-master-plumber-license/index.html[22m [2m(+34ms)[22m 
[2m11:27:19[22m   [34m├─[39m [2m/exams/ohio-master-plumber-license/index.html[22m [2m(+33ms)[22m 
[2m11:27:19[22m   [34m├─[39m [2m/exams/oklahoma-master-plumber-license/index.html[22m [2m(+39ms)[22m 
[2m11:27:19[22m   [34m├─[39m [2m/exams/oregon-master-plumber-license/index.html[22m [2m(+37ms)[22m 
[2m11:27:19[22m   [34m├─[39m [2m/exams/pennsylvania-master-plumber-license/index.html[22m [2m(+39ms)[22m 
[2m11:27:19[22m   [34m├─[39m [2m/exams/rhode-island-master-plumber-license/index.html[22m [2m(+47ms)[22m 
[2m11:27:20[22m   [34m├─[39m [2m/exams/south-carolina-master-plumber-license/index.html[22m [2m(+46ms)[22m 
[2m11:27:20[22m   [34m├─[39m [2m/exams/south-dakota-master-plumber-license/index.html[22m [2m(+36ms)[22m 
[2m11:27:20[22m   [34m├─[39m [2m/exams/tennessee-master-plumber-license/index.html[22m [2m(+36ms)[22m 
[2m11:27:20[22m   [34m├─[39m [2m/exams/texas-master-plumber-license/index.html[22m [2m(+32ms)[22m 
[2m11:27:20[22m   [34m├─[39m [2m/exams/utah-master-plumber-license/index.html[22m [2m(+37ms)[22m 
[2m11:27:20[22m   [34m├─[39m [2m/exams/vermont-master-plumber-license/index.html[22m [2m(+47ms)[22m 
[2m11:27:20[22m   [34m├─[39m [2m/exams/virginia-master-plumber-license/index.html[22m [2m(+40ms)[22m 
[2m11:27:20[22m   [34m├─[39m [2m/exams/washington-master-plumber-license/index.html[22m [2m(+40ms)[22m 
[2m11:27:20[22m   [34m├─[39m [2m/exams/west-virginia-master-plumber-license/index.html[22m [2m(+39ms)[22m 
[2m11:27:20[22m   [34m├─[39m [2m/exams/wisconsin-master-plumber-license/index.html[22m [2m(+36ms)[22m 
[2m11:27:20[22m   [34m├─[39m [2m/exams/wyoming-master-plumber-license/index.html[22m [2m(+34ms)[22m 
[2m11:27:20[22m   [34m├─[39m [2m/exams/alabama-hvac-contractor-license/index.html[22m [2m(+36ms)[22m 
[2m11:27:20[22m   [34m├─[39m [2m/exams/alaska-hvac-contractor-license/index.html[22m [2m(+35ms)[22m 
[2m11:27:20[22m   [34m├─[39m [2m/exams/arizona-hvac-contractor-license/index.html[22m [2m(+35ms)[22m 
[2m11:27:20[22m   [34m├─[39m [2m/exams/arkansas-hvac-contractor-license/index.html[22m [2m(+34ms)[22m 
[2m11:27:20[22m   [34m├─[39m [2m/exams/california-hvac-contractor-license/index.html[22m [2m(+35ms)[22m 
[2m11:27:20[22m   [34m├─[39m [2m/exams/colorado-hvac-contractor-license/index.html[22m [2m(+37ms)[22m 
[2m11:27:20[22m   [34m├─[39m [2m/exams/connecticut-hvac-contractor-license/index.html[22m [2m(+34ms)[22m 
[2m11:27:20[22m   [34m├─[39m [2m/exams/delaware-hvac-contractor-license/index.html[22m [2m(+33ms)[22m 
[2m11:27:20[22m   [34m├─[39m [2m/exams/district-of-columbia-hvac-contractor-license/index.html[22m [2m(+39ms)[22m 
[2m11:27:20[22m   [34m├─[39m [2m/exams/florida-hvac-contractor-license/index.html[22m [2m(+33ms)[22m 
[2m11:27:20[22m   [34m├─[39m [2m/exams/georgia-hvac-contractor-license/index.html[22m [2m(+34ms)[22m 
[2m11:27:20[22m   [34m├─[39m [2m/exams/hawaii-hvac-contractor-license/index.html[22m [2m(+39ms)[22m 
[2m11:27:20[22m   [34m├─[39m [2m/exams/idaho-hvac-contractor-license/index.html[22m [2m(+44ms)[22m 
[2m11:27:20[22m   [34m├─[39m [2m/exams/illinois-hvac-contractor-license/index.html[22m [2m(+43ms)[22m 
[2m11:27:20[22m   [34m├─[39m [2m/exams/indiana-hvac-contractor-license/index.html[22m [2m(+34ms)[22m 
[2m11:27:20[22m   [34m├─[39m [2m/exams/iowa-hvac-contractor-license/index.html[22m [2m(+38ms)[22m 
[2m11:27:21[22m   [34m├─[39m [2m/exams/kansas-hvac-contractor-license/index.html[22m [2m(+33ms)[22m 
[2m11:27:21[22m   [34m├─[39m [2m/exams/kentucky-hvac-contractor-license/index.html[22m [2m(+34ms)[22m 
[2m11:27:21[22m   [34m├─[39m [2m/exams/louisiana-hvac-contractor-license/index.html[22m [2m(+37ms)[22m 
[2m11:27:21[22m   [34m├─[39m [2m/exams/maine-hvac-contractor-license/index.html[22m [2m(+34ms)[22m 
[2m11:27:21[22m   [34m├─[39m [2m/exams/maryland-hvac-contractor-license/index.html[22m [2m(+36ms)[22m 
[2m11:27:21[22m   [34m├─[39m [2m/exams/massachusetts-hvac-contractor-license/index.html[22m [2m(+35ms)[22m 
[2m11:27:21[22m   [34m├─[39m [2m/exams/michigan-hvac-contractor-license/index.html[22m [2m(+42ms)[22m 
[2m11:27:21[22m   [34m├─[39m [2m/exams/minnesota-hvac-contractor-license/index.html[22m [2m(+40ms)[22m 
[2m11:27:21[22m   [34m├─[39m [2m/exams/mississippi-hvac-contractor-license/index.html[22m [2m(+36ms)[22m 
[2m11:27:21[22m   [34m├─[39m [2m/exams/missouri-hvac-contractor-license/index.html[22m [2m(+39ms)[22m 
[2m11:27:21[22m   [34m├─[39m [2m/exams/montana-hvac-contractor-license/index.html[22m [2m(+34ms)[22m 
[2m11:27:21[22m   [34m├─[39m [2m/exams/nebraska-hvac-contractor-license/index.html[22m [2m(+34ms)[22m 
[2m11:27:21[22m   [34m├─[39m [2m/exams/nevada-hvac-contractor-license/index.html[22m [2m(+36ms)[22m 
[2m11:27:21[22m   [34m├─[39m [2m/exams/new-hampshire-hvac-contractor-license/index.html[22m [2m(+36ms)[22m 
[2m11:27:21[22m   [34m├─[39m [2m/exams/new-jersey-hvac-contractor-license/index.html[22m [2m(+34ms)[22m 
[2m11:27:21[22m   [34m├─[39m [2m/exams/new-mexico-hvac-contractor-license/index.html[22m [2m(+34ms)[22m 
[2m11:27:21[22m   [34m├─[39m [2m/exams/new-york-hvac-contractor-license/index.html[22m [2m(+36ms)[22m 
[2m11:27:21[22m   [34m├─[39m [2m/exams/north-carolina-hvac-contractor-license/index.html[22m [2m(+38ms)[22m 
[2m11:27:21[22m   [34m├─[39m [2m/exams/north-dakota-hvac-contractor-license/index.html[22m [2m(+43ms)[22m 
[2m11:27:21[22m   [34m├─[39m [2m/exams/ohio-hvac-contractor-license/index.html[22m [2m(+37ms)[22m 
[2m11:27:21[22m   [34m├─[39m [2m/exams/oklahoma-hvac-contractor-license/index.html[22m [2m(+33ms)[22m 
[2m11:27:21[22m   [34m├─[39m [2m/exams/oregon-hvac-contractor-license/index.html[22m [2m(+37ms)[22m 
[2m11:27:21[22m   [34m├─[39m [2m/exams/pennsylvania-hvac-contractor-license/index.html[22m [2m(+36ms)[22m 
[2m11:27:21[22m   [34m├─[39m [2m/exams/rhode-island-hvac-contractor-license/index.html[22m [2m(+35ms)[22m 
[2m11:27:21[22m   [34m├─[39m [2m/exams/south-carolina-hvac-contractor-license/index.html[22m [2m(+36ms)[22m 
[2m11:27:21[22m   [34m├─[39m [2m/exams/south-dakota-hvac-contractor-license/index.html[22m [2m(+38ms)[22m 
[2m11:27:21[22m   [34m├─[39m [2m/exams/tennessee-hvac-contractor-license/index.html[22m [2m(+39ms)[22m 
[2m11:27:21[22m   [34m├─[39m [2m/exams/texas-hvac-contractor-license/index.html[22m [2m(+39ms)[22m 
[2m11:27:22[22m   [34m├─[39m [2m/exams/utah-hvac-contractor-license/index.html[22m [2m(+36ms)[22m 
[2m11:27:22[22m   [34m├─[39m [2m/exams/vermont-hvac-contractor-license/index.html[22m [2m(+35ms)[22m 
[2m11:27:22[22m   [34m├─[39m [2m/exams/virginia-hvac-contractor-license/index.html[22m [2m(+38ms)[22m 
[2m11:27:22[22m   [34m├─[39m [2m/exams/washington-hvac-contractor-license/index.html[22m [2m(+36ms)[22m 
[2m11:27:22[22m   [34m├─[39m [2m/exams/west-virginia-hvac-contractor-license/index.html[22m [2m(+37ms)[22m 
[2m11:27:22[22m   [34m├─[39m [2m/exams/wisconsin-hvac-contractor-license/index.html[22m [2m(+36ms)[22m 
[2m11:27:22[22m   [34m├─[39m [2m/exams/wyoming-hvac-contractor-license/index.html[22m [2m(+34ms)[22m 
[2m11:27:22[22m   [34m├─[39m [2m/exams/alabama-cosmetology-license/index.html[22m [2m(+37ms)[22m 
[2m11:27:22[22m   [34m├─[39m [2m/exams/alaska-cosmetology-license/index.html[22m [2m(+39ms)[22m 
[2m11:27:22[22m   [34m├─[39m [2m/exams/arizona-cosmetology-license/index.html[22m [2m(+40ms)[22m 
[2m11:27:22[22m   [34m├─[39m [2m/exams/arkansas-cosmetology-license/index.html[22m [2m(+38ms)[22m 
[2m11:27:22[22m   [34m├─[39m [2m/exams/california-cosmetology-license/index.html[22m [2m(+34ms)[22m 
[2m11:27:22[22m   [34m├─[39m [2m/exams/colorado-cosmetology-license/index.html[22m [2m(+36ms)[22m 
[2m11:27:22[22m   [34m├─[39m [2m/exams/connecticut-cosmetology-license/index.html[22m [2m(+43ms)[22m 
[2m11:27:22[22m   [34m├─[39m [2m/exams/delaware-cosmetology-license/index.html[22m [2m(+35ms)[22m 
[2m11:27:22[22m   [34m├─[39m [2m/exams/district-of-columbia-cosmetology-license/index.html[22m [2m(+38ms)[22m 
[2m11:27:22[22m   [34m├─[39m [2m/exams/florida-cosmetology-license/index.html[22m [2m(+35ms)[22m 
[2m11:27:22[22m   [34m├─[39m [2m/exams/georgia-cosmetology-license/index.html[22m [2m(+36ms)[22m 
[2m11:27:22[22m   [34m├─[39m [2m/exams/hawaii-cosmetology-license/index.html[22m [2m(+34ms)[22m 
[2m11:27:22[22m   [34m├─[39m [2m/exams/idaho-cosmetology-license/index.html[22m [2m(+37ms)[22m 
[2m11:27:22[22m   [34m├─[39m [2m/exams/illinois-cosmetology-license/index.html[22m [2m(+37ms)[22m 
[2m11:27:22[22m   [34m├─[39m [2m/exams/indiana-cosmetology-license/index.html[22m [2m(+38ms)[22m 
[2m11:27:22[22m   [34m├─[39m [2m/exams/iowa-cosmetology-license/index.html[22m [2m(+36ms)[22m 
[2m11:27:22[22m   [34m├─[39m [2m/exams/kansas-cosmetology-license/index.html[22m [2m(+42ms)[22m 
[2m11:27:22[22m   [34m├─[39m [2m/exams/kentucky-cosmetology-license/index.html[22m [2m(+42ms)[22m 
[2m11:27:22[22m   [34m├─[39m [2m/exams/louisiana-cosmetology-license/index.html[22m [2m(+36ms)[22m 
[2m11:27:23[22m   [34m├─[39m [2m/exams/maine-cosmetology-license/index.html[22m [2m(+35ms)[22m 
[2m11:27:23[22m   [34m├─[39m [2m/exams/maryland-cosmetology-license/index.html[22m [2m(+36ms)[22m 
[2m11:27:23[22m   [34m├─[39m [2m/exams/massachusetts-cosmetology-license/index.html[22m [2m(+35ms)[22m 
[2m11:27:23[22m   [34m├─[39m [2m/exams/michigan-cosmetology-license/index.html[22m [2m(+38ms)[22m 
[2m11:27:23[22m   [34m├─[39m [2m/exams/minnesota-cosmetology-license/index.html[22m [2m(+39ms)[22m 
[2m11:27:23[22m   [34m├─[39m [2m/exams/mississippi-cosmetology-license/index.html[22m [2m(+34ms)[22m 
[2m11:27:23[22m   [34m├─[39m [2m/exams/missouri-cosmetology-license/index.html[22m [2m(+41ms)[22m 
[2m11:27:23[22m   [34m├─[39m [2m/exams/montana-cosmetology-license/index.html[22m [2m(+37ms)[22m 
[2m11:27:23[22m   [34m├─[39m [2m/exams/nebraska-cosmetology-license/index.html[22m [2m(+35ms)[22m 
[2m11:27:23[22m   [34m├─[39m [2m/exams/nevada-cosmetology-license/index.html[22m [2m(+45ms)[22m 
[2m11:27:23[22m   [34m├─[39m [2m/exams/new-hampshire-cosmetology-license/index.html[22m [2m(+36ms)[22m 
[2m11:27:23[22m   [34m├─[39m [2m/exams/new-jersey-cosmetology-license/index.html[22m [2m(+35ms)[22m 
[2m11:27:23[22m   [34m├─[39m [2m/exams/new-mexico-cosmetology-license/index.html[22m [2m(+34ms)[22m 
[2m11:27:23[22m   [34m├─[39m [2m/exams/new-york-cosmetology-license/index.html[22m [2m(+34ms)[22m 
[2m11:27:23[22m   [34m├─[39m [2m/exams/north-carolina-cosmetology-license/index.html[22m [2m(+34ms)[22m 
[2m11:27:23[22m   [34m├─[39m [2m/exams/north-dakota-cosmetology-license/index.html[22m [2m(+34ms)[22m 
[2m11:27:23[22m   [34m├─[39m [2m/exams/ohio-cosmetology-license/index.html[22m [2m(+34ms)[22m 
[2m11:27:23[22m   [34m├─[39m [2m/exams/oklahoma-cosmetology-license/index.html[22m [2m(+33ms)[22m 
[2m11:27:23[22m   [34m├─[39m [2m/exams/oregon-cosmetology-license/index.html[22m [2m(+34ms)[22m 
[2m11:27:23[22m   [34m├─[39m [2m/exams/pennsylvania-cosmetology-license/index.html[22m [2m(+42ms)[22m 
[2m11:27:23[22m   [34m├─[39m [2m/exams/rhode-island-cosmetology-license/index.html[22m [2m(+36ms)[22m 
[2m11:27:23[22m   [34m├─[39m [2m/exams/south-carolina-cosmetology-license/index.html[22m [2m(+35ms)[22m 
[2m11:27:23[22m   [34m├─[39m [2m/exams/south-dakota-cosmetology-license/index.html[22m [2m(+38ms)[22m 
[2m11:27:23[22m   [34m├─[39m [2m/exams/tennessee-cosmetology-license/index.html[22m [2m(+33ms)[22m 
[2m11:27:23[22m   [34m├─[39m [2m/exams/texas-cosmetology-license/index.html[22m [2m(+33ms)[22m 
[2m11:27:23[22m   [34m├─[39m [2m/exams/utah-cosmetology-license/index.html[22m [2m(+43ms)[22m 
[2m11:27:23[22m   [34m├─[39m [2m/exams/vermont-cosmetology-license/index.html[22m [2m(+35ms)[22m 
[2m11:27:23[22m   [34m├─[39m [2m/exams/virginia-cosmetology-license/index.html[22m [2m(+35ms)[22m 
[2m11:27:24[22m   [34m├─[39m [2m/exams/washington-cosmetology-license/index.html[22m [2m(+34ms)[22m 
[2m11:27:24[22m   [34m├─[39m [2m/exams/west-virginia-cosmetology-license/index.html[22m [2m(+36ms)[22m 
[2m11:27:24[22m   [34m├─[39m [2m/exams/wisconsin-cosmetology-license/index.html[22m [2m(+38ms)[22m 
[2m11:27:24[22m   [34m├─[39m [2m/exams/wyoming-cosmetology-license/index.html[22m [2m(+38ms)[22m 
[2m11:27:24[22m   [34m├─[39m [2m/exams/alabama-barber-license/index.html[22m [2m(+40ms)[22m 
[2m11:27:24[22m   [34m├─[39m [2m/exams/alaska-barber-license/index.html[22m [2m(+45ms)[22m 
[2m11:27:24[22m   [34m├─[39m [2m/exams/arizona-barber-license/index.html[22m [2m(+39ms)[22m 
[2m11:27:24[22m   [34m├─[39m [2m/exams/arkansas-barber-license/index.html[22m [2m(+37ms)[22m 
[2m11:27:24[22m   [34m├─[39m [2m/exams/california-barber-license/index.html[22m [2m(+39ms)[22m 
[2m11:27:24[22m   [34m├─[39m [2m/exams/colorado-barber-license/index.html[22m [2m(+34ms)[22m 
[2m11:27:24[22m   [34m├─[39m [2m/exams/connecticut-barber-license/index.html[22m [2m(+38ms)[22m 
[2m11:27:24[22m   [34m├─[39m [2m/exams/delaware-barber-license/index.html[22m [2m(+39ms)[22m 
[2m11:27:24[22m   [34m├─[39m [2m/exams/district-of-columbia-barber-license/index.html[22m [2m(+40ms)[22m 
[2m11:27:24[22m   [34m├─[39m [2m/exams/florida-barber-license/index.html[22m [2m(+37ms)[22m 
[2m11:27:24[22m   [34m├─[39m [2m/exams/georgia-barber-license/index.html[22m [2m(+39ms)[22m 
[2m11:27:24[22m   [34m├─[39m [2m/exams/hawaii-barber-license/index.html[22m [2m(+35ms)[22m 
[2m11:27:24[22m   [34m├─[39m [2m/exams/idaho-barber-license/index.html[22m [2m(+35ms)[22m 
[2m11:27:24[22m   [34m├─[39m [2m/exams/illinois-barber-license/index.html[22m [2m(+38ms)[22m 
[2m11:27:24[22m   [34m├─[39m [2m/exams/indiana-barber-license/index.html[22m [2m(+36ms)[22m 
[2m11:27:24[22m   [34m├─[39m [2m/exams/iowa-barber-license/index.html[22m [2m(+35ms)[22m 
[2m11:27:24[22m   [34m├─[39m [2m/exams/kansas-barber-license/index.html[22m [2m(+34ms)[22m 
[2m11:27:24[22m   [34m├─[39m [2m/exams/kentucky-barber-license/index.html[22m [2m(+46ms)[22m 
[2m11:27:24[22m   [34m├─[39m [2m/exams/louisiana-barber-license/index.html[22m [2m(+38ms)[22m 
[2m11:27:24[22m   [34m├─[39m [2m/exams/maine-barber-license/index.html[22m [2m(+35ms)[22m 
[2m11:27:24[22m   [34m├─[39m [2m/exams/maryland-barber-license/index.html[22m [2m(+38ms)[22m 
[2m11:27:24[22m   [34m├─[39m [2m/exams/massachusetts-barber-license/index.html[22m [2m(+35ms)[22m 
[2m11:27:25[22m   [34m├─[39m [2m/exams/michigan-barber-license/index.html[22m [2m(+34ms)[22m 
[2m11:27:25[22m   [34m├─[39m [2m/exams/minnesota-barber-license/index.html[22m [2m(+38ms)[22m 
[2m11:27:25[22m   [34m├─[39m [2m/exams/mississippi-barber-license/index.html[22m [2m(+35ms)[22m 
[2m11:27:25[22m   [34m├─[39m [2m/exams/missouri-barber-license/index.html[22m [2m(+41ms)[22m 
[2m11:27:25[22m   [34m├─[39m [2m/exams/montana-barber-license/index.html[22m [2m(+41ms)[22m 
[2m11:27:25[22m   [34m├─[39m [2m/exams/nebraska-barber-license/index.html[22m [2m(+51ms)[22m 
[2m11:27:25[22m   [34m├─[39m [2m/exams/nevada-barber-license/index.html[22m [2m(+34ms)[22m 
[2m11:27:25[22m   [34m├─[39m [2m/exams/new-hampshire-barber-license/index.html[22m [2m(+34ms)[22m 
[2m11:27:25[22m   [34m├─[39m [2m/exams/new-jersey-barber-license/index.html[22m [2m(+35ms)[22m 
[2m11:27:25[22m   [34m├─[39m [2m/exams/new-mexico-barber-license/index.html[22m [2m(+37ms)[22m 
[2m11:27:25[22m   [34m├─[39m [2m/exams/new-york-barber-license/index.html[22m [2m(+40ms)[22m 
[2m11:27:25[22m   [34m├─[39m [2m/exams/north-carolina-barber-license/index.html[22m [2m(+34ms)[22m 
[2m11:27:25[22m   [34m├─[39m [2m/exams/north-dakota-barber-license/index.html[22m [2m(+39ms)[22m 
[2m11:27:25[22m   [34m├─[39m [2m/exams/ohio-barber-license/index.html[22m [2m(+34ms)[22m 
[2m11:27:25[22m   [34m├─[39m [2m/exams/oklahoma-barber-license/index.html[22m [2m(+35ms)[22m 
[2m11:27:25[22m   [34m├─[39m [2m/exams/oregon-barber-license/index.html[22m [2m(+35ms)[22m 
[2m11:27:25[22m   [34m├─[39m [2m/exams/pennsylvania-barber-license/index.html[22m [2m(+36ms)[22m 
[2m11:27:25[22m   [34m├─[39m [2m/exams/rhode-island-barber-license/index.html[22m [2m(+34ms)[22m 
[2m11:27:25[22m   [34m├─[39m [2m/exams/south-carolina-barber-license/index.html[22m [2m(+39ms)[22m 
[2m11:27:25[22m   [34m├─[39m [2m/exams/south-dakota-barber-license/index.html[22m [2m(+43ms)[22m 
[2m11:27:25[22m   [34m├─[39m [2m/exams/tennessee-barber-license/index.html[22m [2m(+37ms)[22m 
[2m11:27:25[22m   [34m├─[39m [2m/exams/texas-barber-license/index.html[22m [2m(+36ms)[22m 
[2m11:27:25[22m   [34m├─[39m [2m/exams/utah-barber-license/index.html[22m [2m(+37ms)[22m 
[2m11:27:25[22m   [34m├─[39m [2m/exams/vermont-barber-license/index.html[22m [2m(+36ms)[22m 
[2m11:27:25[22m   [34m├─[39m [2m/exams/virginia-barber-license/index.html[22m [2m(+33ms)[22m 
[2m11:27:25[22m   [34m├─[39m [2m/exams/washington-barber-license/index.html[22m [2m(+38ms)[22m 
[2m11:27:25[22m   [34m├─[39m [2m/exams/west-virginia-barber-license/index.html[22m [2m(+36ms)[22m 
[2m11:27:26[22m   [34m├─[39m [2m/exams/wisconsin-barber-license/index.html[22m [2m(+35ms)[22m 
[2m11:27:26[22m   [34m├─[39m [2m/exams/wyoming-barber-license/index.html[22m [2m(+35ms)[22m 
[2m11:27:26[22m   [34m├─[39m [2m/exams/alabama-esthetician-license/index.html[22m [2m(+38ms)[22m 
[2m11:27:26[22m   [34m├─[39m [2m/exams/alaska-esthetician-license/index.html[22m [2m(+36ms)[22m 
[2m11:27:26[22m   [34m├─[39m [2m/exams/arizona-esthetician-license/index.html[22m [2m(+36ms)[22m 
[2m11:27:26[22m   [34m├─[39m [2m/exams/arkansas-esthetician-license/index.html[22m [2m(+36ms)[22m 
[2m11:27:26[22m   [34m├─[39m [2m/exams/california-esthetician-license/index.html[22m [2m(+42ms)[22m 
[2m11:27:26[22m   [34m├─[39m [2m/exams/colorado-esthetician-license/index.html[22m [2m(+40ms)[22m 
[2m11:27:26[22m   [34m├─[39m [2m/exams/connecticut-esthetician-license/index.html[22m [2m(+36ms)[22m 
[2m11:27:26[22m   [34m├─[39m [2m/exams/delaware-esthetician-license/index.html[22m [2m(+34ms)[22m 
[2m11:27:26[22m   [34m├─[39m [2m/exams/district-of-columbia-esthetician-license/index.html[22m [2m(+38ms)[22m 
[2m11:27:26[22m   [34m├─[39m [2m/exams/florida-esthetician-license/index.html[22m [2m(+34ms)[22m 
[2m11:27:26[22m   [34m├─[39m [2m/exams/georgia-esthetician-license/index.html[22m [2m(+34ms)[22m 
[2m11:27:26[22m   [34m├─[39m [2m/exams/hawaii-esthetician-license/index.html[22m [2m(+34ms)[22m 
[2m11:27:26[22m   [34m├─[39m [2m/exams/idaho-esthetician-license/index.html[22m [2m(+41ms)[22m 
[2m11:27:26[22m   [34m├─[39m [2m/exams/illinois-esthetician-license/index.html[22m [2m(+40ms)[22m 
[2m11:27:26[22m   [34m├─[39m [2m/exams/indiana-esthetician-license/index.html[22m [2m(+36ms)[22m 
[2m11:27:26[22m   [34m├─[39m [2m/exams/iowa-esthetician-license/index.html[22m [2m(+39ms)[22m 
[2m11:27:26[22m   [34m├─[39m [2m/exams/kansas-esthetician-license/index.html[22m [2m(+36ms)[22m 
[2m11:27:26[22m   [34m├─[39m [2m/exams/kentucky-esthetician-license/index.html[22m [2m(+39ms)[22m 
[2m11:27:26[22m   [34m├─[39m [2m/exams/louisiana-esthetician-license/index.html[22m [2m(+36ms)[22m 
[2m11:27:26[22m   [34m├─[39m [2m/exams/maine-esthetician-license/index.html[22m [2m(+36ms)[22m 
[2m11:27:26[22m   [34m├─[39m [2m/exams/maryland-esthetician-license/index.html[22m [2m(+44ms)[22m 
[2m11:27:26[22m   [34m├─[39m [2m/exams/massachusetts-esthetician-license/index.html[22m [2m(+36ms)[22m 
[2m11:27:26[22m   [34m├─[39m [2m/exams/michigan-esthetician-license/index.html[22m [2m(+37ms)[22m 
[2m11:27:26[22m   [34m├─[39m [2m/exams/minnesota-esthetician-license/index.html[22m [2m(+62ms)[22m 
[2m11:27:27[22m   [34m├─[39m [2m/exams/mississippi-esthetician-license/index.html[22m [2m(+34ms)[22m 
[2m11:27:27[22m   [34m├─[39m [2m/exams/missouri-esthetician-license/index.html[22m [2m(+39ms)[22m 
[2m11:27:27[22m   [34m├─[39m [2m/exams/montana-esthetician-license/index.html[22m [2m(+36ms)[22m 
[2m11:27:27[22m   [34m├─[39m [2m/exams/nebraska-esthetician-license/index.html[22m [2m(+33ms)[22m 
[2m11:27:27[22m   [34m├─[39m [2m/exams/nevada-esthetician-license/index.html[22m [2m(+40ms)[22m 
[2m11:27:27[22m   [34m├─[39m [2m/exams/new-hampshire-esthetician-license/index.html[22m [2m(+33ms)[22m 
[2m11:27:27[22m   [34m├─[39m [2m/exams/new-jersey-esthetician-license/index.html[22m [2m(+34ms)[22m 
[2m11:27:27[22m   [34m├─[39m [2m/exams/new-mexico-esthetician-license/index.html[22m [2m(+38ms)[22m 
[2m11:27:27[22m   [34m├─[39m [2m/exams/new-york-esthetician-license/index.html[22m [2m(+33ms)[22m 
[2m11:27:27[22m   [34m├─[39m [2m/exams/north-carolina-esthetician-license/index.html[22m [2m(+39ms)[22m 
[2m11:27:27[22m   [34m├─[39m [2m/exams/north-dakota-esthetician-license/index.html[22m [2m(+33ms)[22m 
[2m11:27:27[22m   [34m├─[39m [2m/exams/ohio-esthetician-license/index.html[22m [2m(+35ms)[22m 
[2m11:27:27[22m   [34m├─[39m [2m/exams/oklahoma-esthetician-license/index.html[22m [2m(+38ms)[22m 
[2m11:27:27[22m   [34m├─[39m [2m/exams/oregon-esthetician-license/index.html[22m [2m(+33ms)[22m 
[2m11:27:27[22m   [34m├─[39m [2m/exams/pennsylvania-esthetician-license/index.html[22m [2m(+33ms)[22m 
[2m11:27:27[22m   [34m├─[39m [2m/exams/rhode-island-esthetician-license/index.html[22m [2m(+44ms)[22m 
[2m11:27:27[22m   [34m├─[39m [2m/exams/south-carolina-esthetician-license/index.html[22m [2m(+36ms)[22m 
[2m11:27:27[22m   [34m├─[39m [2m/exams/south-dakota-esthetician-license/index.html[22m [2m(+39ms)[22m 
[2m11:27:27[22m   [34m├─[39m [2m/exams/tennessee-esthetician-license/index.html[22m [2m(+42ms)[22m 
[2m11:27:27[22m   [34m├─[39m [2m/exams/texas-esthetician-license/index.html[22m [2m(+41ms)[22m 
[2m11:27:27[22m   [34m├─[39m [2m/exams/utah-esthetician-license/index.html[22m [2m(+40ms)[22m 
[2m11:27:27[22m   [34m├─[39m [2m/exams/vermont-esthetician-license/index.html[22m [2m(+36ms)[22m 
[2m11:27:27[22m   [34m├─[39m [2m/exams/virginia-esthetician-license/index.html[22m [2m(+46ms)[22m 
[2m11:27:27[22m   [34m├─[39m [2m/exams/washington-esthetician-license/index.html[22m [2m(+48ms)[22m 
[2m11:27:27[22m   [34m├─[39m [2m/exams/west-virginia-esthetician-license/index.html[22m [2m(+33ms)[22m 
[2m11:27:27[22m   [34m├─[39m [2m/exams/wisconsin-esthetician-license/index.html[22m [2m(+40ms)[22m 
[2m11:27:27[22m   [34m├─[39m [2m/exams/wyoming-esthetician-license/index.html[22m [2m(+39ms)[22m 
[2m11:27:28[22m   [34m├─[39m [2m/exams/alabama-nail-technician-license/index.html[22m [2m(+42ms)[22m 
[2m11:27:28[22m   [34m├─[39m [2m/exams/alaska-nail-technician-license/index.html[22m [2m(+35ms)[22m 
[2m11:27:28[22m   [34m├─[39m [2m/exams/arizona-nail-technician-license/index.html[22m [2m(+35ms)[22m 
[2m11:27:28[22m   [34m├─[39m [2m/exams/arkansas-nail-technician-license/index.html[22m [2m(+45ms)[22m 
[2m11:27:28[22m   [34m├─[39m [2m/exams/california-nail-technician-license/index.html[22m [2m(+40ms)[22m 
[2m11:27:28[22m   [34m├─[39m [2m/exams/colorado-nail-technician-license/index.html[22m [2m(+36ms)[22m 
[2m11:27:28[22m   [34m├─[39m [2m/exams/connecticut-nail-technician-license/index.html[22m [2m(+43ms)[22m 
[2m11:27:28[22m   [34m├─[39m [2m/exams/delaware-nail-technician-license/index.html[22m [2m(+41ms)[22m 
[2m11:27:28[22m   [34m├─[39m [2m/exams/district-of-columbia-nail-technician-license/index.html[22m [2m(+39ms)[22m 
[2m11:27:28[22m   [34m├─[39m [2m/exams/florida-nail-technician-license/index.html[22m [2m(+36ms)[22m 
[2m11:27:28[22m   [34m├─[39m [2m/exams/georgia-nail-technician-license/index.html[22m [2m(+35ms)[22m 
[2m11:27:28[22m   [34m├─[39m [2m/exams/hawaii-nail-technician-license/index.html[22m [2m(+33ms)[22m 
[2m11:27:28[22m   [34m├─[39m [2m/exams/idaho-nail-technician-license/index.html[22m [2m(+36ms)[22m 
[2m11:27:28[22m   [34m├─[39m [2m/exams/illinois-nail-technician-license/index.html[22m [2m(+41ms)[22m 
[2m11:27:28[22m   [34m├─[39m [2m/exams/indiana-nail-technician-license/index.html[22m [2m(+34ms)[22m 
[2m11:27:28[22m   [34m├─[39m [2m/exams/iowa-nail-technician-license/index.html[22m [2m(+35ms)[22m 
[2m11:27:28[22m   [34m├─[39m [2m/exams/kansas-nail-technician-license/index.html[22m [2m(+36ms)[22m 
[2m11:27:28[22m   [34m├─[39m [2m/exams/kentucky-nail-technician-license/index.html[22m [2m(+38ms)[22m 
[2m11:27:28[22m   [34m├─[39m [2m/exams/louisiana-nail-technician-license/index.html[22m [2m(+43ms)[22m 
[2m11:27:28[22m   [34m├─[39m [2m/exams/maine-nail-technician-license/index.html[22m [2m(+32ms)[22m 
[2m11:27:28[22m   [34m├─[39m [2m/exams/maryland-nail-technician-license/index.html[22m [2m(+35ms)[22m 
[2m11:27:28[22m   [34m├─[39m [2m/exams/massachusetts-nail-technician-license/index.html[22m [2m(+33ms)[22m 
[2m11:27:28[22m   [34m├─[39m [2m/exams/michigan-nail-technician-license/index.html[22m [2m(+38ms)[22m 
[2m11:27:28[22m   [34m├─[39m [2m/exams/minnesota-nail-technician-license/index.html[22m [2m(+34ms)[22m 
[2m11:27:28[22m   [34m├─[39m [2m/exams/mississippi-nail-technician-license/index.html[22m [2m(+39ms)[22m 
[2m11:27:28[22m   [34m├─[39m [2m/exams/missouri-nail-technician-license/index.html[22m [2m(+44ms)[22m 
[2m11:27:28[22m   [34m├─[39m [2m/exams/montana-nail-technician-license/index.html[22m [2m(+53ms)[22m 
[2m11:27:29[22m   [34m├─[39m [2m/exams/nebraska-nail-technician-license/index.html[22m [2m(+49ms)[22m 
[2m11:27:29[22m   [34m├─[39m [2m/exams/nevada-nail-technician-license/index.html[22m [2m(+48ms)[22m 
[2m11:27:29[22m   [34m├─[39m [2m/exams/new-hampshire-nail-technician-license/index.html[22m [2m(+39ms)[22m 
[2m11:27:29[22m   [34m├─[39m [2m/exams/new-jersey-nail-technician-license/index.html[22m [2m(+37ms)[22m 
[2m11:27:29[22m   [34m├─[39m [2m/exams/new-mexico-nail-technician-license/index.html[22m [2m(+42ms)[22m 
[2m11:27:29[22m   [34m├─[39m [2m/exams/new-york-nail-technician-license/index.html[22m [2m(+44ms)[22m 
[2m11:27:29[22m   [34m├─[39m [2m/exams/north-carolina-nail-technician-license/index.html[22m [2m(+42ms)[22m 
[2m11:27:29[22m   [34m├─[39m [2m/exams/north-dakota-nail-technician-license/index.html[22m [2m(+34ms)[22m 
[2m11:27:29[22m   [34m├─[39m [2m/exams/ohio-nail-technician-license/index.html[22m [2m(+36ms)[22m 
[2m11:27:29[22m   [34m├─[39m [2m/exams/oklahoma-nail-technician-license/index.html[22m [2m(+52ms)[22m 
[2m11:27:29[22m   [34m├─[39m [2m/exams/oregon-nail-technician-license/index.html[22m [2m(+45ms)[22m 
[2m11:27:29[22m   [34m├─[39m [2m/exams/pennsylvania-nail-technician-license/index.html[22m [2m(+37ms)[22m 
[2m11:27:29[22m   [34m├─[39m [2m/exams/rhode-island-nail-technician-license/index.html[22m [2m(+41ms)[22m 
[2m11:27:29[22m   [34m├─[39m [2m/exams/south-carolina-nail-technician-license/index.html[22m [2m(+40ms)[22m 
[2m11:27:29[22m   [34m├─[39m [2m/exams/south-dakota-nail-technician-license/index.html[22m [2m(+35ms)[22m 
[2m11:27:29[22m   [34m├─[39m [2m/exams/tennessee-nail-technician-license/index.html[22m [2m(+36ms)[22m 
[2m11:27:29[22m   [34m├─[39m [2m/exams/texas-nail-technician-license/index.html[22m [2m(+36ms)[22m 
[2m11:27:29[22m   [34m├─[39m [2m/exams/utah-nail-technician-license/index.html[22m [2m(+36ms)[22m 
[2m11:27:29[22m   [34m├─[39m [2m/exams/vermont-nail-technician-license/index.html[22m [2m(+39ms)[22m 
[2m11:27:29[22m   [34m├─[39m [2m/exams/virginia-nail-technician-license/index.html[22m [2m(+40ms)[22m 
[2m11:27:29[22m   [34m├─[39m [2m/exams/washington-nail-technician-license/index.html[22m [2m(+38ms)[22m 
[2m11:27:29[22m   [34m├─[39m [2m/exams/west-virginia-nail-technician-license/index.html[22m [2m(+46ms)[22m 
[2m11:27:29[22m   [34m├─[39m [2m/exams/wisconsin-nail-technician-license/index.html[22m [2m(+37ms)[22m 
[2m11:27:29[22m   [34m├─[39m [2m/exams/wyoming-nail-technician-license/index.html[22m [2m(+42ms)[22m 
[2m11:27:30[22m   [34m├─[39m [2m/exams/alabama-cosmetology-instructor-license/index.html[22m [2m(+41ms)[22m 
[2m11:27:30[22m   [34m├─[39m [2m/exams/alaska-cosmetology-instructor-license/index.html[22m [2m(+39ms)[22m 
[2m11:27:30[22m   [34m├─[39m [2m/exams/arizona-cosmetology-instructor-license/index.html[22m [2m(+37ms)[22m 
[2m11:27:30[22m   [34m├─[39m [2m/exams/arkansas-cosmetology-instructor-license/index.html[22m [2m(+68ms)[22m 
[2m11:27:30[22m   [34m├─[39m [2m/exams/california-cosmetology-instructor-license/index.html[22m [2m(+47ms)[22m 
[2m11:27:30[22m   [34m├─[39m [2m/exams/colorado-cosmetology-instructor-license/index.html[22m [2m(+35ms)[22m 
[2m11:27:30[22m   [34m├─[39m [2m/exams/connecticut-cosmetology-instructor-license/index.html[22m [2m(+34ms)[22m 
[2m11:27:30[22m   [34m├─[39m [2m/exams/delaware-cosmetology-instructor-license/index.html[22m [2m(+34ms)[22m 
[2m11:27:30[22m   [34m├─[39m [2m/exams/district-of-columbia-cosmetology-instructor-license/index.html[22m [2m(+34ms)[22m 
[2m11:27:30[22m   [34m├─[39m [2m/exams/florida-cosmetology-instructor-license/index.html[22m [2m(+35ms)[22m 
[2m11:27:30[22m   [34m├─[39m [2m/exams/georgia-cosmetology-instructor-license/index.html[22m [2m(+38ms)[22m 
[2m11:27:30[22m   [34m├─[39m [2m/exams/hawaii-cosmetology-instructor-license/index.html[22m [2m(+41ms)[22m 
[2m11:27:30[22m   [34m├─[39m [2m/exams/idaho-cosmetology-instructor-license/index.html[22m [2m(+41ms)[22m 
[2m11:27:30[22m   [34m├─[39m [2m/exams/illinois-cosmetology-instructor-license/index.html[22m [2m(+39ms)[22m 
[2m11:27:30[22m   [34m├─[39m [2m/exams/indiana-cosmetology-instructor-license/index.html[22m [2m(+41ms)[22m 
[2m11:27:30[22m   [34m├─[39m [2m/exams/iowa-cosmetology-instructor-license/index.html[22m [2m(+33ms)[22m 
[2m11:27:30[22m   [34m├─[39m [2m/exams/kansas-cosmetology-instructor-license/index.html[22m [2m(+39ms)[22m 
[2m11:27:30[22m   [34m├─[39m [2m/exams/kentucky-cosmetology-instructor-license/index.html[22m [2m(+40ms)[22m 
[2m11:27:30[22m   [34m├─[39m [2m/exams/louisiana-cosmetology-instructor-license/index.html[22m [2m(+35ms)[22m 
[2m11:27:30[22m   [34m├─[39m [2m/exams/maine-cosmetology-instructor-license/index.html[22m [2m(+36ms)[22m 
[2m11:27:30[22m   [34m├─[39m [2m/exams/maryland-cosmetology-instructor-license/index.html[22m [2m(+35ms)[22m 
[2m11:27:30[22m   [34m├─[39m [2m/exams/massachusetts-cosmetology-instructor-license/index.html[22m [2m(+38ms)[22m 
[2m11:27:30[22m   [34m├─[39m [2m/exams/michigan-cosmetology-instructor-license/index.html[22m [2m(+33ms)[22m 
[2m11:27:30[22m   [34m├─[39m [2m/exams/minnesota-cosmetology-instructor-license/index.html[22m [2m(+32ms)[22m 
[2m11:27:30[22m   [34m├─[39m [2m/exams/mississippi-cosmetology-instructor-license/index.html[22m [2m(+35ms)[22m 
[2m11:27:30[22m   [34m├─[39m [2m/exams/missouri-cosmetology-instructor-license/index.html[22m [2m(+39ms)[22m 
[2m11:27:31[22m   [34m├─[39m [2m/exams/montana-cosmetology-instructor-license/index.html[22m [2m(+32ms)[22m 
[2m11:27:31[22m   [34m├─[39m [2m/exams/nebraska-cosmetology-instructor-license/index.html[22m [2m(+34ms)[22m 
[2m11:27:31[22m   [34m├─[39m [2m/exams/nevada-cosmetology-instructor-license/index.html[22m [2m(+38ms)[22m 
[2m11:27:31[22m   [34m├─[39m [2m/exams/new-hampshire-cosmetology-instructor-license/index.html[22m [2m(+38ms)[22m 
[2m11:27:31[22m   [34m├─[39m [2m/exams/new-jersey-cosmetology-instructor-license/index.html[22m [2m(+39ms)[22m 
[2m11:27:31[22m   [34m├─[39m [2m/exams/new-mexico-cosmetology-instructor-license/index.html[22m [2m(+36ms)[22m 
[2m11:27:31[22m   [34m├─[39m [2m/exams/new-york-cosmetology-instructor-license/index.html[22m [2m(+47ms)[22m 
[2m11:27:31[22m   [34m├─[39m [2m/exams/north-carolina-cosmetology-instructor-license/index.html[22m [2m(+36ms)[22m 
[2m11:27:31[22m   [34m├─[39m [2m/exams/north-dakota-cosmetology-instructor-license/index.html[22m [2m(+36ms)[22m 
[2m11:27:31[22m   [34m├─[39m [2m/exams/ohio-cosmetology-instructor-license/index.html[22m [2m(+37ms)[22m 
[2m11:27:31[22m   [34m├─[39m [2m/exams/oklahoma-cosmetology-instructor-license/index.html[22m [2m(+40ms)[22m 
[2m11:27:31[22m   [34m├─[39m [2m/exams/oregon-cosmetology-instructor-license/index.html[22m [2m(+37ms)[22m 
[2m11:27:31[22m   [34m├─[39m [2m/exams/pennsylvania-cosmetology-instructor-license/index.html[22m [2m(+36ms)[22m 
[2m11:27:31[22m   [34m├─[39m [2m/exams/rhode-island-cosmetology-instructor-license/index.html[22m [2m(+44ms)[22m 
[2m11:27:31[22m   [34m├─[39m [2m/exams/south-carolina-cosmetology-instructor-license/index.html[22m [2m(+35ms)[22m 
[2m11:27:31[22m   [34m├─[39m [2m/exams/south-dakota-cosmetology-instructor-license/index.html[22m [2m(+38ms)[22m 
[2m11:27:31[22m   [34m├─[39m [2m/exams/tennessee-cosmetology-instructor-license/index.html[22m [2m(+35ms)[22m 
[2m11:27:31[22m   [34m├─[39m [2m/exams/texas-cosmetology-instructor-license/index.html[22m [2m(+35ms)[22m 
[2m11:27:31[22m   [34m├─[39m [2m/exams/utah-cosmetology-instructor-license/index.html[22m [2m(+40ms)[22m 
[2m11:27:31[22m   [34m├─[39m [2m/exams/vermont-cosmetology-instructor-license/index.html[22m [2m(+34ms)[22m 
[2m11:27:31[22m   [34m├─[39m [2m/exams/virginia-cosmetology-instructor-license/index.html[22m [2m(+33ms)[22m 
[2m11:27:31[22m   [34m├─[39m [2m/exams/washington-cosmetology-instructor-license/index.html[22m [2m(+35ms)[22m 
[2m11:27:31[22m   [34m├─[39m [2m/exams/west-virginia-cosmetology-instructor-license/index.html[22m [2m(+36ms)[22m 
[2m11:27:31[22m   [34m├─[39m [2m/exams/wisconsin-cosmetology-instructor-license/index.html[22m [2m(+35ms)[22m 
[2m11:27:31[22m   [34m├─[39m [2m/exams/wyoming-cosmetology-instructor-license/index.html[22m [2m(+37ms)[22m 
[2m11:27:31[22m   [34m├─[39m [2m/exams/alabama-massage-therapy-license/index.html[22m [2m(+34ms)[22m 
[2m11:27:31[22m   [34m├─[39m [2m/exams/alaska-massage-therapy-license/index.html[22m [2m(+34ms)[22m 
[2m11:27:32[22m   [34m├─[39m [2m/exams/arizona-massage-therapy-license/index.html[22m [2m(+39ms)[22m 
[2m11:27:32[22m   [34m├─[39m [2m/exams/arkansas-massage-therapy-license/index.html[22m [2m(+38ms)[22m 
[2m11:27:32[22m   [34m├─[39m [2m/exams/california-massage-therapy-license/index.html[22m [2m(+37ms)[22m 
[2m11:27:32[22m   [34m├─[39m [2m/exams/colorado-massage-therapy-license/index.html[22m [2m(+36ms)[22m 
[2m11:27:32[22m   [34m├─[39m [2m/exams/connecticut-massage-therapy-license/index.html[22m [2m(+36ms)[22m 
[2m11:27:32[22m   [34m├─[39m [2m/exams/delaware-massage-therapy-license/index.html[22m [2m(+37ms)[22m 
[2m11:27:32[22m   [34m├─[39m [2m/exams/district-of-columbia-massage-therapy-license/index.html[22m [2m(+36ms)[22m 
[2m11:27:32[22m   [34m├─[39m [2m/exams/florida-massage-therapy-license/index.html[22m [2m(+36ms)[22m 
[2m11:27:32[22m   [34m├─[39m [2m/exams/georgia-massage-therapy-license/index.html[22m [2m(+35ms)[22m 
[2m11:27:32[22m   [34m├─[39m [2m/exams/hawaii-massage-therapy-license/index.html[22m [2m(+37ms)[22m 
[2m11:27:32[22m   [34m├─[39m [2m/exams/idaho-massage-therapy-license/index.html[22m [2m(+36ms)[22m 
[2m11:27:32[22m   [34m├─[39m [2m/exams/illinois-massage-therapy-license/index.html[22m [2m(+35ms)[22m 
[2m11:27:32[22m   [34m├─[39m [2m/exams/indiana-massage-therapy-license/index.html[22m [2m(+35ms)[22m 
[2m11:27:32[22m   [34m├─[39m [2m/exams/iowa-massage-therapy-license/index.html[22m [2m(+38ms)[22m 
[2m11:27:32[22m   [34m├─[39m [2m/exams/kansas-massage-therapy-license/index.html[22m [2m(+37ms)[22m 
[2m11:27:32[22m   [34m├─[39m [2m/exams/kentucky-massage-therapy-license/index.html[22m [2m(+35ms)[22m 
[2m11:27:32[22m   [34m├─[39m [2m/exams/louisiana-massage-therapy-license/index.html[22m [2m(+41ms)[22m 
[2m11:27:32[22m   [34m├─[39m [2m/exams/maine-massage-therapy-license/index.html[22m [2m(+35ms)[22m 
[2m11:27:32[22m   [34m├─[39m [2m/exams/maryland-massage-therapy-license/index.html[22m [2m(+38ms)[22m 
[2m11:27:32[22m   [34m├─[39m [2m/exams/massachusetts-massage-therapy-license/index.html[22m [2m(+40ms)[22m 
[2m11:27:32[22m   [34m├─[39m [2m/exams/michigan-massage-therapy-license/index.html[22m [2m(+36ms)[22m 
[2m11:27:32[22m   [34m├─[39m [2m/exams/minnesota-massage-therapy-license/index.html[22m [2m(+40ms)[22m 
[2m11:27:32[22m   [34m├─[39m [2m/exams/mississippi-massage-therapy-license/index.html[22m [2m(+43ms)[22m 
[2m11:27:32[22m   [34m├─[39m [2m/exams/missouri-massage-therapy-license/index.html[22m [2m(+32ms)[22m 
[2m11:27:32[22m   [34m├─[39m [2m/exams/montana-massage-therapy-license/index.html[22m [2m(+33ms)[22m 
[2m11:27:32[22m   [34m├─[39m [2m/exams/nebraska-massage-therapy-license/index.html[22m [2m(+36ms)[22m 
[2m11:27:32[22m   [34m├─[39m [2m/exams/nevada-massage-therapy-license/index.html[22m [2m(+37ms)[22m 
[2m11:27:33[22m   [34m├─[39m [2m/exams/new-hampshire-massage-therapy-license/index.html[22m [2m(+33ms)[22m 
[2m11:27:33[22m   [34m├─[39m [2m/exams/new-jersey-massage-therapy-license/index.html[22m [2m(+33ms)[22m 
[2m11:27:33[22m   [34m├─[39m [2m/exams/new-mexico-massage-therapy-license/index.html[22m [2m(+40ms)[22m 
[2m11:27:33[22m   [34m├─[39m [2m/exams/new-york-massage-therapy-license/index.html[22m [2m(+34ms)[22m 
[2m11:27:33[22m   [34m├─[39m [2m/exams/north-carolina-massage-therapy-license/index.html[22m [2m(+34ms)[22m 
[2m11:27:33[22m   [34m├─[39m [2m/exams/north-dakota-massage-therapy-license/index.html[22m [2m(+33ms)[22m 
[2m11:27:33[22m   [34m├─[39m [2m/exams/ohio-massage-therapy-license/index.html[22m [2m(+41ms)[22m 
[2m11:27:33[22m   [34m├─[39m [2m/exams/oklahoma-massage-therapy-license/index.html[22m [2m(+35ms)[22m 
[2m11:27:33[22m   [34m├─[39m [2m/exams/oregon-massage-therapy-license/index.html[22m [2m(+39ms)[22m 
[2m11:27:33[22m   [34m├─[39m [2m/exams/pennsylvania-massage-therapy-license/index.html[22m [2m(+35ms)[22m 
[2m11:27:33[22m   [34m├─[39m [2m/exams/rhode-island-massage-therapy-license/index.html[22m [2m(+38ms)[22m 
[2m11:27:33[22m   [34m├─[39m [2m/exams/south-carolina-massage-therapy-license/index.html[22m [2m(+36ms)[22m 
[2m11:27:33[22m   [34m├─[39m [2m/exams/south-dakota-massage-therapy-license/index.html[22m [2m(+35ms)[22m 
[2m11:27:33[22m   [34m├─[39m [2m/exams/tennessee-massage-therapy-license/index.html[22m [2m(+36ms)[22m 
[2m11:27:33[22m   [34m├─[39m [2m/exams/texas-massage-therapy-license/index.html[22m [2m(+38ms)[22m 
[2m11:27:33[22m   [34m├─[39m [2m/exams/utah-massage-therapy-license/index.html[22m [2m(+34ms)[22m 
[2m11:27:33[22m   [34m├─[39m [2m/exams/vermont-massage-therapy-license/index.html[22m [2m(+36ms)[22m 
[2m11:27:33[22m   [34m├─[39m [2m/exams/virginia-massage-therapy-license/index.html[22m [2m(+33ms)[22m 
[2m11:27:33[22m   [34m├─[39m [2m/exams/washington-massage-therapy-license/index.html[22m [2m(+34ms)[22m 
[2m11:27:33[22m   [34m├─[39m [2m/exams/west-virginia-massage-therapy-license/index.html[22m [2m(+36ms)[22m 
[2m11:27:33[22m   [34m├─[39m [2m/exams/wisconsin-massage-therapy-license/index.html[22m [2m(+34ms)[22m 
[2m11:27:33[22m   [34m├─[39m [2m/exams/wyoming-massage-therapy-license/index.html[22m [2m(+35ms)[22m 
[2m11:27:33[22m   [34m├─[39m [2m/exams/alabama-bar-exam/index.html[22m [2m(+50ms)[22m 
[2m11:27:33[22m   [34m├─[39m [2m/exams/alaska-bar-exam/index.html[22m [2m(+47ms)[22m 
[2m11:27:33[22m   [34m├─[39m [2m/exams/arizona-bar-exam/index.html[22m [2m(+39ms)[22m 
[2m11:27:33[22m   [34m├─[39m [2m/exams/arkansas-bar-exam/index.html[22m [2m(+36ms)[22m 
[2m11:27:33[22m   [34m├─[39m [2m/exams/colorado-bar-exam/index.html[22m [2m(+35ms)[22m 
[2m11:27:33[22m   [34m├─[39m [2m/exams/connecticut-bar-exam/index.html[22m [2m(+39ms)[22m 
[2m11:27:34[22m   [34m├─[39m [2m/exams/delaware-bar-exam/index.html[22m [2m(+35ms)[22m 
[2m11:27:34[22m   [34m├─[39m [2m/exams/district-of-columbia-bar-exam/index.html[22m [2m(+37ms)[22m 
[2m11:27:34[22m   [34m├─[39m [2m/exams/florida-bar-exam/index.html[22m [2m(+47ms)[22m 
[2m11:27:34[22m   [34m├─[39m [2m/exams/georgia-bar-exam/index.html[22m [2m(+39ms)[22m 
[2m11:27:34[22m   [34m├─[39m [2m/exams/hawaii-bar-exam/index.html[22m [2m(+37ms)[22m 
[2m11:27:34[22m   [34m├─[39m [2m/exams/idaho-bar-exam/index.html[22m [2m(+36ms)[22m 
[2m11:27:34[22m   [34m├─[39m [2m/exams/illinois-bar-exam/index.html[22m [2m(+36ms)[22m 
[2m11:27:34[22m   [34m├─[39m [2m/exams/indiana-bar-exam/index.html[22m [2m(+37ms)[22m 
[2m11:27:34[22m   [34m├─[39m [2m/exams/iowa-bar-exam/index.html[22m [2m(+33ms)[22m 
[2m11:27:34[22m   [34m├─[39m [2m/exams/kansas-bar-exam/index.html[22m [2m(+38ms)[22m 
[2m11:27:34[22m   [34m├─[39m [2m/exams/kentucky-bar-exam/index.html[22m [2m(+34ms)[22m 
[2m11:27:34[22m   [34m├─[39m [2m/exams/maine-bar-exam/index.html[22m [2m(+37ms)[22m 
[2m11:27:34[22m   [34m├─[39m [2m/exams/maryland-bar-exam/index.html[22m [2m(+37ms)[22m 
[2m11:27:34[22m   [34m├─[39m [2m/exams/massachusetts-bar-exam/index.html[22m [2m(+34ms)[22m 
[2m11:27:34[22m   [34m├─[39m [2m/exams/michigan-bar-exam/index.html[22m [2m(+34ms)[22m 
[2m11:27:34[22m   [34m├─[39m [2m/exams/minnesota-bar-exam/index.html[22m [2m(+34ms)[22m 
[2m11:27:34[22m   [34m├─[39m [2m/exams/mississippi-bar-exam/index.html[22m [2m(+45ms)[22m 
[2m11:27:34[22m   [34m├─[39m [2m/exams/missouri-bar-exam/index.html[22m [2m(+41ms)[22m 
[2m11:27:34[22m   [34m├─[39m [2m/exams/montana-bar-exam/index.html[22m [2m(+43ms)[22m 
[2m11:27:34[22m   [34m├─[39m [2m/exams/nebraska-bar-exam/index.html[22m [2m(+37ms)[22m 
[2m11:27:34[22m   [34m├─[39m [2m/exams/nevada-bar-exam/index.html[22m [2m(+41ms)[22m 
[2m11:27:34[22m   [34m├─[39m [2m/exams/new-hampshire-bar-exam/index.html[22m [2m(+35ms)[22m 
[2m11:27:34[22m   [34m├─[39m [2m/exams/new-jersey-bar-exam/index.html[22m [2m(+35ms)[22m 
[2m11:27:34[22m   [34m├─[39m [2m/exams/new-mexico-bar-exam/index.html[22m [2m(+40ms)[22m 
[2m11:27:34[22m   [34m├─[39m [2m/exams/new-york-bar-exam/index.html[22m [2m(+44ms)[22m 
[2m11:27:34[22m   [34m├─[39m [2m/exams/north-carolina-bar-exam/index.html[22m [2m(+35ms)[22m 
[2m11:27:35[22m   [34m├─[39m [2m/exams/north-dakota-bar-exam/index.html[22m [2m(+34ms)[22m 
[2m11:27:35[22m   [34m├─[39m [2m/exams/ohio-bar-exam/index.html[22m [2m(+35ms)[22m 
[2m11:27:35[22m   [34m├─[39m [2m/exams/oklahoma-bar-exam/index.html[22m [2m(+34ms)[22m 
[2m11:27:35[22m   [34m├─[39m [2m/exams/oregon-bar-exam/index.html[22m [2m(+37ms)[22m 
[2m11:27:35[22m   [34m├─[39m [2m/exams/pennsylvania-bar-exam/index.html[22m [2m(+38ms)[22m 
[2m11:27:35[22m   [34m├─[39m [2m/exams/rhode-island-bar-exam/index.html[22m [2m(+38ms)[22m 
[2m11:27:35[22m   [34m├─[39m [2m/exams/south-carolina-bar-exam/index.html[22m [2m(+33ms)[22m 
[2m11:27:35[22m   [34m├─[39m [2m/exams/south-dakota-bar-exam/index.html[22m [2m(+40ms)[22m 
[2m11:27:35[22m   [34m├─[39m [2m/exams/tennessee-bar-exam/index.html[22m [2m(+44ms)[22m 
[2m11:27:35[22m   [34m├─[39m [2m/exams/texas-bar-exam/index.html[22m [2m(+47ms)[22m 
[2m11:27:35[22m   [34m├─[39m [2m/exams/utah-bar-exam/index.html[22m [2m(+35ms)[22m 
[2m11:27:35[22m   [34m├─[39m [2m/exams/vermont-bar-exam/index.html[22m [2m(+39ms)[22m 
[2m11:27:35[22m   [34m├─[39m [2m/exams/virginia-bar-exam/index.html[22m [2m(+36ms)[22m 
[2m11:27:35[22m   [34m├─[39m [2m/exams/washington-bar-exam/index.html[22m [2m(+39ms)[22m 
[2m11:27:35[22m   [34m├─[39m [2m/exams/west-virginia-bar-exam/index.html[22m [2m(+33ms)[22m 
[2m11:27:35[22m   [34m├─[39m [2m/exams/wisconsin-bar-exam/index.html[22m [2m(+36ms)[22m 
[2m11:27:35[22m   [34m├─[39m [2m/exams/wyoming-bar-exam/index.html[22m [2m(+41ms)[22m 
[2m11:27:35[22m   [34m├─[39m [2m/exams/alabama-notary-public-commission/index.html[22m [2m(+42ms)[22m 
[2m11:27:35[22m   [34m├─[39m [2m/exams/alaska-notary-public-commission/index.html[22m [2m(+39ms)[22m 
[2m11:27:35[22m   [34m├─[39m [2m/exams/arizona-notary-public-commission/index.html[22m [2m(+35ms)[22m 
[2m11:27:35[22m   [34m├─[39m [2m/exams/arkansas-notary-public-commission/index.html[22m [2m(+39ms)[22m 
[2m11:27:35[22m   [34m├─[39m [2m/exams/california-notary-public-commission/index.html[22m [2m(+34ms)[22m 
[2m11:27:35[22m   [34m├─[39m [2m/exams/colorado-notary-public-commission/index.html[22m [2m(+37ms)[22m 
[2m11:27:35[22m   [34m├─[39m [2m/exams/connecticut-notary-public-commission/index.html[22m [2m(+33ms)[22m 
[2m11:27:35[22m   [34m├─[39m [2m/exams/delaware-notary-public-commission/index.html[22m [2m(+36ms)[22m 
[2m11:27:35[22m   [34m├─[39m [2m/exams/district-of-columbia-notary-public-commission/index.html[22m [2m(+47ms)[22m 
[2m11:27:35[22m   [34m├─[39m [2m/exams/florida-notary-public-commission/index.html[22m [2m(+35ms)[22m 
[2m11:27:36[22m   [34m├─[39m [2m/exams/georgia-notary-public-commission/index.html[22m [2m(+39ms)[22m 
[2m11:27:36[22m   [34m├─[39m [2m/exams/hawaii-notary-public-commission/index.html[22m [2m(+36ms)[22m 
[2m11:27:36[22m   [34m├─[39m [2m/exams/idaho-notary-public-commission/index.html[22m [2m(+37ms)[22m 
[2m11:27:36[22m   [34m├─[39m [2m/exams/illinois-notary-public-commission/index.html[22m [2m(+38ms)[22m 
[2m11:27:36[22m   [34m├─[39m [2m/exams/indiana-notary-public-commission/index.html[22m [2m(+45ms)[22m 
[2m11:27:36[22m   [34m├─[39m [2m/exams/iowa-notary-public-commission/index.html[22m [2m(+36ms)[22m 
[2m11:27:36[22m   [34m├─[39m [2m/exams/kansas-notary-public-commission/index.html[22m [2m(+36ms)[22m 
[2m11:27:36[22m   [34m├─[39m [2m/exams/kentucky-notary-public-commission/index.html[22m [2m(+42ms)[22m 
[2m11:27:36[22m   [34m├─[39m [2m/exams/louisiana-notary-public-commission/index.html[22m [2m(+39ms)[22m 
[2m11:27:36[22m   [34m├─[39m [2m/exams/maine-notary-public-commission/index.html[22m [2m(+70ms)[22m 
[2m11:27:36[22m   [34m├─[39m [2m/exams/maryland-notary-public-commission/index.html[22m [2m(+37ms)[22m 
[2m11:27:36[22m   [34m├─[39m [2m/exams/massachusetts-notary-public-commission/index.html[22m [2m(+41ms)[22m 
[2m11:27:36[22m   [34m├─[39m [2m/exams/michigan-notary-public-commission/index.html[22m [2m(+35ms)[22m 
[2m11:27:36[22m   [34m├─[39m [2m/exams/minnesota-notary-public-commission/index.html[22m [2m(+37ms)[22m 
[2m11:27:36[22m   [34m├─[39m [2m/exams/mississippi-notary-public-commission/index.html[22m [2m(+35ms)[22m 
[2m11:27:36[22m   [34m├─[39m [2m/exams/missouri-notary-public-commission/index.html[22m [2m(+37ms)[22m 
[2m11:27:36[22m   [34m├─[39m [2m/exams/montana-notary-public-commission/index.html[22m [2m(+43ms)[22m 
[2m11:27:36[22m   [34m├─[39m [2m/exams/nebraska-notary-public-commission/index.html[22m [2m(+39ms)[22m 
[2m11:27:36[22m   [34m├─[39m [2m/exams/nevada-notary-public-commission/index.html[22m [2m(+33ms)[22m 
[2m11:27:36[22m   [34m├─[39m [2m/exams/new-hampshire-notary-public-commission/index.html[22m [2m(+37ms)[22m 
[2m11:27:36[22m   [34m├─[39m [2m/exams/new-jersey-notary-public-commission/index.html[22m [2m(+39ms)[22m 
[2m11:27:36[22m   [34m├─[39m [2m/exams/new-mexico-notary-public-commission/index.html[22m [2m(+37ms)[22m 
[2m11:27:36[22m   [34m├─[39m [2m/exams/new-york-notary-public-commission/index.html[22m [2m(+35ms)[22m 
[2m11:27:36[22m   [34m├─[39m [2m/exams/north-carolina-notary-public-commission/index.html[22m [2m(+37ms)[22m 
[2m11:27:36[22m   [34m├─[39m [2m/exams/north-dakota-notary-public-commission/index.html[22m [2m(+38ms)[22m 
[2m11:27:37[22m   [34m├─[39m [2m/exams/ohio-notary-public-commission/index.html[22m [2m(+38ms)[22m 
[2m11:27:37[22m   [34m├─[39m [2m/exams/oklahoma-notary-public-commission/index.html[22m [2m(+35ms)[22m 
[2m11:27:37[22m   [34m├─[39m [2m/exams/oregon-notary-public-commission/index.html[22m [2m(+35ms)[22m 
[2m11:27:37[22m   [34m├─[39m [2m/exams/pennsylvania-notary-public-commission/index.html[22m [2m(+46ms)[22m 
[2m11:27:37[22m   [34m├─[39m [2m/exams/rhode-island-notary-public-commission/index.html[22m [2m(+34ms)[22m 
[2m11:27:37[22m   [34m├─[39m [2m/exams/south-carolina-notary-public-commission/index.html[22m [2m(+37ms)[22m 
[2m11:27:37[22m   [34m├─[39m [2m/exams/south-dakota-notary-public-commission/index.html[22m [2m(+35ms)[22m 
[2m11:27:37[22m   [34m├─[39m [2m/exams/tennessee-notary-public-commission/index.html[22m [2m(+43ms)[22m 
[2m11:27:37[22m   [34m├─[39m [2m/exams/texas-notary-public-commission/index.html[22m [2m(+36ms)[22m 
[2m11:27:37[22m   [34m├─[39m [2m/exams/utah-notary-public-commission/index.html[22m [2m(+37ms)[22m 
[2m11:27:37[22m   [34m├─[39m [2m/exams/vermont-notary-public-commission/index.html[22m [2m(+40ms)[22m 
[2m11:27:37[22m   [34m├─[39m [2m/exams/virginia-notary-public-commission/index.html[22m [2m(+39ms)[22m 
[2m11:27:37[22m   [34m├─[39m [2m/exams/washington-notary-public-commission/index.html[22m [2m(+38ms)[22m 
[2m11:27:37[22m   [34m├─[39m [2m/exams/west-virginia-notary-public-commission/index.html[22m [2m(+36ms)[22m 
[2m11:27:37[22m   [34m├─[39m [2m/exams/wisconsin-notary-public-commission/index.html[22m [2m(+41ms)[22m 
[2m11:27:37[22m   [34m├─[39m [2m/exams/wyoming-notary-public-commission/index.html[22m [2m(+33ms)[22m 
[2m11:27:37[22m   [34m├─[39m [2m/exams/alabama-teacher-certification-exams/index.html[22m [2m(+36ms)[22m 
[2m11:27:37[22m   [34m├─[39m [2m/exams/alaska-teacher-certification-exams/index.html[22m [2m(+35ms)[22m 
[2m11:27:37[22m   [34m├─[39m [2m/exams/arizona-teacher-certification-exams/index.html[22m [2m(+34ms)[22m 
[2m11:27:37[22m   [34m├─[39m [2m/exams/arkansas-teacher-certification-exams/index.html[22m [2m(+34ms)[22m 
[2m11:27:37[22m   [34m├─[39m [2m/exams/california-teacher-certification-exams/index.html[22m [2m(+34ms)[22m 
[2m11:27:37[22m   [34m├─[39m [2m/exams/colorado-teacher-certification-exams/index.html[22m [2m(+36ms)[22m 
[2m11:27:37[22m   [34m├─[39m [2m/exams/connecticut-teacher-certification-exams/index.html[22m [2m(+37ms)[22m 
[2m11:27:37[22m   [34m├─[39m [2m/exams/delaware-teacher-certification-exams/index.html[22m [2m(+39ms)[22m 
[2m11:27:37[22m   [34m├─[39m [2m/exams/district-of-columbia-teacher-certification-exams/index.html[22m [2m(+39ms)[22m 
[2m11:27:37[22m   [34m├─[39m [2m/exams/florida-teacher-certification-exams/index.html[22m [2m(+39ms)[22m 
[2m11:27:37[22m   [34m├─[39m [2m/exams/georgia-teacher-certification-exams/index.html[22m [2m(+36ms)[22m 
[2m11:27:38[22m   [34m├─[39m [2m/exams/hawaii-teacher-certification-exams/index.html[22m [2m(+36ms)[22m 
[2m11:27:38[22m   [34m├─[39m [2m/exams/idaho-teacher-certification-exams/index.html[22m [2m(+34ms)[22m 
[2m11:27:38[22m   [34m├─[39m [2m/exams/illinois-teacher-certification-exams/index.html[22m [2m(+39ms)[22m 
[2m11:27:38[22m   [34m├─[39m [2m/exams/indiana-teacher-certification-exams/index.html[22m [2m(+37ms)[22m 
[2m11:27:38[22m   [34m├─[39m [2m/exams/iowa-teacher-certification-exams/index.html[22m [2m(+35ms)[22m 
[2m11:27:38[22m   [34m├─[39m [2m/exams/kansas-teacher-certification-exams/index.html[22m [2m(+38ms)[22m 
[2m11:27:38[22m   [34m├─[39m [2m/exams/kentucky-teacher-certification-exams/index.html[22m [2m(+38ms)[22m 
[2m11:27:38[22m   [34m├─[39m [2m/exams/louisiana-teacher-certification-exams/index.html[22m [2m(+36ms)[22m 
[2m11:27:38[22m   [34m├─[39m [2m/exams/maine-teacher-certification-exams/index.html[22m [2m(+45ms)[22m 
[2m11:27:38[22m   [34m├─[39m [2m/exams/maryland-teacher-certification-exams/index.html[22m [2m(+33ms)[22m 
[2m11:27:38[22m   [34m├─[39m [2m/exams/massachusetts-teacher-certification-exams/index.html[22m [2m(+33ms)[22m 
[2m11:27:38[22m   [34m├─[39m [2m/exams/michigan-teacher-certification-exams/index.html[22m [2m(+36ms)[22m 
[2m11:27:38[22m   [34m├─[39m [2m/exams/minnesota-teacher-certification-exams/index.html[22m [2m(+39ms)[22m 
[2m11:27:38[22m   [34m├─[39m [2m/exams/mississippi-teacher-certification-exams/index.html[22m [2m(+37ms)[22m 
[2m11:27:38[22m   [34m├─[39m [2m/exams/missouri-teacher-certification-exams/index.html[22m [2m(+36ms)[22m 
[2m11:27:38[22m   [34m├─[39m [2m/exams/montana-teacher-certification-exams/index.html[22m [2m(+49ms)[22m 
[2m11:27:38[22m   [34m├─[39m [2m/exams/nebraska-teacher-certification-exams/index.html[22m [2m(+47ms)[22m 
[2m11:27:38[22m   [34m├─[39m [2m/exams/nevada-teacher-certification-exams/index.html[22m [2m(+38ms)[22m 
[2m11:27:38[22m   [34m├─[39m [2m/exams/new-hampshire-teacher-certification-exams/index.html[22m [2m(+35ms)[22m 
[2m11:27:38[22m   [34m├─[39m [2m/exams/new-jersey-teacher-certification-exams/index.html[22m [2m(+35ms)[22m 
[2m11:27:38[22m   [34m├─[39m [2m/exams/new-mexico-teacher-certification-exams/index.html[22m [2m(+34ms)[22m 
[2m11:27:38[22m   [34m├─[39m [2m/exams/new-york-teacher-certification-exams/index.html[22m [2m(+40ms)[22m 
[2m11:27:38[22m   [34m├─[39m [2m/exams/north-carolina-teacher-certification-exams/index.html[22m [2m(+38ms)[22m 
[2m11:27:38[22m   [34m├─[39m [2m/exams/north-dakota-teacher-certification-exams/index.html[22m [2m(+35ms)[22m 
[2m11:27:38[22m   [34m├─[39m [2m/exams/ohio-teacher-certification-exams/index.html[22m [2m(+45ms)[22m 
[2m11:27:38[22m   [34m├─[39m [2m/exams/oklahoma-teacher-certification-exams/index.html[22m [2m(+36ms)[22m 
[2m11:27:39[22m   [34m├─[39m [2m/exams/oregon-teacher-certification-exams/index.html[22m [2m(+38ms)[22m 
[2m11:27:39[22m   [34m├─[39m [2m/exams/pennsylvania-teacher-certification-exams/index.html[22m [2m(+39ms)[22m 
[2m11:27:39[22m   [34m├─[39m [2m/exams/rhode-island-teacher-certification-exams/index.html[22m [2m(+38ms)[22m 
[2m11:27:39[22m   [34m├─[39m [2m/exams/south-carolina-teacher-certification-exams/index.html[22m [2m(+37ms)[22m 
[2m11:27:39[22m   [34m├─[39m [2m/exams/south-dakota-teacher-certification-exams/index.html[22m [2m(+36ms)[22m 
[2m11:27:39[22m   [34m├─[39m [2m/exams/tennessee-teacher-certification-exams/index.html[22m [2m(+41ms)[22m 
[2m11:27:39[22m   [34m├─[39m [2m/exams/texas-teacher-certification-exams/index.html[22m [2m(+35ms)[22m 
[2m11:27:39[22m   [34m├─[39m [2m/exams/utah-teacher-certification-exams/index.html[22m [2m(+43ms)[22m 
[2m11:27:39[22m   [34m├─[39m [2m/exams/vermont-teacher-certification-exams/index.html[22m [2m(+37ms)[22m 
[2m11:27:39[22m   [34m├─[39m [2m/exams/virginia-teacher-certification-exams/index.html[22m [2m(+34ms)[22m 
[2m11:27:39[22m   [34m├─[39m [2m/exams/washington-teacher-certification-exams/index.html[22m [2m(+41ms)[22m 
[2m11:27:39[22m   [34m├─[39m [2m/exams/west-virginia-teacher-certification-exams/index.html[22m [2m(+41ms)[22m 
[2m11:27:39[22m   [34m├─[39m [2m/exams/wisconsin-teacher-certification-exams/index.html[22m [2m(+40ms)[22m 
[2m11:27:39[22m   [34m├─[39m [2m/exams/wyoming-teacher-certification-exams/index.html[22m [2m(+43ms)[22m 
[2m11:27:39[22m   [34m├─[39m [2m/exams/alabama-cdl-commercial-drivers-license/index.html[22m [2m(+44ms)[22m 
[2m11:27:39[22m   [34m├─[39m [2m/exams/alaska-cdl-commercial-drivers-license/index.html[22m [2m(+36ms)[22m 
[2m11:27:39[22m   [34m├─[39m [2m/exams/arizona-cdl-commercial-drivers-license/index.html[22m [2m(+40ms)[22m 
[2m11:27:39[22m   [34m├─[39m [2m/exams/arkansas-cdl-commercial-drivers-license/index.html[22m [2m(+38ms)[22m 
[2m11:27:39[22m   [34m├─[39m [2m/exams/california-cdl-commercial-drivers-license/index.html[22m [2m(+34ms)[22m 
[2m11:27:39[22m   [34m├─[39m [2m/exams/colorado-cdl-commercial-drivers-license/index.html[22m [2m(+38ms)[22m 
[2m11:27:39[22m   [34m├─[39m [2m/exams/connecticut-cdl-commercial-drivers-license/index.html[22m [2m(+36ms)[22m 
[2m11:27:39[22m   [34m├─[39m [2m/exams/delaware-cdl-commercial-drivers-license/index.html[22m [2m(+40ms)[22m 
[2m11:27:39[22m   [34m├─[39m [2m/exams/district-of-columbia-cdl-commercial-drivers-license/index.html[22m [2m(+36ms)[22m 
[2m11:27:39[22m   [34m├─[39m [2m/exams/florida-cdl-commercial-drivers-license/index.html[22m [2m(+34ms)[22m 
[2m11:27:39[22m   [34m├─[39m [2m/exams/georgia-cdl-commercial-drivers-license/index.html[22m [2m(+39ms)[22m 
[2m11:27:39[22m   [34m├─[39m [2m/exams/hawaii-cdl-commercial-drivers-license/index.html[22m [2m(+38ms)[22m 
[2m11:27:40[22m   [34m├─[39m [2m/exams/idaho-cdl-commercial-drivers-license/index.html[22m [2m(+34ms)[22m 
[2m11:27:40[22m   [34m├─[39m [2m/exams/illinois-cdl-commercial-drivers-license/index.html[22m [2m(+39ms)[22m 
[2m11:27:40[22m   [34m├─[39m [2m/exams/indiana-cdl-commercial-drivers-license/index.html[22m [2m(+41ms)[22m 
[2m11:27:40[22m   [34m├─[39m [2m/exams/iowa-cdl-commercial-drivers-license/index.html[22m [2m(+38ms)[22m 
[2m11:27:40[22m   [34m├─[39m [2m/exams/kansas-cdl-commercial-drivers-license/index.html[22m [2m(+36ms)[22m 
[2m11:27:40[22m   [34m├─[39m [2m/exams/kentucky-cdl-commercial-drivers-license/index.html[22m [2m(+41ms)[22m 
[2m11:27:40[22m   [34m├─[39m [2m/exams/louisiana-cdl-commercial-drivers-license/index.html[22m [2m(+34ms)[22m 
[2m11:27:40[22m   [34m├─[39m [2m/exams/maine-cdl-commercial-drivers-license/index.html[22m [2m(+34ms)[22m 
[2m11:27:40[22m   [34m├─[39m [2m/exams/maryland-cdl-commercial-drivers-license/index.html[22m [2m(+37ms)[22m 
[2m11:27:40[22m   [34m├─[39m [2m/exams/massachusetts-cdl-commercial-drivers-license/index.html[22m [2m(+37ms)[22m 
[2m11:27:40[22m   [34m├─[39m [2m/exams/michigan-cdl-commercial-drivers-license/index.html[22m [2m(+34ms)[22m 
[2m11:27:40[22m   [34m├─[39m [2m/exams/minnesota-cdl-commercial-drivers-license/index.html[22m [2m(+33ms)[22m 
[2m11:27:40[22m   [34m├─[39m [2m/exams/mississippi-cdl-commercial-drivers-license/index.html[22m [2m(+40ms)[22m 
[2m11:27:40[22m   [34m├─[39m [2m/exams/missouri-cdl-commercial-drivers-license/index.html[22m [2m(+36ms)[22m 
[2m11:27:40[22m   [34m├─[39m [2m/exams/montana-cdl-commercial-drivers-license/index.html[22m [2m(+38ms)[22m 
[2m11:27:40[22m   [34m├─[39m [2m/exams/nebraska-cdl-commercial-drivers-license/index.html[22m [2m(+37ms)[22m 
[2m11:27:40[22m   [34m├─[39m [2m/exams/nevada-cdl-commercial-drivers-license/index.html[22m [2m(+38ms)[22m 
[2m11:27:40[22m   [34m├─[39m [2m/exams/new-hampshire-cdl-commercial-drivers-license/index.html[22m [2m(+37ms)[22m 
[2m11:27:40[22m   [34m├─[39m [2m/exams/new-jersey-cdl-commercial-drivers-license/index.html[22m [2m(+37ms)[22m 
[2m11:27:40[22m   [34m├─[39m [2m/exams/new-mexico-cdl-commercial-drivers-license/index.html[22m [2m(+40ms)[22m 
[2m11:27:40[22m   [34m├─[39m [2m/exams/new-york-cdl-commercial-drivers-license/index.html[22m [2m(+38ms)[22m 
[2m11:27:40[22m   [34m├─[39m [2m/exams/north-carolina-cdl-commercial-drivers-license/index.html[22m [2m(+39ms)[22m 
[2m11:27:40[22m   [34m├─[39m [2m/exams/north-dakota-cdl-commercial-drivers-license/index.html[22m [2m(+35ms)[22m 
[2m11:27:40[22m   [34m├─[39m [2m/exams/ohio-cdl-commercial-drivers-license/index.html[22m [2m(+34ms)[22m 
[2m11:27:40[22m   [34m├─[39m [2m/exams/oklahoma-cdl-commercial-drivers-license/index.html[22m [2m(+34ms)[22m 
[2m11:27:40[22m   [34m├─[39m [2m/exams/oregon-cdl-commercial-drivers-license/index.html[22m [2m(+43ms)[22m 
[2m11:27:40[22m   [34m├─[39m [2m/exams/pennsylvania-cdl-commercial-drivers-license/index.html[22m [2m(+36ms)[22m 
[2m11:27:41[22m   [34m├─[39m [2m/exams/rhode-island-cdl-commercial-drivers-license/index.html[22m [2m(+34ms)[22m 
[2m11:27:41[22m   [34m├─[39m [2m/exams/south-carolina-cdl-commercial-drivers-license/index.html[22m [2m(+34ms)[22m 
[2m11:27:41[22m   [34m├─[39m [2m/exams/south-dakota-cdl-commercial-drivers-license/index.html[22m [2m(+35ms)[22m 
[2m11:27:41[22m   [34m├─[39m [2m/exams/tennessee-cdl-commercial-drivers-license/index.html[22m [2m(+39ms)[22m 
[2m11:27:41[22m   [34m├─[39m [2m/exams/texas-cdl-commercial-drivers-license/index.html[22m [2m(+38ms)[22m 
[2m11:27:41[22m   [34m├─[39m [2m/exams/utah-cdl-commercial-drivers-license/index.html[22m [2m(+35ms)[22m 
[2m11:27:41[22m   [34m├─[39m [2m/exams/vermont-cdl-commercial-drivers-license/index.html[22m [2m(+34ms)[22m 
[2m11:27:41[22m   [34m├─[39m [2m/exams/virginia-cdl-commercial-drivers-license/index.html[22m [2m(+34ms)[22m 
[2m11:27:41[22m   [34m├─[39m [2m/exams/washington-cdl-commercial-drivers-license/index.html[22m [2m(+35ms)[22m 
[2m11:27:41[22m   [34m├─[39m [2m/exams/west-virginia-cdl-commercial-drivers-license/index.html[22m [2m(+45ms)[22m 
[2m11:27:41[22m   [34m├─[39m [2m/exams/wisconsin-cdl-commercial-drivers-license/index.html[22m [2m(+36ms)[22m 
[2m11:27:41[22m   [34m├─[39m [2m/exams/wyoming-cdl-commercial-drivers-license/index.html[22m [2m(+37ms)[22m 
[2m11:27:41[22m   [34m├─[39m [2m/exams/alabama-drivers-license-written-test/index.html[22m [2m(+40ms)[22m 
[2m11:27:41[22m   [34m├─[39m [2m/exams/alaska-drivers-license-written-test/index.html[22m [2m(+34ms)[22m 
[2m11:27:41[22m   [34m├─[39m [2m/exams/arizona-drivers-license-written-test/index.html[22m [2m(+33ms)[22m 
[2m11:27:41[22m   [34m├─[39m [2m/exams/arkansas-drivers-license-written-test/index.html[22m [2m(+36ms)[22m 
[2m11:27:41[22m   [34m├─[39m [2m/exams/california-drivers-license-written-test/index.html[22m [2m(+32ms)[22m 
[2m11:27:41[22m   [34m├─[39m [2m/exams/colorado-drivers-license-written-test/index.html[22m [2m(+35ms)[22m 
[2m11:27:41[22m   [34m├─[39m [2m/exams/connecticut-drivers-license-written-test/index.html[22m [2m(+34ms)[22m 
[2m11:27:41[22m   [34m├─[39m [2m/exams/delaware-drivers-license-written-test/index.html[22m [2m(+36ms)[22m 
[2m11:27:41[22m   [34m├─[39m [2m/exams/district-of-columbia-drivers-license-written-test/index.html[22m [2m(+35ms)[22m 
[2m11:27:41[22m   [34m├─[39m [2m/exams/florida-drivers-license-written-test/index.html[22m [2m(+39ms)[22m 
[2m11:27:41[22m   [34m├─[39m [2m/exams/georgia-drivers-license-written-test/index.html[22m [2m(+32ms)[22m 
[2m11:27:41[22m   [34m├─[39m [2m/exams/hawaii-drivers-license-written-test/index.html[22m [2m(+36ms)[22m 
[2m11:27:41[22m   [34m├─[39m [2m/exams/idaho-drivers-license-written-test/index.html[22m [2m(+37ms)[22m 
[2m11:27:41[22m   [34m├─[39m [2m/exams/illinois-drivers-license-written-test/index.html[22m [2m(+34ms)[22m 
[2m11:27:41[22m   [34m├─[39m [2m/exams/indiana-drivers-license-written-test/index.html[22m [2m(+37ms)[22m 
[2m11:27:41[22m   [34m├─[39m [2m/exams/iowa-drivers-license-written-test/index.html[22m [2m(+37ms)[22m 
[2m11:27:42[22m   [34m├─[39m [2m/exams/kansas-drivers-license-written-test/index.html[22m [2m(+39ms)[22m 
[2m11:27:42[22m   [34m├─[39m [2m/exams/kentucky-drivers-license-written-test/index.html[22m [2m(+33ms)[22m 
[2m11:27:42[22m   [34m├─[39m [2m/exams/louisiana-drivers-license-written-test/index.html[22m [2m(+34ms)[22m 
[2m11:27:42[22m   [34m├─[39m [2m/exams/maine-drivers-license-written-test/index.html[22m [2m(+39ms)[22m 
[2m11:27:42[22m   [34m├─[39m [2m/exams/maryland-drivers-license-written-test/index.html[22m [2m(+33ms)[22m 
[2m11:27:42[22m   [34m├─[39m [2m/exams/massachusetts-drivers-license-written-test/index.html[22m [2m(+44ms)[22m 
[2m11:27:42[22m   [34m├─[39m [2m/exams/michigan-drivers-license-written-test/index.html[22m [2m(+37ms)[22m 
[2m11:27:42[22m   [34m├─[39m [2m/exams/minnesota-drivers-license-written-test/index.html[22m [2m(+35ms)[22m 
[2m11:27:42[22m   [34m├─[39m [2m/exams/mississippi-drivers-license-written-test/index.html[22m [2m(+37ms)[22m 
[2m11:27:42[22m   [34m├─[39m [2m/exams/missouri-drivers-license-written-test/index.html[22m [2m(+38ms)[22m 
[2m11:27:42[22m   [34m├─[39m [2m/exams/montana-drivers-license-written-test/index.html[22m [2m(+37ms)[22m 
[2m11:27:42[22m   [34m├─[39m [2m/exams/nebraska-drivers-license-written-test/index.html[22m [2m(+36ms)[22m 
[2m11:27:42[22m   [34m├─[39m [2m/exams/nevada-drivers-license-written-test/index.html[22m [2m(+37ms)[22m 
[2m11:27:42[22m   [34m├─[39m [2m/exams/new-hampshire-drivers-license-written-test/index.html[22m [2m(+36ms)[22m 
[2m11:27:42[22m   [34m├─[39m [2m/exams/new-jersey-drivers-license-written-test/index.html[22m [2m(+33ms)[22m 
[2m11:27:42[22m   [34m├─[39m [2m/exams/new-mexico-drivers-license-written-test/index.html[22m [2m(+39ms)[22m 
[2m11:27:42[22m   [34m├─[39m [2m/exams/new-york-drivers-license-written-test/index.html[22m [2m(+35ms)[22m 
[2m11:27:42[22m   [34m├─[39m [2m/exams/north-carolina-drivers-license-written-test/index.html[22m [2m(+35ms)[22m 
[2m11:27:42[22m   [34m├─[39m [2m/exams/north-dakota-drivers-license-written-test/index.html[22m [2m(+35ms)[22m 
[2m11:27:42[22m   [34m├─[39m [2m/exams/ohio-drivers-license-written-test/index.html[22m [2m(+35ms)[22m 
[2m11:27:42[22m   [34m├─[39m [2m/exams/oklahoma-drivers-license-written-test/index.html[22m [2m(+42ms)[22m 
[2m11:27:42[22m   [34m├─[39m [2m/exams/oregon-drivers-license-written-test/index.html[22m [2m(+35ms)[22m 
[2m11:27:42[22m   [34m├─[39m [2m/exams/pennsylvania-drivers-license-written-test/index.html[22m [2m(+36ms)[22m 
[2m11:27:42[22m   [34m├─[39m [2m/exams/rhode-island-drivers-license-written-test/index.html[22m [2m(+41ms)[22m 
[2m11:27:42[22m   [34m├─[39m [2m/exams/south-carolina-drivers-license-written-test/index.html[22m [2m(+43ms)[22m 
[2m11:27:42[22m   [34m├─[39m [2m/exams/south-dakota-drivers-license-written-test/index.html[22m [2m(+41ms)[22m 
[2m11:27:42[22m   [34m├─[39m [2m/exams/tennessee-drivers-license-written-test/index.html[22m [2m(+38ms)[22m 
[2m11:27:43[22m   [34m├─[39m [2m/exams/texas-drivers-license-written-test/index.html[22m [2m(+36ms)[22m 
[2m11:27:43[22m   [34m├─[39m [2m/exams/utah-drivers-license-written-test/index.html[22m [2m(+37ms)[22m 
[2m11:27:43[22m   [34m├─[39m [2m/exams/vermont-drivers-license-written-test/index.html[22m [2m(+42ms)[22m 
[2m11:27:43[22m   [34m├─[39m [2m/exams/virginia-drivers-license-written-test/index.html[22m [2m(+41ms)[22m 
[2m11:27:43[22m   [34m├─[39m [2m/exams/washington-drivers-license-written-test/index.html[22m [2m(+39ms)[22m 
[2m11:27:43[22m   [34m├─[39m [2m/exams/west-virginia-drivers-license-written-test/index.html[22m [2m(+42ms)[22m 
[2m11:27:43[22m   [34m├─[39m [2m/exams/wisconsin-drivers-license-written-test/index.html[22m [2m(+39ms)[22m 
[2m11:27:43[22m   [34m├─[39m [2m/exams/wyoming-drivers-license-written-test/index.html[22m [2m(+47ms)[22m 
[2m11:27:43[22m   [34m├─[39m [2m/exams/alabama-motorcycle-license-test/index.html[22m [2m(+45ms)[22m 
[2m11:27:43[22m   [34m├─[39m [2m/exams/alaska-motorcycle-license-test/index.html[22m [2m(+49ms)[22m 
[2m11:27:43[22m   [34m├─[39m [2m/exams/arizona-motorcycle-license-test/index.html[22m [2m(+42ms)[22m 
[2m11:27:43[22m   [34m├─[39m [2m/exams/arkansas-motorcycle-license-test/index.html[22m [2m(+40ms)[22m 
[2m11:27:43[22m   [34m├─[39m [2m/exams/california-motorcycle-license-test/index.html[22m [2m(+39ms)[22m 
[2m11:27:43[22m   [34m├─[39m [2m/exams/colorado-motorcycle-license-test/index.html[22m [2m(+37ms)[22m 
[2m11:27:43[22m   [34m├─[39m [2m/exams/connecticut-motorcycle-license-test/index.html[22m [2m(+44ms)[22m 
[2m11:27:43[22m   [34m├─[39m [2m/exams/delaware-motorcycle-license-test/index.html[22m [2m(+39ms)[22m 
[2m11:27:43[22m   [34m├─[39m [2m/exams/district-of-columbia-motorcycle-license-test/index.html[22m [2m(+42ms)[22m 
[2m11:27:43[22m   [34m├─[39m [2m/exams/florida-motorcycle-license-test/index.html[22m [2m(+40ms)[22m 
[2m11:27:43[22m   [34m├─[39m [2m/exams/georgia-motorcycle-license-test/index.html[22m [2m(+38ms)[22m 
[2m11:27:43[22m   [34m├─[39m [2m/exams/hawaii-motorcycle-license-test/index.html[22m [2m(+37ms)[22m 
[2m11:27:43[22m   [34m├─[39m [2m/exams/idaho-motorcycle-license-test/index.html[22m [2m(+50ms)[22m 
[2m11:27:43[22m   [34m├─[39m [2m/exams/illinois-motorcycle-license-test/index.html[22m [2m(+37ms)[22m 
[2m11:27:43[22m   [34m├─[39m [2m/exams/indiana-motorcycle-license-test/index.html[22m [2m(+36ms)[22m 
[2m11:27:43[22m   [34m├─[39m [2m/exams/iowa-motorcycle-license-test/index.html[22m [2m(+35ms)[22m 
[2m11:27:43[22m   [34m├─[39m [2m/exams/kansas-motorcycle-license-test/index.html[22m [2m(+36ms)[22m 
[2m11:27:44[22m   [34m├─[39m [2m/exams/kentucky-motorcycle-license-test/index.html[22m [2m(+40ms)[22m 
[2m11:27:44[22m   [34m├─[39m [2m/exams/louisiana-motorcycle-license-test/index.html[22m [2m(+36ms)[22m 
[2m11:27:44[22m   [34m├─[39m [2m/exams/maine-motorcycle-license-test/index.html[22m [2m(+35ms)[22m 
[2m11:27:44[22m   [34m├─[39m [2m/exams/maryland-motorcycle-license-test/index.html[22m [2m(+39ms)[22m 
[2m11:27:44[22m   [34m├─[39m [2m/exams/massachusetts-motorcycle-license-test/index.html[22m [2m(+37ms)[22m 
[2m11:27:44[22m   [34m├─[39m [2m/exams/michigan-motorcycle-license-test/index.html[22m [2m(+38ms)[22m 
[2m11:27:44[22m   [34m├─[39m [2m/exams/minnesota-motorcycle-license-test/index.html[22m [2m(+40ms)[22m 
[2m11:27:44[22m   [34m├─[39m [2m/exams/mississippi-motorcycle-license-test/index.html[22m [2m(+40ms)[22m 
[2m11:27:44[22m   [34m├─[39m [2m/exams/missouri-motorcycle-license-test/index.html[22m [2m(+38ms)[22m 
[2m11:27:44[22m   [34m├─[39m [2m/exams/montana-motorcycle-license-test/index.html[22m [2m(+35ms)[22m 
[2m11:27:44[22m   [34m├─[39m [2m/exams/nebraska-motorcycle-license-test/index.html[22m [2m(+37ms)[22m 
[2m11:27:44[22m   [34m├─[39m [2m/exams/nevada-motorcycle-license-test/index.html[22m [2m(+35ms)[22m 
[2m11:27:44[22m   [34m├─[39m [2m/exams/new-hampshire-motorcycle-license-test/index.html[22m [2m(+35ms)[22m 
[2m11:27:44[22m   [34m├─[39m [2m/exams/new-jersey-motorcycle-license-test/index.html[22m [2m(+33ms)[22m 
[2m11:27:44[22m   [34m├─[39m [2m/exams/new-mexico-motorcycle-license-test/index.html[22m [2m(+39ms)[22m 
[2m11:27:44[22m   [34m├─[39m [2m/exams/new-york-motorcycle-license-test/index.html[22m [2m(+32ms)[22m 
[2m11:27:44[22m   [34m├─[39m [2m/exams/north-carolina-motorcycle-license-test/index.html[22m [2m(+33ms)[22m 
[2m11:27:44[22m   [34m├─[39m [2m/exams/north-dakota-motorcycle-license-test/index.html[22m [2m(+38ms)[22m 
[2m11:27:44[22m   [34m├─[39m [2m/exams/ohio-motorcycle-license-test/index.html[22m [2m(+31ms)[22m 
[2m11:27:44[22m   [34m├─[39m [2m/exams/oklahoma-motorcycle-license-test/index.html[22m [2m(+34ms)[22m 
[2m11:27:44[22m   [34m├─[39m [2m/exams/oregon-motorcycle-license-test/index.html[22m [2m(+36ms)[22m 
[2m11:27:44[22m   [34m├─[39m [2m/exams/pennsylvania-motorcycle-license-test/index.html[22m [2m(+31ms)[22m 
[2m11:27:44[22m   [34m├─[39m [2m/exams/rhode-island-motorcycle-license-test/index.html[22m [2m(+33ms)[22m 
[2m11:27:44[22m   [34m├─[39m [2m/exams/south-carolina-motorcycle-license-test/index.html[22m [2m(+38ms)[22m 
[2m11:27:44[22m   [34m├─[39m [2m/exams/south-dakota-motorcycle-license-test/index.html[22m [2m(+34ms)[22m 
[2m11:27:44[22m   [34m├─[39m [2m/exams/tennessee-motorcycle-license-test/index.html[22m [2m(+34ms)[22m 
[2m11:27:44[22m   [34m├─[39m [2m/exams/texas-motorcycle-license-test/index.html[22m [2m(+34ms)[22m 
[2m11:27:44[22m   [34m├─[39m [2m/exams/utah-motorcycle-license-test/index.html[22m [2m(+36ms)[22m 
[2m11:27:45[22m   [34m├─[39m [2m/exams/vermont-motorcycle-license-test/index.html[22m [2m(+34ms)[22m 
[2m11:27:45[22m   [34m├─[39m [2m/exams/virginia-motorcycle-license-test/index.html[22m [2m(+35ms)[22m 
[2m11:27:45[22m   [34m├─[39m [2m/exams/washington-motorcycle-license-test/index.html[22m [2m(+35ms)[22m 
[2m11:27:45[22m   [34m├─[39m [2m/exams/west-virginia-motorcycle-license-test/index.html[22m [2m(+34ms)[22m 
[2m11:27:45[22m   [34m├─[39m [2m/exams/wisconsin-motorcycle-license-test/index.html[22m [2m(+33ms)[22m 
[2m11:27:45[22m   [34m├─[39m [2m/exams/wyoming-motorcycle-license-test/index.html[22m [2m(+33ms)[22m 
[2m11:27:45[22m   [34m├─[39m [2m/exams/alabama-police-officer-exam/index.html[22m [2m(+31ms)[22m 
[2m11:27:45[22m   [34m├─[39m [2m/exams/alaska-police-officer-exam/index.html[22m [2m(+33ms)[22m 
[2m11:27:45[22m   [34m├─[39m [2m/exams/arizona-police-officer-exam/index.html[22m [2m(+33ms)[22m 
[2m11:27:45[22m   [34m├─[39m [2m/exams/arkansas-police-officer-exam/index.html[22m [2m(+32ms)[22m 
[2m11:27:45[22m   [34m├─[39m [2m/exams/california-police-officer-exam/index.html[22m [2m(+32ms)[22m 
[2m11:27:45[22m   [34m├─[39m [2m/exams/colorado-police-officer-exam/index.html[22m [2m(+33ms)[22m 
[2m11:27:45[22m   [34m├─[39m [2m/exams/connecticut-police-officer-exam/index.html[22m [2m(+33ms)[22m 
[2m11:27:45[22m   [34m├─[39m [2m/exams/delaware-police-officer-exam/index.html[22m [2m(+31ms)[22m 
[2m11:27:45[22m   [34m├─[39m [2m/exams/district-of-columbia-police-officer-exam/index.html[22m [2m(+32ms)[22m 
[2m11:27:45[22m   [34m├─[39m [2m/exams/florida-police-officer-exam/index.html[22m [2m(+33ms)[22m 
[2m11:27:45[22m   [34m├─[39m [2m/exams/georgia-police-officer-exam/index.html[22m [2m(+32ms)[22m 
[2m11:27:45[22m   [34m├─[39m [2m/exams/hawaii-police-officer-exam/index.html[22m [2m(+35ms)[22m 
[2m11:27:45[22m   [34m├─[39m [2m/exams/idaho-police-officer-exam/index.html[22m [2m(+31ms)[22m 
[2m11:27:45[22m   [34m├─[39m [2m/exams/illinois-police-officer-exam/index.html[22m [2m(+32ms)[22m 
[2m11:27:45[22m   [34m├─[39m [2m/exams/indiana-police-officer-exam/index.html[22m [2m(+40ms)[22m 
[2m11:27:45[22m   [34m├─[39m [2m/exams/iowa-police-officer-exam/index.html[22m [2m(+31ms)[22m 
[2m11:27:45[22m   [34m├─[39m [2m/exams/kansas-police-officer-exam/index.html[22m [2m(+32ms)[22m 
[2m11:27:45[22m   [34m├─[39m [2m/exams/kentucky-police-officer-exam/index.html[22m [2m(+33ms)[22m 
[2m11:27:45[22m   [34m├─[39m [2m/exams/louisiana-police-officer-exam/index.html[22m [2m(+32ms)[22m 
[2m11:27:45[22m   [34m├─[39m [2m/exams/maine-police-officer-exam/index.html[22m [2m(+35ms)[22m 
[2m11:27:45[22m   [34m├─[39m [2m/exams/maryland-police-officer-exam/index.html[22m [2m(+34ms)[22m 
[2m11:27:45[22m   [34m├─[39m [2m/exams/massachusetts-police-officer-exam/index.html[22m [2m(+35ms)[22m 
[2m11:27:45[22m   [34m├─[39m [2m/exams/michigan-police-officer-exam/index.html[22m [2m(+36ms)[22m 
[2m11:27:45[22m   [34m├─[39m [2m/exams/minnesota-police-officer-exam/index.html[22m [2m(+36ms)[22m 
[2m11:27:46[22m   [34m├─[39m [2m/exams/mississippi-police-officer-exam/index.html[22m [2m(+34ms)[22m 
[2m11:27:46[22m   [34m├─[39m [2m/exams/missouri-police-officer-exam/index.html[22m [2m(+33ms)[22m 
[2m11:27:46[22m   [34m├─[39m [2m/exams/montana-police-officer-exam/index.html[22m [2m(+33ms)[22m 
[2m11:27:46[22m   [34m├─[39m [2m/exams/nebraska-police-officer-exam/index.html[22m [2m(+35ms)[22m 
[2m11:27:46[22m   [34m├─[39m [2m/exams/nevada-police-officer-exam/index.html[22m [2m(+32ms)[22m 
[2m11:27:46[22m   [34m├─[39m [2m/exams/new-hampshire-police-officer-exam/index.html[22m [2m(+33ms)[22m 
[2m11:27:46[22m   [34m├─[39m [2m/exams/new-jersey-police-officer-exam/index.html[22m [2m(+33ms)[22m 
[2m11:27:46[22m   [34m├─[39m [2m/exams/new-mexico-police-officer-exam/index.html[22m [2m(+33ms)[22m 
[2m11:27:46[22m   [34m├─[39m [2m/exams/new-york-police-officer-exam/index.html[22m [2m(+34ms)[22m 
[2m11:27:46[22m   [34m├─[39m [2m/exams/north-carolina-police-officer-exam/index.html[22m [2m(+34ms)[22m 
[2m11:27:46[22m   [34m├─[39m [2m/exams/north-dakota-police-officer-exam/index.html[22m [2m(+33ms)[22m 
[2m11:27:46[22m   [34m├─[39m [2m/exams/ohio-police-officer-exam/index.html[22m [2m(+32ms)[22m 
[2m11:27:46[22m   [34m├─[39m [2m/exams/oklahoma-police-officer-exam/index.html[22m [2m(+35ms)[22m 
[2m11:27:46[22m   [34m├─[39m [2m/exams/oregon-police-officer-exam/index.html[22m [2m(+34ms)[22m 
[2m11:27:46[22m   [34m├─[39m [2m/exams/pennsylvania-police-officer-exam/index.html[22m [2m(+35ms)[22m 
[2m11:27:46[22m   [34m├─[39m [2m/exams/rhode-island-police-officer-exam/index.html[22m [2m(+34ms)[22m 
[2m11:27:46[22m   [34m├─[39m [2m/exams/south-carolina-police-officer-exam/index.html[22m [2m(+35ms)[22m 
[2m11:27:46[22m   [34m├─[39m [2m/exams/south-dakota-police-officer-exam/index.html[22m [2m(+34ms)[22m 
[2m11:27:46[22m   [34m├─[39m [2m/exams/tennessee-police-officer-exam/index.html[22m [2m(+33ms)[22m 
[2m11:27:46[22m   [34m├─[39m [2m/exams/texas-police-officer-exam/index.html[22m [2m(+52ms)[22m 
[2m11:27:46[22m   [34m├─[39m [2m/exams/utah-police-officer-exam/index.html[22m [2m(+33ms)[22m 
[2m11:27:46[22m   [34m├─[39m [2m/exams/vermont-police-officer-exam/index.html[22m [2m(+33ms)[22m 
[2m11:27:46[22m   [34m├─[39m [2m/exams/virginia-police-officer-exam/index.html[22m [2m(+34ms)[22m 
[2m11:27:46[22m   [34m├─[39m [2m/exams/washington-police-officer-exam/index.html[22m [2m(+34ms)[22m 
[2m11:27:46[22m   [34m├─[39m [2m/exams/west-virginia-police-officer-exam/index.html[22m [2m(+35ms)[22m 
[2m11:27:46[22m   [34m├─[39m [2m/exams/wisconsin-police-officer-exam/index.html[22m [2m(+37ms)[22m 
[2m11:27:46[22m   [34m├─[39m [2m/exams/wyoming-police-officer-exam/index.html[22m [2m(+39ms)[22m 
[2m11:27:46[22m   [34m├─[39m [2m/exams/alabama-firefighter-exam/index.html[22m [2m(+34ms)[22m 
[2m11:27:46[22m   [34m├─[39m [2m/exams/alaska-firefighter-exam/index.html[22m [2m(+31ms)[22m 
[2m11:27:47[22m   [34m├─[39m [2m/exams/arizona-firefighter-exam/index.html[22m [2m(+34ms)[22m 
[2m11:27:47[22m   [34m├─[39m [2m/exams/arkansas-firefighter-exam/index.html[22m [2m(+32ms)[22m 
[2m11:27:47[22m   [34m├─[39m [2m/exams/california-firefighter-exam/index.html[22m [2m(+35ms)[22m 
[2m11:27:47[22m   [34m├─[39m [2m/exams/colorado-firefighter-exam/index.html[22m [2m(+52ms)[22m 
[2m11:27:47[22m   [34m├─[39m [2m/exams/connecticut-firefighter-exam/index.html[22m [2m(+33ms)[22m 
[2m11:27:47[22m   [34m├─[39m [2m/exams/delaware-firefighter-exam/index.html[22m [2m(+33ms)[22m 
[2m11:27:47[22m   [34m├─[39m [2m/exams/district-of-columbia-firefighter-exam/index.html[22m [2m(+33ms)[22m 
[2m11:27:47[22m   [34m├─[39m [2m/exams/florida-firefighter-exam/index.html[22m [2m(+33ms)[22m 
[2m11:27:47[22m   [34m├─[39m [2m/exams/georgia-firefighter-exam/index.html[22m [2m(+34ms)[22m 
[2m11:27:47[22m   [34m├─[39m [2m/exams/hawaii-firefighter-exam/index.html[22m [2m(+31ms)[22m 
[2m11:27:47[22m   [34m├─[39m [2m/exams/idaho-firefighter-exam/index.html[22m [2m(+34ms)[22m 
[2m11:27:47[22m   [34m├─[39m [2m/exams/illinois-firefighter-exam/index.html[22m [2m(+35ms)[22m 
[2m11:27:47[22m   [34m├─[39m [2m/exams/indiana-firefighter-exam/index.html[22m [2m(+35ms)[22m 
[2m11:27:47[22m   [34m├─[39m [2m/exams/iowa-firefighter-exam/index.html[22m [2m(+34ms)[22m 
[2m11:27:47[22m   [34m├─[39m [2m/exams/kansas-firefighter-exam/index.html[22m [2m(+32ms)[22m 
[2m11:27:47[22m   [34m├─[39m [2m/exams/kentucky-firefighter-exam/index.html[22m [2m(+34ms)[22m 
[2m11:27:47[22m   [34m├─[39m [2m/exams/louisiana-firefighter-exam/index.html[22m [2m(+32ms)[22m 
[2m11:27:47[22m   [34m├─[39m [2m/exams/maine-firefighter-exam/index.html[22m [2m(+35ms)[22m 
[2m11:27:47[22m   [34m├─[39m [2m/exams/maryland-firefighter-exam/index.html[22m [2m(+34ms)[22m 
[2m11:27:47[22m   [34m├─[39m [2m/exams/massachusetts-firefighter-exam/index.html[22m [2m(+33ms)[22m 
[2m11:27:47[22m   [34m├─[39m [2m/exams/michigan-firefighter-exam/index.html[22m [2m(+35ms)[22m 
[2m11:27:47[22m   [34m├─[39m [2m/exams/minnesota-firefighter-exam/index.html[22m [2m(+33ms)[22m 
[2m11:27:47[22m   [34m├─[39m [2m/exams/mississippi-firefighter-exam/index.html[22m [2m(+35ms)[22m 
[2m11:27:47[22m   [34m├─[39m [2m/exams/missouri-firefighter-exam/index.html[22m [2m(+33ms)[22m 
[2m11:27:47[22m   [34m├─[39m [2m/exams/montana-firefighter-exam/index.html[22m [2m(+34ms)[22m 
[2m11:27:47[22m   [34m├─[39m [2m/exams/nebraska-firefighter-exam/index.html[22m [2m(+32ms)[22m 
[2m11:27:47[22m   [34m├─[39m [2m/exams/nevada-firefighter-exam/index.html[22m [2m(+33ms)[22m 
[2m11:27:47[22m   [34m├─[39m [2m/exams/new-hampshire-firefighter-exam/index.html[22m [2m(+32ms)[22m 
[2m11:27:47[22m   [34m├─[39m [2m/exams/new-jersey-firefighter-exam/index.html[22m [2m(+33ms)[22m 
[2m11:27:48[22m   [34m├─[39m [2m/exams/new-mexico-firefighter-exam/index.html[22m [2m(+33ms)[22m 
[2m11:27:48[22m   [34m├─[39m [2m/exams/new-york-firefighter-exam/index.html[22m [2m(+35ms)[22m 
[2m11:27:48[22m   [34m├─[39m [2m/exams/north-carolina-firefighter-exam/index.html[22m [2m(+32ms)[22m 
[2m11:27:48[22m   [34m├─[39m [2m/exams/north-dakota-firefighter-exam/index.html[22m [2m(+81ms)[22m 
[2m11:27:48[22m   [34m├─[39m [2m/exams/ohio-firefighter-exam/index.html[22m [2m(+44ms)[22m 
[2m11:27:48[22m   [34m├─[39m [2m/exams/oklahoma-firefighter-exam/index.html[22m [2m(+34ms)[22m 
[2m11:27:48[22m   [34m├─[39m [2m/exams/oregon-firefighter-exam/index.html[22m [2m(+30ms)[22m 
[2m11:27:48[22m   [34m├─[39m [2m/exams/pennsylvania-firefighter-exam/index.html[22m [2m(+33ms)[22m 
[2m11:27:48[22m   [34m├─[39m [2m/exams/rhode-island-firefighter-exam/index.html[22m [2m(+33ms)[22m 
[2m11:27:48[22m   [34m├─[39m [2m/exams/south-carolina-firefighter-exam/index.html[22m [2m(+32ms)[22m 
[2m11:27:48[22m   [34m├─[39m [2m/exams/south-dakota-firefighter-exam/index.html[22m [2m(+37ms)[22m 
[2m11:27:48[22m   [34m├─[39m [2m/exams/tennessee-firefighter-exam/index.html[22m [2m(+36ms)[22m 
[2m11:27:48[22m   [34m├─[39m [2m/exams/texas-firefighter-exam/index.html[22m [2m(+38ms)[22m 
[2m11:27:48[22m   [34m├─[39m [2m/exams/utah-firefighter-exam/index.html[22m [2m(+33ms)[22m 
[2m11:27:48[22m   [34m├─[39m [2m/exams/vermont-firefighter-exam/index.html[22m [2m(+31ms)[22m 
[2m11:27:48[22m   [34m├─[39m [2m/exams/virginia-firefighter-exam/index.html[22m [2m(+32ms)[22m 
[2m11:27:48[22m   [34m├─[39m [2m/exams/washington-firefighter-exam/index.html[22m [2m(+35ms)[22m 
[2m11:27:48[22m   [34m├─[39m [2m/exams/west-virginia-firefighter-exam/index.html[22m [2m(+31ms)[22m 
[2m11:27:48[22m   [34m├─[39m [2m/exams/wisconsin-firefighter-exam/index.html[22m [2m(+35ms)[22m 
[2m11:27:48[22m   [34m├─[39m [2m/exams/wyoming-firefighter-exam/index.html[22m [2m(+41ms)[22m 
[2m11:27:48[22m   [34m├─[39m [2m/exams/alabama-registered-nurse-license/index.html[22m [2m(+33ms)[22m 
[2m11:27:48[22m   [34m├─[39m [2m/exams/alaska-registered-nurse-license/index.html[22m [2m(+32ms)[22m 
[2m11:27:48[22m   [34m├─[39m [2m/exams/arizona-registered-nurse-license/index.html[22m [2m(+32ms)[22m 
[2m11:27:48[22m   [34m├─[39m [2m/exams/arkansas-registered-nurse-license/index.html[22m [2m(+34ms)[22m 
[2m11:27:48[22m   [34m├─[39m [2m/exams/california-registered-nurse-license/index.html[22m [2m(+35ms)[22m 
[2m11:27:48[22m   [34m├─[39m [2m/exams/colorado-registered-nurse-license/index.html[22m [2m(+39ms)[22m 
[2m11:27:48[22m   [34m├─[39m [2m/exams/connecticut-registered-nurse-license/index.html[22m [2m(+41ms)[22m 
[2m11:27:49[22m   [34m├─[39m [2m/exams/delaware-registered-nurse-license/index.html[22m [2m(+46ms)[22m 
[2m11:27:49[22m   [34m├─[39m [2m/exams/district-of-columbia-registered-nurse-license/index.html[22m [2m(+49ms)[22m 
[2m11:27:49[22m   [34m├─[39m [2m/exams/florida-registered-nurse-license/index.html[22m [2m(+53ms)[22m 
[2m11:27:49[22m   [34m├─[39m [2m/exams/georgia-registered-nurse-license/index.html[22m [2m(+40ms)[22m 
[2m11:27:49[22m   [34m├─[39m [2m/exams/hawaii-registered-nurse-license/index.html[22m [2m(+37ms)[22m 
[2m11:27:49[22m   [34m├─[39m [2m/exams/idaho-registered-nurse-license/index.html[22m [2m(+35ms)[22m 
[2m11:27:49[22m   [34m├─[39m [2m/exams/illinois-registered-nurse-license/index.html[22m [2m(+36ms)[22m 
[2m11:27:49[22m   [34m├─[39m [2m/exams/indiana-registered-nurse-license/index.html[22m [2m(+32ms)[22m 
[2m11:27:49[22m   [34m├─[39m [2m/exams/iowa-registered-nurse-license/index.html[22m [2m(+31ms)[22m 
[2m11:27:49[22m   [34m├─[39m [2m/exams/kansas-registered-nurse-license/index.html[22m [2m(+32ms)[22m 
[2m11:27:49[22m   [34m├─[39m [2m/exams/kentucky-registered-nurse-license/index.html[22m [2m(+34ms)[22m 
[2m11:27:49[22m   [34m├─[39m [2m/exams/louisiana-registered-nurse-license/index.html[22m [2m(+38ms)[22m 
[2m11:27:49[22m   [34m├─[39m [2m/exams/maine-registered-nurse-license/index.html[22m [2m(+36ms)[22m 
[2m11:27:49[22m   [34m├─[39m [2m/exams/maryland-registered-nurse-license/index.html[22m [2m(+35ms)[22m 
[2m11:27:49[22m   [34m├─[39m [2m/exams/massachusetts-registered-nurse-license/index.html[22m [2m(+32ms)[22m 
[2m11:27:49[22m   [34m├─[39m [2m/exams/michigan-registered-nurse-license/index.html[22m [2m(+34ms)[22m 
[2m11:27:49[22m   [34m├─[39m [2m/exams/minnesota-registered-nurse-license/index.html[22m [2m(+35ms)[22m 
[2m11:27:49[22m   [34m├─[39m [2m/exams/mississippi-registered-nurse-license/index.html[22m [2m(+32ms)[22m 
[2m11:27:49[22m   [34m├─[39m [2m/exams/missouri-registered-nurse-license/index.html[22m [2m(+32ms)[22m 
[2m11:27:49[22m   [34m├─[39m [2m/exams/montana-registered-nurse-license/index.html[22m [2m(+32ms)[22m 
[2m11:27:49[22m   [34m├─[39m [2m/exams/nebraska-registered-nurse-license/index.html[22m [2m(+30ms)[22m 
[2m11:27:49[22m   [34m├─[39m [2m/exams/nevada-registered-nurse-license/index.html[22m [2m(+32ms)[22m 
[2m11:27:49[22m   [34m├─[39m [2m/exams/new-hampshire-registered-nurse-license/index.html[22m [2m(+31ms)[22m 
[2m11:27:49[22m   [34m├─[39m [2m/exams/new-jersey-registered-nurse-license/index.html[22m [2m(+36ms)[22m 
[2m11:27:49[22m   [34m├─[39m [2m/exams/new-mexico-registered-nurse-license/index.html[22m [2m(+32ms)[22m 
[2m11:27:49[22m   [34m├─[39m [2m/exams/new-york-registered-nurse-license/index.html[22m [2m(+31ms)[22m 
[2m11:27:49[22m   [34m├─[39m [2m/exams/north-carolina-registered-nurse-license/index.html[22m [2m(+40ms)[22m 
[2m11:27:49[22m   [34m├─[39m [2m/exams/north-dakota-registered-nurse-license/index.html[22m [2m(+33ms)[22m 
[2m11:27:49[22m   [34m├─[39m [2m/exams/ohio-registered-nurse-license/index.html[22m [2m(+39ms)[22m 
[2m11:27:50[22m   [34m├─[39m [2m/exams/oklahoma-registered-nurse-license/index.html[22m [2m(+33ms)[22m 
[2m11:27:50[22m   [34m├─[39m [2m/exams/oregon-registered-nurse-license/index.html[22m [2m(+32ms)[22m 
[2m11:27:50[22m   [34m├─[39m [2m/exams/pennsylvania-registered-nurse-license/index.html[22m [2m(+35ms)[22m 
[2m11:27:50[22m   [34m├─[39m [2m/exams/rhode-island-registered-nurse-license/index.html[22m [2m(+33ms)[22m 
[2m11:27:50[22m   [34m├─[39m [2m/exams/south-carolina-registered-nurse-license/index.html[22m [2m(+33ms)[22m 
[2m11:27:50[22m   [34m├─[39m [2m/exams/south-dakota-registered-nurse-license/index.html[22m [2m(+34ms)[22m 
[2m11:27:50[22m   [34m├─[39m [2m/exams/tennessee-registered-nurse-license/index.html[22m [2m(+31ms)[22m 
[2m11:27:50[22m   [34m├─[39m [2m/exams/texas-registered-nurse-license/index.html[22m [2m(+32ms)[22m 
[2m11:27:50[22m   [34m├─[39m [2m/exams/utah-registered-nurse-license/index.html[22m [2m(+38ms)[22m 
[2m11:27:50[22m   [34m├─[39m [2m/exams/vermont-registered-nurse-license/index.html[22m [2m(+35ms)[22m 
[2m11:27:50[22m   [34m├─[39m [2m/exams/virginia-registered-nurse-license/index.html[22m [2m(+37ms)[22m 
[2m11:27:50[22m   [34m├─[39m [2m/exams/washington-registered-nurse-license/index.html[22m [2m(+35ms)[22m 
[2m11:27:50[22m   [34m├─[39m [2m/exams/west-virginia-registered-nurse-license/index.html[22m [2m(+34ms)[22m 
[2m11:27:50[22m   [34m├─[39m [2m/exams/wisconsin-registered-nurse-license/index.html[22m [2m(+35ms)[22m 
[2m11:27:50[22m   [34m├─[39m [2m/exams/wyoming-registered-nurse-license/index.html[22m [2m(+32ms)[22m 
[2m11:27:50[22m   [34m├─[39m [2m/exams/alabama-certified-nursing-assistant-certification/index.html[22m [2m(+34ms)[22m 
[2m11:27:50[22m   [34m├─[39m [2m/exams/alaska-certified-nursing-assistant-certification/index.html[22m [2m(+32ms)[22m 
[2m11:27:50[22m   [34m├─[39m [2m/exams/arizona-certified-nursing-assistant-certification/index.html[22m [2m(+33ms)[22m 
[2m11:27:50[22m   [34m├─[39m [2m/exams/arkansas-certified-nursing-assistant-certification/index.html[22m [2m(+32ms)[22m 
[2m11:27:50[22m   [34m├─[39m [2m/exams/california-certified-nursing-assistant-certification/index.html[22m [2m(+32ms)[22m 
[2m11:27:50[22m   [34m├─[39m [2m/exams/colorado-certified-nursing-assistant-certification/index.html[22m [2m(+41ms)[22m 
[2m11:27:50[22m   [34m├─[39m [2m/exams/connecticut-certified-nursing-assistant-certification/index.html[22m [2m(+34ms)[22m 
[2m11:27:50[22m   [34m├─[39m [2m/exams/delaware-certified-nursing-assistant-certification/index.html[22m [2m(+34ms)[22m 
[2m11:27:50[22m   [34m├─[39m [2m/exams/district-of-columbia-certified-nursing-assistant-certification/index.html[22m [2m(+33ms)[22m 
[2m11:27:50[22m   [34m├─[39m [2m/exams/florida-certified-nursing-assistant-certification/index.html[22m [2m(+36ms)[22m 
[2m11:27:50[22m   [34m├─[39m [2m/exams/georgia-certified-nursing-assistant-certification/index.html[22m [2m(+33ms)[22m 
[2m11:27:50[22m   [34m├─[39m [2m/exams/hawaii-certified-nursing-assistant-certification/index.html[22m [2m(+35ms)[22m 
[2m11:27:50[22m   [34m├─[39m [2m/exams/idaho-certified-nursing-assistant-certification/index.html[22m [2m(+32ms)[22m 
[2m11:27:50[22m   [34m├─[39m [2m/exams/illinois-certified-nursing-assistant-certification/index.html[22m [2m(+32ms)[22m 
[2m11:27:51[22m   [34m├─[39m [2m/exams/indiana-certified-nursing-assistant-certification/index.html[22m [2m(+34ms)[22m 
[2m11:27:51[22m   [34m├─[39m [2m/exams/iowa-certified-nursing-assistant-certification/index.html[22m [2m(+36ms)[22m 
[2m11:27:51[22m   [34m├─[39m [2m/exams/kansas-certified-nursing-assistant-certification/index.html[22m [2m(+36ms)[22m 
[2m11:27:51[22m   [34m├─[39m [2m/exams/kentucky-certified-nursing-assistant-certification/index.html[22m [2m(+35ms)[22m 
[2m11:27:51[22m   [34m├─[39m [2m/exams/louisiana-certified-nursing-assistant-certification/index.html[22m [2m(+36ms)[22m 
[2m11:27:51[22m   [34m├─[39m [2m/exams/maine-certified-nursing-assistant-certification/index.html[22m [2m(+33ms)[22m 
[2m11:27:51[22m   [34m├─[39m [2m/exams/maryland-certified-nursing-assistant-certification/index.html[22m [2m(+32ms)[22m 
[2m11:27:51[22m   [34m├─[39m [2m/exams/massachusetts-certified-nursing-assistant-certification/index.html[22m [2m(+33ms)[22m 
[2m11:27:51[22m   [34m├─[39m [2m/exams/michigan-certified-nursing-assistant-certification/index.html[22m [2m(+34ms)[22m 
[2m11:27:51[22m   [34m├─[39m [2m/exams/minnesota-certified-nursing-assistant-certification/index.html[22m [2m(+35ms)[22m 
[2m11:27:51[22m   [34m├─[39m [2m/exams/mississippi-certified-nursing-assistant-certification/index.html[22m [2m(+36ms)[22m 
[2m11:27:51[22m   [34m├─[39m [2m/exams/missouri-certified-nursing-assistant-certification/index.html[22m [2m(+34ms)[22m 
[2m11:27:51[22m   [34m├─[39m [2m/exams/montana-certified-nursing-assistant-certification/index.html[22m [2m(+35ms)[22m 
[2m11:27:51[22m   [34m├─[39m [2m/exams/nebraska-certified-nursing-assistant-certification/index.html[22m [2m(+35ms)[22m 
[2m11:27:51[22m   [34m├─[39m [2m/exams/nevada-certified-nursing-assistant-certification/index.html[22m [2m(+34ms)[22m 
[2m11:27:51[22m   [34m├─[39m [2m/exams/new-hampshire-certified-nursing-assistant-certification/index.html[22m [2m(+33ms)[22m 
[2m11:27:51[22m   [34m├─[39m [2m/exams/new-jersey-certified-nursing-assistant-certification/index.html[22m [2m(+37ms)[22m 
[2m11:27:51[22m   [34m├─[39m [2m/exams/new-mexico-certified-nursing-assistant-certification/index.html[22m [2m(+34ms)[22m 
[2m11:27:51[22m   [34m├─[39m [2m/exams/new-york-certified-nursing-assistant-certification/index.html[22m [2m(+32ms)[22m 
[2m11:27:51[22m   [34m├─[39m [2m/exams/north-carolina-certified-nursing-assistant-certification/index.html[22m [2m(+34ms)[22m 
[2m11:27:51[22m   [34m├─[39m [2m/exams/north-dakota-certified-nursing-assistant-certification/index.html[22m [2m(+33ms)[22m 
[2m11:27:51[22m   [34m├─[39m [2m/exams/ohio-certified-nursing-assistant-certification/index.html[22m [2m(+33ms)[22m 
[2m11:27:51[22m   [34m├─[39m [2m/exams/oklahoma-certified-nursing-assistant-certification/index.html[22m [2m(+32ms)[22m 
[2m11:27:51[22m   [34m├─[39m [2m/exams/oregon-certified-nursing-assistant-certification/index.html[22m [2m(+40ms)[22m 
[2m11:27:51[22m   [34m├─[39m [2m/exams/pennsylvania-certified-nursing-assistant-certification/index.html[22m [2m(+34ms)[22m 
[2m11:27:51[22m   [34m├─[39m [2m/exams/rhode-island-certified-nursing-assistant-certification/index.html[22m [2m(+34ms)[22m 
[2m11:27:51[22m   [34m├─[39m [2m/exams/south-carolina-certified-nursing-assistant-certification/index.html[22m [2m(+36ms)[22m 
[2m11:27:51[22m   [34m├─[39m [2m/exams/south-dakota-certified-nursing-assistant-certification/index.html[22m [2m(+34ms)[22m 
[2m11:27:51[22m   [34m├─[39m [2m/exams/tennessee-certified-nursing-assistant-certification/index.html[22m [2m(+38ms)[22m 
[2m11:27:52[22m   [34m├─[39m [2m/exams/texas-certified-nursing-assistant-certification/index.html[22m [2m(+35ms)[22m 
[2m11:27:52[22m   [34m├─[39m [2m/exams/utah-certified-nursing-assistant-certification/index.html[22m [2m(+38ms)[22m 
[2m11:27:52[22m   [34m├─[39m [2m/exams/vermont-certified-nursing-assistant-certification/index.html[22m [2m(+35ms)[22m 
[2m11:27:52[22m   [34m├─[39m [2m/exams/virginia-certified-nursing-assistant-certification/index.html[22m [2m(+34ms)[22m 
[2m11:27:52[22m   [34m├─[39m [2m/exams/washington-certified-nursing-assistant-certification/index.html[22m [2m(+33ms)[22m 
[2m11:27:52[22m   [34m├─[39m [2m/exams/west-virginia-certified-nursing-assistant-certification/index.html[22m [2m(+34ms)[22m 
[2m11:27:52[22m   [34m├─[39m [2m/exams/wisconsin-certified-nursing-assistant-certification/index.html[22m [2m(+35ms)[22m 
[2m11:27:52[22m   [34m├─[39m [2m/exams/wyoming-certified-nursing-assistant-certification/index.html[22m [2m(+34ms)[22m 
[2m11:27:52[22m   [34m├─[39m [2m/exams/alabama-pharmacy-technician-registration/index.html[22m [2m(+44ms)[22m 
[2m11:27:52[22m   [34m├─[39m [2m/exams/alaska-pharmacy-technician-registration/index.html[22m [2m(+43ms)[22m 
[2m11:27:52[22m   [34m├─[39m [2m/exams/arizona-pharmacy-technician-registration/index.html[22m [2m(+43ms)[22m 
[2m11:27:52[22m   [34m├─[39m [2m/exams/arkansas-pharmacy-technician-registration/index.html[22m [2m(+35ms)[22m 
[2m11:27:52[22m   [34m├─[39m [2m/exams/california-pharmacy-technician-registration/index.html[22m [2m(+35ms)[22m 
[2m11:27:52[22m   [34m├─[39m [2m/exams/colorado-pharmacy-technician-registration/index.html[22m [2m(+34ms)[22m 
[2m11:27:52[22m   [34m├─[39m [2m/exams/connecticut-pharmacy-technician-registration/index.html[22m [2m(+33ms)[22m 
[2m11:27:52[22m   [34m├─[39m [2m/exams/delaware-pharmacy-technician-registration/index.html[22m [2m(+35ms)[22m 
[2m11:27:52[22m   [34m├─[39m [2m/exams/district-of-columbia-pharmacy-technician-registration/index.html[22m [2m(+40ms)[22m 
[2m11:27:52[22m   [34m├─[39m [2m/exams/florida-pharmacy-technician-registration/index.html[22m [2m(+36ms)[22m 
[2m11:27:52[22m   [34m├─[39m [2m/exams/georgia-pharmacy-technician-registration/index.html[22m [2m(+37ms)[22m 
[2m11:27:52[22m   [34m├─[39m [2m/exams/hawaii-pharmacy-technician-registration/index.html[22m [2m(+31ms)[22m 
[2m11:27:52[22m   [34m├─[39m [2m/exams/idaho-pharmacy-technician-registration/index.html[22m [2m(+33ms)[22m 
[2m11:27:52[22m   [34m├─[39m [2m/exams/illinois-pharmacy-technician-registration/index.html[22m [2m(+32ms)[22m 
[2m11:27:52[22m   [34m├─[39m [2m/exams/indiana-pharmacy-technician-registration/index.html[22m [2m(+33ms)[22m 
[2m11:27:52[22m   [34m├─[39m [2m/exams/iowa-pharmacy-technician-registration/index.html[22m [2m(+34ms)[22m 
[2m11:27:52[22m   [34m├─[39m [2m/exams/kansas-pharmacy-technician-registration/index.html[22m [2m(+36ms)[22m 
[2m11:27:52[22m   [34m├─[39m [2m/exams/kentucky-pharmacy-technician-registration/index.html[22m [2m(+35ms)[22m 
[2m11:27:52[22m   [34m├─[39m [2m/exams/louisiana-pharmacy-technician-registration/index.html[22m [2m(+33ms)[22m 
[2m11:27:52[22m   [34m├─[39m [2m/exams/maine-pharmacy-technician-registration/index.html[22m [2m(+34ms)[22m 
[2m11:27:53[22m   [34m├─[39m [2m/exams/maryland-pharmacy-technician-registration/index.html[22m [2m(+45ms)[22m 
[2m11:27:53[22m   [34m├─[39m [2m/exams/massachusetts-pharmacy-technician-registration/index.html[22m [2m(+33ms)[22m 
[2m11:27:53[22m   [34m├─[39m [2m/exams/michigan-pharmacy-technician-registration/index.html[22m [2m(+33ms)[22m 
[2m11:27:53[22m   [34m├─[39m [2m/exams/minnesota-pharmacy-technician-registration/index.html[22m [2m(+34ms)[22m 
[2m11:27:53[22m   [34m├─[39m [2m/exams/mississippi-pharmacy-technician-registration/index.html[22m [2m(+35ms)[22m 
[2m11:27:53[22m   [34m├─[39m [2m/exams/missouri-pharmacy-technician-registration/index.html[22m [2m(+44ms)[22m 
[2m11:27:53[22m   [34m├─[39m [2m/exams/montana-pharmacy-technician-registration/index.html[22m [2m(+34ms)[22m 
[2m11:27:53[22m   [34m├─[39m [2m/exams/nebraska-pharmacy-technician-registration/index.html[22m [2m(+37ms)[22m 
[2m11:27:53[22m   [34m├─[39m [2m/exams/nevada-pharmacy-technician-registration/index.html[22m [2m(+33ms)[22m 
[2m11:27:53[22m   [34m├─[39m [2m/exams/new-hampshire-pharmacy-technician-registration/index.html[22m [2m(+33ms)[22m 
[2m11:27:53[22m   [34m├─[39m [2m/exams/new-jersey-pharmacy-technician-registration/index.html[22m [2m(+35ms)[22m 
[2m11:27:53[22m   [34m├─[39m [2m/exams/new-mexico-pharmacy-technician-registration/index.html[22m [2m(+34ms)[22m 
[2m11:27:53[22m   [34m├─[39m [2m/exams/new-york-pharmacy-technician-registration/index.html[22m [2m(+34ms)[22m 
[2m11:27:53[22m   [34m├─[39m [2m/exams/north-carolina-pharmacy-technician-registration/index.html[22m [2m(+34ms)[22m 
[2m11:27:53[22m   [34m├─[39m [2m/exams/north-dakota-pharmacy-technician-registration/index.html[22m [2m(+33ms)[22m 
[2m11:27:53[22m   [34m├─[39m [2m/exams/ohio-pharmacy-technician-registration/index.html[22m [2m(+32ms)[22m 
[2m11:27:53[22m   [34m├─[39m [2m/exams/oklahoma-pharmacy-technician-registration/index.html[22m [2m(+32ms)[22m 
[2m11:27:53[22m   [34m├─[39m [2m/exams/oregon-pharmacy-technician-registration/index.html[22m [2m(+31ms)[22m 
[2m11:27:53[22m   [34m├─[39m [2m/exams/pennsylvania-pharmacy-technician-registration/index.html[22m [2m(+33ms)[22m 
[2m11:27:53[22m   [34m├─[39m [2m/exams/rhode-island-pharmacy-technician-registration/index.html[22m [2m(+32ms)[22m 
[2m11:27:53[22m   [34m├─[39m [2m/exams/south-carolina-pharmacy-technician-registration/index.html[22m [2m(+32ms)[22m 
[2m11:27:53[22m   [34m├─[39m [2m/exams/south-dakota-pharmacy-technician-registration/index.html[22m [2m(+32ms)[22m 
[2m11:27:53[22m   [34m├─[39m [2m/exams/tennessee-pharmacy-technician-registration/index.html[22m [2m(+31ms)[22m 
[2m11:27:53[22m   [34m├─[39m [2m/exams/texas-pharmacy-technician-registration/index.html[22m [2m(+32ms)[22m 
[2m11:27:53[22m   [34m├─[39m [2m/exams/utah-pharmacy-technician-registration/index.html[22m [2m(+38ms)[22m 
[2m11:27:53[22m   [34m├─[39m [2m/exams/vermont-pharmacy-technician-registration/index.html[22m [2m(+34ms)[22m 
[2m11:27:53[22m   [34m├─[39m [2m/exams/virginia-pharmacy-technician-registration/index.html[22m [2m(+34ms)[22m 
[2m11:27:53[22m   [34m├─[39m [2m/exams/washington-pharmacy-technician-registration/index.html[22m [2m(+40ms)[22m 
[2m11:27:53[22m   [34m├─[39m [2m/exams/west-virginia-pharmacy-technician-registration/index.html[22m [2m(+32ms)[22m 
[2m11:27:54[22m   [34m├─[39m [2m/exams/wisconsin-pharmacy-technician-registration/index.html[22m [2m(+33ms)[22m 
[2m11:27:54[22m   [34m├─[39m [2m/exams/wyoming-pharmacy-technician-registration/index.html[22m [2m(+33ms)[22m 
[2m11:27:54[22m   [34m├─[39m [2m/exams/alabama-emt-certification/index.html[22m [2m(+31ms)[22m 
[2m11:27:54[22m   [34m├─[39m [2m/exams/alaska-emt-certification/index.html[22m [2m(+32ms)[22m 
[2m11:27:54[22m   [34m├─[39m [2m/exams/arizona-emt-certification/index.html[22m [2m(+31ms)[22m 
[2m11:27:54[22m   [34m├─[39m [2m/exams/arkansas-emt-certification/index.html[22m [2m(+33ms)[22m 
[2m11:27:54[22m   [34m├─[39m [2m/exams/california-emt-certification/index.html[22m [2m(+31ms)[22m 
[2m11:27:54[22m   [34m├─[39m [2m/exams/colorado-emt-certification/index.html[22m [2m(+32ms)[22m 
[2m11:27:54[22m   [34m├─[39m [2m/exams/connecticut-emt-certification/index.html[22m [2m(+35ms)[22m 
[2m11:27:54[22m   [34m├─[39m [2m/exams/delaware-emt-certification/index.html[22m [2m(+32ms)[22m 
[2m11:27:54[22m   [34m├─[39m [2m/exams/district-of-columbia-emt-certification/index.html[22m [2m(+34ms)[22m 
[2m11:27:54[22m   [34m├─[39m [2m/exams/florida-emt-certification/index.html[22m [2m(+34ms)[22m 
[2m11:27:54[22m   [34m├─[39m [2m/exams/georgia-emt-certification/index.html[22m [2m(+33ms)[22m 
[2m11:27:54[22m   [34m├─[39m [2m/exams/hawaii-emt-certification/index.html[22m [2m(+38ms)[22m 
[2m11:27:54[22m   [34m├─[39m [2m/exams/idaho-emt-certification/index.html[22m [2m(+32ms)[22m 
[2m11:27:54[22m   [34m├─[39m [2m/exams/illinois-emt-certification/index.html[22m [2m(+38ms)[22m 
[2m11:27:54[22m   [34m├─[39m [2m/exams/indiana-emt-certification/index.html[22m [2m(+38ms)[22m 
[2m11:27:54[22m   [34m├─[39m [2m/exams/iowa-emt-certification/index.html[22m [2m(+34ms)[22m 
[2m11:27:54[22m   [34m├─[39m [2m/exams/kansas-emt-certification/index.html[22m [2m(+34ms)[22m 
[2m11:27:54[22m   [34m├─[39m [2m/exams/kentucky-emt-certification/index.html[22m [2m(+32ms)[22m 
[2m11:27:54[22m   [34m├─[39m [2m/exams/louisiana-emt-certification/index.html[22m [2m(+33ms)[22m 
[2m11:27:54[22m   [34m├─[39m [2m/exams/maine-emt-certification/index.html[22m [2m(+34ms)[22m 
[2m11:27:54[22m   [34m├─[39m [2m/exams/maryland-emt-certification/index.html[22m [2m(+37ms)[22m 
[2m11:27:54[22m   [34m├─[39m [2m/exams/massachusetts-emt-certification/index.html[22m [2m(+36ms)[22m 
[2m11:27:54[22m   [34m├─[39m [2m/exams/michigan-emt-certification/index.html[22m [2m(+32ms)[22m 
[2m11:27:54[22m   [34m├─[39m [2m/exams/minnesota-emt-certification/index.html[22m [2m(+40ms)[22m 
[2m11:27:54[22m   [34m├─[39m [2m/exams/mississippi-emt-certification/index.html[22m [2m(+31ms)[22m 
[2m11:27:54[22m   [34m├─[39m [2m/exams/missouri-emt-certification/index.html[22m [2m(+35ms)[22m 
[2m11:27:54[22m   [34m├─[39m [2m/exams/montana-emt-certification/index.html[22m [2m(+32ms)[22m 
[2m11:27:55[22m   [34m├─[39m [2m/exams/nebraska-emt-certification/index.html[22m [2m(+34ms)[22m 
[2m11:27:55[22m   [34m├─[39m [2m/exams/nevada-emt-certification/index.html[22m [2m(+31ms)[22m 
[2m11:27:55[22m   [34m├─[39m [2m/exams/new-hampshire-emt-certification/index.html[22m [2m(+35ms)[22m 
[2m11:27:55[22m   [34m├─[39m [2m/exams/new-jersey-emt-certification/index.html[22m [2m(+32ms)[22m 
[2m11:27:55[22m   [34m├─[39m [2m/exams/new-mexico-emt-certification/index.html[22m [2m(+33ms)[22m 
[2m11:27:55[22m   [34m├─[39m [2m/exams/new-york-emt-certification/index.html[22m [2m(+34ms)[22m 
[2m11:27:55[22m   [34m├─[39m [2m/exams/north-carolina-emt-certification/index.html[22m [2m(+34ms)[22m 
[2m11:27:55[22m   [34m├─[39m [2m/exams/north-dakota-emt-certification/index.html[22m [2m(+31ms)[22m 
[2m11:27:55[22m   [34m├─[39m [2m/exams/ohio-emt-certification/index.html[22m [2m(+31ms)[22m 
[2m11:27:55[22m   [34m├─[39m [2m/exams/oklahoma-emt-certification/index.html[22m [2m(+34ms)[22m 
[2m11:27:55[22m   [34m├─[39m [2m/exams/oregon-emt-certification/index.html[22m [2m(+32ms)[22m 
[2m11:27:55[22m   [34m├─[39m [2m/exams/pennsylvania-emt-certification/index.html[22m [2m(+33ms)[22m 
[2m11:27:55[22m   [34m├─[39m [2m/exams/rhode-island-emt-certification/index.html[22m [2m(+34ms)[22m 
[2m11:27:55[22m   [34m├─[39m [2m/exams/south-carolina-emt-certification/index.html[22m [2m(+34ms)[22m 
[2m11:27:55[22m   [34m├─[39m [2m/exams/south-dakota-emt-certification/index.html[22m [2m(+34ms)[22m 
[2m11:27:55[22m   [34m├─[39m [2m/exams/tennessee-emt-certification/index.html[22m [2m(+33ms)[22m 
[2m11:27:55[22m   [34m├─[39m [2m/exams/texas-emt-certification/index.html[22m [2m(+31ms)[22m 
[2m11:27:55[22m   [34m├─[39m [2m/exams/utah-emt-certification/index.html[22m [2m(+33ms)[22m 
[2m11:27:55[22m   [34m├─[39m [2m/exams/vermont-emt-certification/index.html[22m [2m(+35ms)[22m 
[2m11:27:55[22m   [34m├─[39m [2m/exams/virginia-emt-certification/index.html[22m [2m(+32ms)[22m 
[2m11:27:55[22m   [34m├─[39m [2m/exams/washington-emt-certification/index.html[22m [2m(+37ms)[22m 
[2m11:27:55[22m   [34m├─[39m [2m/exams/west-virginia-emt-certification/index.html[22m [2m(+33ms)[22m 
[2m11:27:55[22m   [34m├─[39m [2m/exams/wisconsin-emt-certification/index.html[22m [2m(+35ms)[22m 
[2m11:27:55[22m   [34m├─[39m [2m/exams/wyoming-emt-certification/index.html[22m [2m(+35ms)[22m 
[2m11:27:55[22m   [34m├─[39m [2m/exams/alabama-food-handler-card/index.html[22m [2m(+34ms)[22m 
[2m11:27:55[22m   [34m├─[39m [2m/exams/alaska-food-handler-card/index.html[22m [2m(+35ms)[22m 
[2m11:27:55[22m   [34m├─[39m [2m/exams/arizona-food-handler-card/index.html[22m [2m(+32ms)[22m 
[2m11:27:55[22m   [34m├─[39m [2m/exams/arkansas-food-handler-card/index.html[22m [2m(+32ms)[22m 
[2m11:27:55[22m   [34m├─[39m [2m/exams/california-food-handler-card/index.html[22m [2m(+34ms)[22m 
[2m11:27:55[22m   [34m├─[39m [2m/exams/colorado-food-handler-card/index.html[22m [2m(+31ms)[22m 
[2m11:27:56[22m   [34m├─[39m [2m/exams/connecticut-food-handler-card/index.html[22m [2m(+32ms)[22m 
[2m11:27:56[22m   [34m├─[39m [2m/exams/delaware-food-handler-card/index.html[22m [2m(+32ms)[22m 
[2m11:27:56[22m   [34m├─[39m [2m/exams/district-of-columbia-food-handler-card/index.html[22m [2m(+33ms)[22m 
[2m11:27:56[22m   [34m├─[39m [2m/exams/florida-food-handler-card/index.html[22m [2m(+33ms)[22m 
[2m11:27:56[22m   [34m├─[39m [2m/exams/georgia-food-handler-card/index.html[22m [2m(+33ms)[22m 
[2m11:27:56[22m   [34m├─[39m [2m/exams/hawaii-food-handler-card/index.html[22m [2m(+34ms)[22m 
[2m11:27:56[22m   [34m├─[39m [2m/exams/idaho-food-handler-card/index.html[22m [2m(+37ms)[22m 
[2m11:27:56[22m   [34m├─[39m [2m/exams/illinois-food-handler-card/index.html[22m [2m(+34ms)[22m 
[2m11:27:56[22m   [34m├─[39m [2m/exams/indiana-food-handler-card/index.html[22m [2m(+33ms)[22m 
[2m11:27:56[22m   [34m├─[39m [2m/exams/iowa-food-handler-card/index.html[22m [2m(+31ms)[22m 
[2m11:27:56[22m   [34m├─[39m [2m/exams/kansas-food-handler-card/index.html[22m [2m(+34ms)[22m 
[2m11:27:56[22m   [34m├─[39m [2m/exams/kentucky-food-handler-card/index.html[22m [2m(+34ms)[22m 
[2m11:27:56[22m   [34m├─[39m [2m/exams/louisiana-food-handler-card/index.html[22m [2m(+34ms)[22m 
[2m11:27:56[22m   [34m├─[39m [2m/exams/maine-food-handler-card/index.html[22m [2m(+34ms)[22m 
[2m11:27:56[22m   [34m├─[39m [2m/exams/maryland-food-handler-card/index.html[22m [2m(+38ms)[22m 
[2m11:27:56[22m   [34m├─[39m [2m/exams/massachusetts-food-handler-card/index.html[22m [2m(+45ms)[22m 
[2m11:27:56[22m   [34m├─[39m [2m/exams/michigan-food-handler-card/index.html[22m [2m(+40ms)[22m 
[2m11:27:56[22m   [34m├─[39m [2m/exams/minnesota-food-handler-card/index.html[22m [2m(+35ms)[22m 
[2m11:27:56[22m   [34m├─[39m [2m/exams/mississippi-food-handler-card/index.html[22m [2m(+34ms)[22m 
[2m11:27:56[22m   [34m├─[39m [2m/exams/missouri-food-handler-card/index.html[22m [2m(+31ms)[22m 
[2m11:27:56[22m   [34m├─[39m [2m/exams/montana-food-handler-card/index.html[22m [2m(+32ms)[22m 
[2m11:27:56[22m   [34m├─[39m [2m/exams/nebraska-food-handler-card/index.html[22m [2m(+36ms)[22m 
[2m11:27:56[22m   [34m├─[39m [2m/exams/nevada-food-handler-card/index.html[22m [2m(+34ms)[22m 
[2m11:27:56[22m   [34m├─[39m [2m/exams/new-hampshire-food-handler-card/index.html[22m [2m(+35ms)[22m 
[2m11:27:56[22m   [34m├─[39m [2m/exams/new-jersey-food-handler-card/index.html[22m [2m(+36ms)[22m 
[2m11:27:56[22m   [34m├─[39m [2m/exams/new-mexico-food-handler-card/index.html[22m [2m(+33ms)[22m 
[2m11:27:56[22m   [34m├─[39m [2m/exams/new-york-food-handler-card/index.html[22m [2m(+34ms)[22m 
[2m11:27:56[22m   [34m├─[39m [2m/exams/north-carolina-food-handler-card/index.html[22m [2m(+36ms)[22m 
[2m11:27:56[22m   [34m├─[39m [2m/exams/north-dakota-food-handler-card/index.html[22m [2m(+34ms)[22m 
[2m11:27:57[22m   [34m├─[39m [2m/exams/ohio-food-handler-card/index.html[22m [2m(+38ms)[22m 
[2m11:27:57[22m   [34m├─[39m [2m/exams/oklahoma-food-handler-card/index.html[22m [2m(+36ms)[22m 
[2m11:27:57[22m   [34m├─[39m [2m/exams/oregon-food-handler-card/index.html[22m [2m(+33ms)[22m 
[2m11:27:57[22m   [34m├─[39m [2m/exams/pennsylvania-food-handler-card/index.html[22m [2m(+34ms)[22m 
[2m11:27:57[22m   [34m├─[39m [2m/exams/rhode-island-food-handler-card/index.html[22m [2m(+33ms)[22m 
[2m11:27:57[22m   [34m├─[39m [2m/exams/south-carolina-food-handler-card/index.html[22m [2m(+33ms)[22m 
[2m11:27:57[22m   [34m├─[39m [2m/exams/south-dakota-food-handler-card/index.html[22m [2m(+33ms)[22m 
[2m11:27:57[22m   [34m├─[39m [2m/exams/tennessee-food-handler-card/index.html[22m [2m(+36ms)[22m 
[2m11:27:57[22m   [34m├─[39m [2m/exams/texas-food-handler-card/index.html[22m [2m(+39ms)[22m 
[2m11:27:57[22m   [34m├─[39m [2m/exams/utah-food-handler-card/index.html[22m [2m(+32ms)[22m 
[2m11:27:57[22m   [34m├─[39m [2m/exams/vermont-food-handler-card/index.html[22m [2m(+44ms)[22m 
[2m11:27:57[22m   [34m├─[39m [2m/exams/virginia-food-handler-card/index.html[22m [2m(+36ms)[22m 
[2m11:27:57[22m   [34m├─[39m [2m/exams/washington-food-handler-card/index.html[22m [2m(+34ms)[22m 
[2m11:27:57[22m   [34m├─[39m [2m/exams/west-virginia-food-handler-card/index.html[22m [2m(+32ms)[22m 
[2m11:27:57[22m   [34m├─[39m [2m/exams/wisconsin-food-handler-card/index.html[22m [2m(+31ms)[22m 
[2m11:27:57[22m   [34m├─[39m [2m/exams/wyoming-food-handler-card/index.html[22m [2m(+33ms)[22m 
[2m11:27:57[22m   [34m├─[39m [2m/exams/alabama-food-protection-manager-certification/index.html[22m [2m(+35ms)[22m 
[2m11:27:57[22m   [34m├─[39m [2m/exams/alaska-food-protection-manager-certification/index.html[22m [2m(+31ms)[22m 
[2m11:27:57[22m   [34m├─[39m [2m/exams/arizona-food-protection-manager-certification/index.html[22m [2m(+31ms)[22m 
[2m11:27:57[22m   [34m├─[39m [2m/exams/arkansas-food-protection-manager-certification/index.html[22m [2m(+34ms)[22m 
[2m11:27:57[22m   [34m├─[39m [2m/exams/california-food-protection-manager-certification/index.html[22m [2m(+34ms)[22m 
[2m11:27:57[22m   [34m├─[39m [2m/exams/colorado-food-protection-manager-certification/index.html[22m [2m(+36ms)[22m 
[2m11:27:57[22m   [34m├─[39m [2m/exams/connecticut-food-protection-manager-certification/index.html[22m [2m(+33ms)[22m 
[2m11:27:57[22m   [34m├─[39m [2m/exams/delaware-food-protection-manager-certification/index.html[22m [2m(+31ms)[22m 
[2m11:27:57[22m   [34m├─[39m [2m/exams/district-of-columbia-food-protection-manager-certification/index.html[22m [2m(+33ms)[22m 
[2m11:27:57[22m   [34m├─[39m [2m/exams/florida-food-protection-manager-certification/index.html[22m [2m(+31ms)[22m 
[2m11:27:57[22m   [34m├─[39m [2m/exams/georgia-food-protection-manager-certification/index.html[22m [2m(+32ms)[22m 
[2m11:27:57[22m   [34m├─[39m [2m/exams/hawaii-food-protection-manager-certification/index.html[22m [2m(+35ms)[22m 
[2m11:27:57[22m   [34m├─[39m [2m/exams/idaho-food-protection-manager-certification/index.html[22m [2m(+32ms)[22m 
[2m11:27:57[22m   [34m├─[39m [2m/exams/illinois-food-protection-manager-certification/index.html[22m [2m(+34ms)[22m 
[2m11:27:58[22m   [34m├─[39m [2m/exams/indiana-food-protection-manager-certification/index.html[22m [2m(+51ms)[22m 
[2m11:27:58[22m   [34m├─[39m [2m/exams/iowa-food-protection-manager-certification/index.html[22m [2m(+36ms)[22m 
[2m11:27:58[22m   [34m├─[39m [2m/exams/kansas-food-protection-manager-certification/index.html[22m [2m(+32ms)[22m 
[2m11:27:58[22m   [34m├─[39m [2m/exams/kentucky-food-protection-manager-certification/index.html[22m [2m(+33ms)[22m 
[2m11:27:58[22m   [34m├─[39m [2m/exams/louisiana-food-protection-manager-certification/index.html[22m [2m(+32ms)[22m 
[2m11:27:58[22m   [34m├─[39m [2m/exams/maine-food-protection-manager-certification/index.html[22m [2m(+33ms)[22m 
[2m11:27:58[22m   [34m├─[39m [2m/exams/maryland-food-protection-manager-certification/index.html[22m [2m(+34ms)[22m 
[2m11:27:58[22m   [34m├─[39m [2m/exams/massachusetts-food-protection-manager-certification/index.html[22m [2m(+34ms)[22m 
[2m11:27:58[22m   [34m├─[39m [2m/exams/michigan-food-protection-manager-certification/index.html[22m [2m(+34ms)[22m 
[2m11:27:58[22m   [34m├─[39m [2m/exams/minnesota-food-protection-manager-certification/index.html[22m [2m(+33ms)[22m 
[2m11:27:58[22m   [34m├─[39m [2m/exams/mississippi-food-protection-manager-certification/index.html[22m [2m(+35ms)[22m 
[2m11:27:58[22m   [34m├─[39m [2m/exams/missouri-food-protection-manager-certification/index.html[22m [2m(+37ms)[22m 
[2m11:27:58[22m   [34m├─[39m [2m/exams/montana-food-protection-manager-certification/index.html[22m [2m(+35ms)[22m 
[2m11:27:58[22m   [34m├─[39m [2m/exams/nebraska-food-protection-manager-certification/index.html[22m [2m(+36ms)[22m 
[2m11:27:58[22m   [34m├─[39m [2m/exams/nevada-food-protection-manager-certification/index.html[22m [2m(+35ms)[22m 
[2m11:27:58[22m   [34m├─[39m [2m/exams/new-hampshire-food-protection-manager-certification/index.html[22m [2m(+46ms)[22m 
[2m11:27:58[22m   [34m├─[39m [2m/exams/new-jersey-food-protection-manager-certification/index.html[22m [2m(+34ms)[22m 
[2m11:27:58[22m   [34m├─[39m [2m/exams/new-mexico-food-protection-manager-certification/index.html[22m [2m(+32ms)[22m 
[2m11:27:58[22m   [34m├─[39m [2m/exams/new-york-food-protection-manager-certification/index.html[22m [2m(+43ms)[22m 
[2m11:27:58[22m   [34m├─[39m [2m/exams/north-carolina-food-protection-manager-certification/index.html[22m [2m(+32ms)[22m 
[2m11:27:58[22m   [34m├─[39m [2m/exams/north-dakota-food-protection-manager-certification/index.html[22m [2m(+34ms)[22m 
[2m11:27:58[22m   [34m├─[39m [2m/exams/ohio-food-protection-manager-certification/index.html[22m [2m(+32ms)[22m 
[2m11:27:58[22m   [34m├─[39m [2m/exams/oklahoma-food-protection-manager-certification/index.html[22m [2m(+34ms)[22m 
[2m11:27:58[22m   [34m├─[39m [2m/exams/oregon-food-protection-manager-certification/index.html[22m [2m(+34ms)[22m 
[2m11:27:58[22m   [34m├─[39m [2m/exams/pennsylvania-food-protection-manager-certification/index.html[22m [2m(+35ms)[22m 
[2m11:27:58[22m   [34m├─[39m [2m/exams/rhode-island-food-protection-manager-certification/index.html[22m [2m(+35ms)[22m 
[2m11:27:58[22m   [34m├─[39m [2m/exams/south-carolina-food-protection-manager-certification/index.html[22m [2m(+34ms)[22m 
[2m11:27:58[22m   [34m├─[39m [2m/exams/south-dakota-food-protection-manager-certification/index.html[22m [2m(+33ms)[22m 
[2m11:27:59[22m   [34m├─[39m [2m/exams/tennessee-food-protection-manager-certification/index.html[22m [2m(+36ms)[22m 
[2m11:27:59[22m   [34m├─[39m [2m/exams/texas-food-protection-manager-certification/index.html[22m [2m(+34ms)[22m 
[2m11:27:59[22m   [34m├─[39m [2m/exams/utah-food-protection-manager-certification/index.html[22m [2m(+33ms)[22m 
[2m11:27:59[22m   [34m├─[39m [2m/exams/vermont-food-protection-manager-certification/index.html[22m [2m(+34ms)[22m 
[2m11:27:59[22m   [34m├─[39m [2m/exams/virginia-food-protection-manager-certification/index.html[22m [2m(+40ms)[22m 
[2m11:27:59[22m   [34m├─[39m [2m/exams/washington-food-protection-manager-certification/index.html[22m [2m(+36ms)[22m 
[2m11:27:59[22m   [34m├─[39m [2m/exams/west-virginia-food-protection-manager-certification/index.html[22m [2m(+36ms)[22m 
[2m11:27:59[22m   [34m├─[39m [2m/exams/wisconsin-food-protection-manager-certification/index.html[22m [2m(+34ms)[22m 
[2m11:27:59[22m   [34m├─[39m [2m/exams/wyoming-food-protection-manager-certification/index.html[22m [2m(+36ms)[22m 
[2m11:27:59[22m   [34m├─[39m [2m/exams/alabama-alcohol-server-certification/index.html[22m [2m(+36ms)[22m 
[2m11:27:59[22m   [34m├─[39m [2m/exams/alaska-alcohol-server-certification/index.html[22m [2m(+35ms)[22m 
[2m11:27:59[22m   [34m├─[39m [2m/exams/arizona-alcohol-server-certification/index.html[22m [2m(+37ms)[22m 
[2m11:27:59[22m   [34m├─[39m [2m/exams/arkansas-alcohol-server-certification/index.html[22m [2m(+35ms)[22m 
[2m11:27:59[22m   [34m├─[39m [2m/exams/california-alcohol-server-certification/index.html[22m [2m(+38ms)[22m 
[2m11:27:59[22m   [34m├─[39m [2m/exams/colorado-alcohol-server-certification/index.html[22m [2m(+41ms)[22m 
[2m11:27:59[22m   [34m├─[39m [2m/exams/connecticut-alcohol-server-certification/index.html[22m [2m(+33ms)[22m 
[2m11:27:59[22m   [34m├─[39m [2m/exams/delaware-alcohol-server-certification/index.html[22m [2m(+33ms)[22m 
[2m11:27:59[22m   [34m├─[39m [2m/exams/district-of-columbia-alcohol-server-certification/index.html[22m [2m(+33ms)[22m 
[2m11:27:59[22m   [34m├─[39m [2m/exams/florida-alcohol-server-certification/index.html[22m [2m(+33ms)[22m 
[2m11:27:59[22m   [34m├─[39m [2m/exams/georgia-alcohol-server-certification/index.html[22m [2m(+33ms)[22m 
[2m11:27:59[22m   [34m├─[39m [2m/exams/hawaii-alcohol-server-certification/index.html[22m [2m(+33ms)[22m 
[2m11:27:59[22m   [34m├─[39m [2m/exams/idaho-alcohol-server-certification/index.html[22m [2m(+36ms)[22m 
[2m11:27:59[22m   [34m├─[39m [2m/exams/illinois-alcohol-server-certification/index.html[22m [2m(+35ms)[22m 
[2m11:27:59[22m   [34m├─[39m [2m/exams/indiana-alcohol-server-certification/index.html[22m [2m(+33ms)[22m 
[2m11:27:59[22m   [34m├─[39m [2m/exams/iowa-alcohol-server-certification/index.html[22m [2m(+33ms)[22m 
[2m11:27:59[22m   [34m├─[39m [2m/exams/kansas-alcohol-server-certification/index.html[22m [2m(+34ms)[22m 
[2m11:27:59[22m   [34m├─[39m [2m/exams/kentucky-alcohol-server-certification/index.html[22m [2m(+34ms)[22m 
[2m11:27:59[22m   [34m├─[39m [2m/exams/louisiana-alcohol-server-certification/index.html[22m [2m(+34ms)[22m 
[2m11:27:59[22m   [34m├─[39m [2m/exams/maine-alcohol-server-certification/index.html[22m [2m(+39ms)[22m 
[2m11:28:00[22m   [34m├─[39m [2m/exams/maryland-alcohol-server-certification/index.html[22m [2m(+34ms)[22m 
[2m11:28:00[22m   [34m├─[39m [2m/exams/massachusetts-alcohol-server-certification/index.html[22m [2m(+33ms)[22m 
[2m11:28:00[22m   [34m├─[39m [2m/exams/michigan-alcohol-server-certification/index.html[22m [2m(+34ms)[22m 
[2m11:28:00[22m   [34m├─[39m [2m/exams/minnesota-alcohol-server-certification/index.html[22m [2m(+36ms)[22m 
[2m11:28:00[22m   [34m├─[39m [2m/exams/mississippi-alcohol-server-certification/index.html[22m [2m(+34ms)[22m 
[2m11:28:00[22m   [34m├─[39m [2m/exams/missouri-alcohol-server-certification/index.html[22m [2m(+30ms)[22m 
[2m11:28:00[22m   [34m├─[39m [2m/exams/montana-alcohol-server-certification/index.html[22m [2m(+34ms)[22m 
[2m11:28:00[22m   [34m├─[39m [2m/exams/nebraska-alcohol-server-certification/index.html[22m [2m(+31ms)[22m 
[2m11:28:00[22m   [34m├─[39m [2m/exams/nevada-alcohol-server-certification/index.html[22m [2m(+32ms)[22m 
[2m11:28:00[22m   [34m├─[39m [2m/exams/new-hampshire-alcohol-server-certification/index.html[22m [2m(+34ms)[22m 
[2m11:28:00[22m   [34m├─[39m [2m/exams/new-jersey-alcohol-server-certification/index.html[22m [2m(+37ms)[22m 
[2m11:28:00[22m   [34m├─[39m [2m/exams/new-mexico-alcohol-server-certification/index.html[22m [2m(+34ms)[22m 
[2m11:28:00[22m   [34m├─[39m [2m/exams/new-york-alcohol-server-certification/index.html[22m [2m(+37ms)[22m 
[2m11:28:00[22m   [34m├─[39m [2m/exams/north-carolina-alcohol-server-certification/index.html[22m [2m(+35ms)[22m 
[2m11:28:00[22m   [34m├─[39m [2m/exams/north-dakota-alcohol-server-certification/index.html[22m [2m(+36ms)[22m 
[2m11:28:00[22m   [34m├─[39m [2m/exams/ohio-alcohol-server-certification/index.html[22m [2m(+33ms)[22m 
[2m11:28:00[22m   [34m├─[39m [2m/exams/oklahoma-alcohol-server-certification/index.html[22m [2m(+33ms)[22m 
[2m11:28:00[22m   [34m├─[39m [2m/exams/oregon-alcohol-server-certification/index.html[22m [2m(+33ms)[22m 
[2m11:28:00[22m   [34m├─[39m [2m/exams/pennsylvania-alcohol-server-certification/index.html[22m [2m(+43ms)[22m 
[2m11:28:00[22m   [34m├─[39m [2m/exams/rhode-island-alcohol-server-certification/index.html[22m [2m(+43ms)[22m 
[2m11:28:00[22m   [34m├─[39m [2m/exams/south-carolina-alcohol-server-certification/index.html[22m [2m(+42ms)[22m 
[2m11:28:00[22m   [34m├─[39m [2m/exams/south-dakota-alcohol-server-certification/index.html[22m [2m(+32ms)[22m 
[2m11:28:00[22m   [34m├─[39m [2m/exams/tennessee-alcohol-server-certification/index.html[22m [2m(+32ms)[22m 
[2m11:28:00[22m   [34m├─[39m [2m/exams/texas-alcohol-server-certification/index.html[22m [2m(+34ms)[22m 
[2m11:28:00[22m   [34m├─[39m [2m/exams/utah-alcohol-server-certification/index.html[22m [2m(+33ms)[22m 
[2m11:28:00[22m   [34m├─[39m [2m/exams/vermont-alcohol-server-certification/index.html[22m [2m(+36ms)[22m 
[2m11:28:00[22m   [34m├─[39m [2m/exams/virginia-alcohol-server-certification/index.html[22m [2m(+34ms)[22m 
[2m11:28:00[22m   [34m├─[39m [2m/exams/washington-alcohol-server-certification/index.html[22m [2m(+39ms)[22m 
[2m11:28:01[22m   [34m├─[39m [2m/exams/west-virginia-alcohol-server-certification/index.html[22m [2m(+37ms)[22m 
[2m11:28:01[22m   [34m├─[39m [2m/exams/wisconsin-alcohol-server-certification/index.html[22m [2m(+34ms)[22m 
[2m11:28:01[22m   [34m├─[39m [2m/exams/wyoming-alcohol-server-certification/index.html[22m [2m(+33ms)[22m 
[2m11:28:01[22m   [34m├─[39m [2m/exams/alabama-pesticide-applicator-license/index.html[22m [2m(+36ms)[22m 
[2m11:28:01[22m   [34m├─[39m [2m/exams/alaska-pesticide-applicator-license/index.html[22m [2m(+34ms)[22m 
[2m11:28:01[22m   [34m├─[39m [2m/exams/arizona-pesticide-applicator-license/index.html[22m [2m(+41ms)[22m 
[2m11:28:01[22m   [34m├─[39m [2m/exams/arkansas-pesticide-applicator-license/index.html[22m [2m(+32ms)[22m 
[2m11:28:01[22m   [34m├─[39m [2m/exams/california-pesticide-applicator-license/index.html[22m [2m(+35ms)[22m 
[2m11:28:01[22m   [34m├─[39m [2m/exams/colorado-pesticide-applicator-license/index.html[22m [2m(+34ms)[22m 
[2m11:28:01[22m   [34m├─[39m [2m/exams/connecticut-pesticide-applicator-license/index.html[22m [2m(+35ms)[22m 
[2m11:28:01[22m   [34m├─[39m [2m/exams/delaware-pesticide-applicator-license/index.html[22m [2m(+34ms)[22m 
[2m11:28:01[22m   [34m├─[39m [2m/exams/district-of-columbia-pesticide-applicator-license/index.html[22m [2m(+34ms)[22m 
[2m11:28:01[22m   [34m├─[39m [2m/exams/florida-pesticide-applicator-license/index.html[22m [2m(+33ms)[22m 
[2m11:28:01[22m   [34m├─[39m [2m/exams/georgia-pesticide-applicator-license/index.html[22m [2m(+35ms)[22m 
[2m11:28:01[22m   [34m├─[39m [2m/exams/hawaii-pesticide-applicator-license/index.html[22m [2m(+37ms)[22m 
[2m11:28:01[22m   [34m├─[39m [2m/exams/idaho-pesticide-applicator-license/index.html[22m [2m(+36ms)[22m 
[2m11:28:01[22m   [34m├─[39m [2m/exams/illinois-pesticide-applicator-license/index.html[22m [2m(+38ms)[22m 
[2m11:28:01[22m   [34m├─[39m [2m/exams/indiana-pesticide-applicator-license/index.html[22m [2m(+36ms)[22m 
[2m11:28:01[22m   [34m├─[39m [2m/exams/iowa-pesticide-applicator-license/index.html[22m [2m(+33ms)[22m 
[2m11:28:01[22m   [34m├─[39m [2m/exams/kansas-pesticide-applicator-license/index.html[22m [2m(+34ms)[22m 
[2m11:28:01[22m   [34m├─[39m [2m/exams/kentucky-pesticide-applicator-license/index.html[22m [2m(+34ms)[22m 
[2m11:28:01[22m   [34m├─[39m [2m/exams/louisiana-pesticide-applicator-license/index.html[22m [2m(+34ms)[22m 
[2m11:28:01[22m   [34m├─[39m [2m/exams/maine-pesticide-applicator-license/index.html[22m [2m(+37ms)[22m 
[2m11:28:01[22m   [34m├─[39m [2m/exams/maryland-pesticide-applicator-license/index.html[22m [2m(+35ms)[22m 
[2m11:28:01[22m   [34m├─[39m [2m/exams/massachusetts-pesticide-applicator-license/index.html[22m [2m(+34ms)[22m 
[2m11:28:01[22m   [34m├─[39m [2m/exams/michigan-pesticide-applicator-license/index.html[22m [2m(+31ms)[22m 
[2m11:28:01[22m   [34m├─[39m [2m/exams/minnesota-pesticide-applicator-license/index.html[22m [2m(+34ms)[22m 
[2m11:28:01[22m   [34m├─[39m [2m/exams/mississippi-pesticide-applicator-license/index.html[22m [2m(+32ms)[22m 
[2m11:28:01[22m   [34m├─[39m [2m/exams/missouri-pesticide-applicator-license/index.html[22m [2m(+36ms)[22m 
[2m11:28:02[22m   [34m├─[39m [2m/exams/montana-pesticide-applicator-license/index.html[22m [2m(+36ms)[22m 
[2m11:28:02[22m   [34m├─[39m [2m/exams/nebraska-pesticide-applicator-license/index.html[22m [2m(+33ms)[22m 
[2m11:28:02[22m   [34m├─[39m [2m/exams/nevada-pesticide-applicator-license/index.html[22m [2m(+36ms)[22m 
[2m11:28:02[22m   [34m├─[39m [2m/exams/new-hampshire-pesticide-applicator-license/index.html[22m [2m(+35ms)[22m 
[2m11:28:02[22m   [34m├─[39m [2m/exams/new-jersey-pesticide-applicator-license/index.html[22m [2m(+34ms)[22m 
[2m11:28:02[22m   [34m├─[39m [2m/exams/new-mexico-pesticide-applicator-license/index.html[22m [2m(+31ms)[22m 
[2m11:28:02[22m   [34m├─[39m [2m/exams/new-york-pesticide-applicator-license/index.html[22m [2m(+31ms)[22m 
[2m11:28:02[22m   [34m├─[39m [2m/exams/north-carolina-pesticide-applicator-license/index.html[22m [2m(+31ms)[22m 
[2m11:28:02[22m   [34m├─[39m [2m/exams/north-dakota-pesticide-applicator-license/index.html[22m [2m(+32ms)[22m 
[2m11:28:02[22m   [34m├─[39m [2m/exams/ohio-pesticide-applicator-license/index.html[22m [2m(+34ms)[22m 
[2m11:28:02[22m   [34m├─[39m [2m/exams/oklahoma-pesticide-applicator-license/index.html[22m [2m(+35ms)[22m 
[2m11:28:02[22m   [34m├─[39m [2m/exams/oregon-pesticide-applicator-license/index.html[22m [2m(+33ms)[22m 
[2m11:28:02[22m   [34m├─[39m [2m/exams/pennsylvania-pesticide-applicator-license/index.html[22m [2m(+33ms)[22m 
[2m11:28:02[22m   [34m├─[39m [2m/exams/rhode-island-pesticide-applicator-license/index.html[22m [2m(+31ms)[22m 
[2m11:28:02[22m   [34m├─[39m [2m/exams/south-carolina-pesticide-applicator-license/index.html[22m [2m(+34ms)[22m 
[2m11:28:02[22m   [34m├─[39m [2m/exams/south-dakota-pesticide-applicator-license/index.html[22m [2m(+31ms)[22m 
[2m11:28:02[22m   [34m├─[39m [2m/exams/tennessee-pesticide-applicator-license/index.html[22m [2m(+33ms)[22m 
[2m11:28:02[22m   [34m├─[39m [2m/exams/texas-pesticide-applicator-license/index.html[22m [2m(+34ms)[22m 
[2m11:28:02[22m   [34m├─[39m [2m/exams/utah-pesticide-applicator-license/index.html[22m [2m(+33ms)[22m 
[2m11:28:02[22m   [34m├─[39m [2m/exams/vermont-pesticide-applicator-license/index.html[22m [2m(+35ms)[22m 
[2m11:28:02[22m   [34m├─[39m [2m/exams/virginia-pesticide-applicator-license/index.html[22m [2m(+36ms)[22m 
[2m11:28:02[22m   [34m├─[39m [2m/exams/washington-pesticide-applicator-license/index.html[22m [2m(+33ms)[22m 
[2m11:28:02[22m   [34m├─[39m [2m/exams/west-virginia-pesticide-applicator-license/index.html[22m [2m(+34ms)[22m 
[2m11:28:02[22m   [34m├─[39m [2m/exams/wisconsin-pesticide-applicator-license/index.html[22m [2m(+33ms)[22m 
[2m11:28:02[22m   [34m├─[39m [2m/exams/wyoming-pesticide-applicator-license/index.html[22m [2m(+33ms)[22m 
[2m11:28:02[22m   [34m├─[39m [2m/exams/alabama-water-treatment-operator-certification/index.html[22m [2m(+33ms)[22m 
[2m11:28:02[22m   [34m├─[39m [2m/exams/alaska-water-treatment-operator-certification/index.html[22m [2m(+33ms)[22m 
[2m11:28:02[22m   [34m├─[39m [2m/exams/arizona-water-treatment-operator-certification/index.html[22m [2m(+37ms)[22m 
[2m11:28:02[22m   [34m├─[39m [2m/exams/arkansas-water-treatment-operator-certification/index.html[22m [2m(+38ms)[22m 
[2m11:28:03[22m   [34m├─[39m [2m/exams/california-water-treatment-operator-certification/index.html[22m [2m(+34ms)[22m 
[2m11:28:03[22m   [34m├─[39m [2m/exams/colorado-water-treatment-operator-certification/index.html[22m [2m(+36ms)[22m 
[2m11:28:03[22m   [34m├─[39m [2m/exams/connecticut-water-treatment-operator-certification/index.html[22m [2m(+32ms)[22m 
[2m11:28:03[22m   [34m├─[39m [2m/exams/delaware-water-treatment-operator-certification/index.html[22m [2m(+33ms)[22m 
[2m11:28:03[22m   [34m├─[39m [2m/exams/district-of-columbia-water-treatment-operator-certification/index.html[22m [2m(+40ms)[22m 
[2m11:28:03[22m   [34m├─[39m [2m/exams/florida-water-treatment-operator-certification/index.html[22m [2m(+34ms)[22m 
[2m11:28:03[22m   [34m├─[39m [2m/exams/georgia-water-treatment-operator-certification/index.html[22m [2m(+32ms)[22m 
[2m11:28:03[22m   [34m├─[39m [2m/exams/hawaii-water-treatment-operator-certification/index.html[22m [2m(+35ms)[22m 
[2m11:28:03[22m   [34m├─[39m [2m/exams/idaho-water-treatment-operator-certification/index.html[22m [2m(+33ms)[22m 
[2m11:28:03[22m   [34m├─[39m [2m/exams/illinois-water-treatment-operator-certification/index.html[22m [2m(+47ms)[22m 
[2m11:28:03[22m   [34m├─[39m [2m/exams/indiana-water-treatment-operator-certification/index.html[22m [2m(+35ms)[22m 
[2m11:28:03[22m   [34m├─[39m [2m/exams/iowa-water-treatment-operator-certification/index.html[22m [2m(+33ms)[22m 
[2m11:28:03[22m   [34m├─[39m [2m/exams/kansas-water-treatment-operator-certification/index.html[22m [2m(+35ms)[22m 
[2m11:28:03[22m   [34m├─[39m [2m/exams/kentucky-water-treatment-operator-certification/index.html[22m [2m(+36ms)[22m 
[2m11:28:03[22m   [34m├─[39m [2m/exams/louisiana-water-treatment-operator-certification/index.html[22m [2m(+35ms)[22m 
[2m11:28:03[22m   [34m├─[39m [2m/exams/maine-water-treatment-operator-certification/index.html[22m [2m(+36ms)[22m 
[2m11:28:03[22m   [34m├─[39m [2m/exams/maryland-water-treatment-operator-certification/index.html[22m [2m(+34ms)[22m 
[2m11:28:03[22m   [34m├─[39m [2m/exams/massachusetts-water-treatment-operator-certification/index.html[22m [2m(+36ms)[22m 
[2m11:28:03[22m   [34m├─[39m [2m/exams/michigan-water-treatment-operator-certification/index.html[22m [2m(+38ms)[22m 
[2m11:28:03[22m   [34m├─[39m [2m/exams/minnesota-water-treatment-operator-certification/index.html[22m [2m(+35ms)[22m 
[2m11:28:03[22m   [34m├─[39m [2m/exams/mississippi-water-treatment-operator-certification/index.html[22m [2m(+33ms)[22m 
[2m11:28:03[22m   [34m├─[39m [2m/exams/missouri-water-treatment-operator-certification/index.html[22m [2m(+32ms)[22m 
[2m11:28:03[22m   [34m├─[39m [2m/exams/montana-water-treatment-operator-certification/index.html[22m [2m(+34ms)[22m 
[2m11:28:03[22m   [34m├─[39m [2m/exams/nebraska-water-treatment-operator-certification/index.html[22m [2m(+33ms)[22m 
[2m11:28:03[22m   [34m├─[39m [2m/exams/nevada-water-treatment-operator-certification/index.html[22m [2m(+36ms)[22m 
[2m11:28:03[22m   [34m├─[39m [2m/exams/new-hampshire-water-treatment-operator-certification/index.html[22m [2m(+32ms)[22m 
[2m11:28:03[22m   [34m├─[39m [2m/exams/new-jersey-water-treatment-operator-certification/index.html[22m [2m(+32ms)[22m 
[2m11:28:03[22m   [34m├─[39m [2m/exams/new-mexico-water-treatment-operator-certification/index.html[22m [2m(+34ms)[22m 
[2m11:28:03[22m   [34m├─[39m [2m/exams/new-york-water-treatment-operator-certification/index.html[22m [2m(+34ms)[22m 
[2m11:28:04[22m   [34m├─[39m [2m/exams/north-carolina-water-treatment-operator-certification/index.html[22m [2m(+32ms)[22m 
[2m11:28:04[22m   [34m├─[39m [2m/exams/north-dakota-water-treatment-operator-certification/index.html[22m [2m(+34ms)[22m 
[2m11:28:04[22m   [34m├─[39m [2m/exams/ohio-water-treatment-operator-certification/index.html[22m [2m(+35ms)[22m 
[2m11:28:04[22m   [34m├─[39m [2m/exams/oklahoma-water-treatment-operator-certification/index.html[22m [2m(+31ms)[22m 
[2m11:28:04[22m   [34m├─[39m [2m/exams/oregon-water-treatment-operator-certification/index.html[22m [2m(+33ms)[22m 
[2m11:28:04[22m   [34m├─[39m [2m/exams/pennsylvania-water-treatment-operator-certification/index.html[22m [2m(+34ms)[22m 
[2m11:28:04[22m   [34m├─[39m [2m/exams/rhode-island-water-treatment-operator-certification/index.html[22m [2m(+34ms)[22m 
[2m11:28:04[22m   [34m├─[39m [2m/exams/south-carolina-water-treatment-operator-certification/index.html[22m [2m(+33ms)[22m 
[2m11:28:04[22m   [34m├─[39m [2m/exams/south-dakota-water-treatment-operator-certification/index.html[22m [2m(+31ms)[22m 
[2m11:28:04[22m   [34m├─[39m [2m/exams/tennessee-water-treatment-operator-certification/index.html[22m [2m(+33ms)[22m 
[2m11:28:04[22m   [34m├─[39m [2m/exams/texas-water-treatment-operator-certification/index.html[22m [2m(+35ms)[22m 
[2m11:28:04[22m   [34m├─[39m [2m/exams/utah-water-treatment-operator-certification/index.html[22m [2m(+34ms)[22m 
[2m11:28:04[22m   [34m├─[39m [2m/exams/vermont-water-treatment-operator-certification/index.html[22m [2m(+34ms)[22m 
[2m11:28:04[22m   [34m├─[39m [2m/exams/virginia-water-treatment-operator-certification/index.html[22m [2m(+33ms)[22m 
[2m11:28:04[22m   [34m├─[39m [2m/exams/washington-water-treatment-operator-certification/index.html[22m [2m(+36ms)[22m 
[2m11:28:04[22m   [34m├─[39m [2m/exams/west-virginia-water-treatment-operator-certification/index.html[22m [2m(+33ms)[22m 
[2m11:28:04[22m   [34m├─[39m [2m/exams/wisconsin-water-treatment-operator-certification/index.html[22m [2m(+33ms)[22m 
[2m11:28:04[22m   [34m├─[39m [2m/exams/wyoming-water-treatment-operator-certification/index.html[22m [2m(+35ms)[22m 
[2m11:28:04[22m   [34m├─[39m [2m/exams/alabama-wastewater-operator-certification/index.html[22m [2m(+34ms)[22m 
[2m11:28:04[22m   [34m├─[39m [2m/exams/alaska-wastewater-operator-certification/index.html[22m [2m(+34ms)[22m 
[2m11:28:04[22m   [34m├─[39m [2m/exams/arizona-wastewater-operator-certification/index.html[22m [2m(+34ms)[22m 
[2m11:28:04[22m   [34m├─[39m [2m/exams/arkansas-wastewater-operator-certification/index.html[22m [2m(+36ms)[22m 
[2m11:28:04[22m   [34m├─[39m [2m/exams/california-wastewater-operator-certification/index.html[22m [2m(+37ms)[22m 
[2m11:28:04[22m   [34m├─[39m [2m/exams/colorado-wastewater-operator-certification/index.html[22m [2m(+36ms)[22m 
[2m11:28:04[22m   [34m├─[39m [2m/exams/connecticut-wastewater-operator-certification/index.html[22m [2m(+50ms)[22m 
[2m11:28:04[22m   [34m├─[39m [2m/exams/delaware-wastewater-operator-certification/index.html[22m [2m(+40ms)[22m 
[2m11:28:04[22m   [34m├─[39m [2m/exams/district-of-columbia-wastewater-operator-certification/index.html[22m [2m(+39ms)[22m 
[2m11:28:04[22m   [34m├─[39m [2m/exams/florida-wastewater-operator-certification/index.html[22m [2m(+34ms)[22m 
[2m11:28:04[22m   [34m├─[39m [2m/exams/georgia-wastewater-operator-certification/index.html[22m [2m(+33ms)[22m 
[2m11:28:05[22m   [34m├─[39m [2m/exams/hawaii-wastewater-operator-certification/index.html[22m [2m(+35ms)[22m 
[2m11:28:05[22m   [34m├─[39m [2m/exams/idaho-wastewater-operator-certification/index.html[22m [2m(+39ms)[22m 
[2m11:28:05[22m   [34m├─[39m [2m/exams/illinois-wastewater-operator-certification/index.html[22m [2m(+35ms)[22m 
[2m11:28:05[22m   [34m├─[39m [2m/exams/indiana-wastewater-operator-certification/index.html[22m [2m(+41ms)[22m 
[2m11:28:05[22m   [34m├─[39m [2m/exams/iowa-wastewater-operator-certification/index.html[22m [2m(+34ms)[22m 
[2m11:28:05[22m   [34m├─[39m [2m/exams/kansas-wastewater-operator-certification/index.html[22m [2m(+37ms)[22m 
[2m11:28:05[22m   [34m├─[39m [2m/exams/kentucky-wastewater-operator-certification/index.html[22m [2m(+32ms)[22m 
[2m11:28:05[22m   [34m├─[39m [2m/exams/louisiana-wastewater-operator-certification/index.html[22m [2m(+34ms)[22m 
[2m11:28:05[22m   [34m├─[39m [2m/exams/maine-wastewater-operator-certification/index.html[22m [2m(+33ms)[22m 
[2m11:28:05[22m   [34m├─[39m [2m/exams/maryland-wastewater-operator-certification/index.html[22m [2m(+34ms)[22m 
[2m11:28:05[22m   [34m├─[39m [2m/exams/massachusetts-wastewater-operator-certification/index.html[22m [2m(+34ms)[22m 
[2m11:28:05[22m   [34m├─[39m [2m/exams/michigan-wastewater-operator-certification/index.html[22m [2m(+34ms)[22m 
[2m11:28:05[22m   [34m├─[39m [2m/exams/minnesota-wastewater-operator-certification/index.html[22m [2m(+35ms)[22m 
[2m11:28:05[22m   [34m├─[39m [2m/exams/mississippi-wastewater-operator-certification/index.html[22m [2m(+34ms)[22m 
[2m11:28:05[22m   [34m├─[39m [2m/exams/missouri-wastewater-operator-certification/index.html[22m [2m(+39ms)[22m 
[2m11:28:05[22m   [34m├─[39m [2m/exams/montana-wastewater-operator-certification/index.html[22m [2m(+34ms)[22m 
[2m11:28:05[22m   [34m├─[39m [2m/exams/nebraska-wastewater-operator-certification/index.html[22m [2m(+36ms)[22m 
[2m11:28:05[22m   [34m├─[39m [2m/exams/nevada-wastewater-operator-certification/index.html[22m [2m(+33ms)[22m 
[2m11:28:05[22m   [34m├─[39m [2m/exams/new-hampshire-wastewater-operator-certification/index.html[22m [2m(+39ms)[22m 
[2m11:28:05[22m   [34m├─[39m [2m/exams/new-jersey-wastewater-operator-certification/index.html[22m [2m(+36ms)[22m 
[2m11:28:05[22m   [34m├─[39m [2m/exams/new-mexico-wastewater-operator-certification/index.html[22m [2m(+39ms)[22m 
[2m11:28:05[22m   [34m├─[39m [2m/exams/new-york-wastewater-operator-certification/index.html[22m [2m(+34ms)[22m 
[2m11:28:05[22m   [34m├─[39m [2m/exams/north-carolina-wastewater-operator-certification/index.html[22m [2m(+31ms)[22m 
[2m11:28:05[22m   [34m├─[39m [2m/exams/north-dakota-wastewater-operator-certification/index.html[22m [2m(+31ms)[22m 
[2m11:28:05[22m   [34m├─[39m [2m/exams/ohio-wastewater-operator-certification/index.html[22m [2m(+32ms)[22m 
[2m11:28:05[22m   [34m├─[39m [2m/exams/oklahoma-wastewater-operator-certification/index.html[22m [2m(+32ms)[22m 
[2m11:28:05[22m   [34m├─[39m [2m/exams/oregon-wastewater-operator-certification/index.html[22m [2m(+33ms)[22m 
[2m11:28:05[22m   [34m├─[39m [2m/exams/pennsylvania-wastewater-operator-certification/index.html[22m [2m(+32ms)[22m 
[2m11:28:05[22m   [34m├─[39m [2m/exams/rhode-island-wastewater-operator-certification/index.html[22m [2m(+36ms)[22m 
[2m11:28:06[22m   [34m├─[39m [2m/exams/south-carolina-wastewater-operator-certification/index.html[22m [2m(+35ms)[22m 
[2m11:28:06[22m   [34m├─[39m [2m/exams/south-dakota-wastewater-operator-certification/index.html[22m [2m(+38ms)[22m 
[2m11:28:06[22m   [34m├─[39m [2m/exams/tennessee-wastewater-operator-certification/index.html[22m [2m(+35ms)[22m 
[2m11:28:06[22m   [34m├─[39m [2m/exams/texas-wastewater-operator-certification/index.html[22m [2m(+34ms)[22m 
[2m11:28:06[22m   [34m├─[39m [2m/exams/utah-wastewater-operator-certification/index.html[22m [2m(+34ms)[22m 
[2m11:28:06[22m   [34m├─[39m [2m/exams/vermont-wastewater-operator-certification/index.html[22m [2m(+33ms)[22m 
[2m11:28:06[22m   [34m├─[39m [2m/exams/virginia-wastewater-operator-certification/index.html[22m [2m(+32ms)[22m 
[2m11:28:06[22m   [34m├─[39m [2m/exams/washington-wastewater-operator-certification/index.html[22m [2m(+33ms)[22m 
[2m11:28:06[22m   [34m├─[39m [2m/exams/west-virginia-wastewater-operator-certification/index.html[22m [2m(+31ms)[22m 
[2m11:28:06[22m   [34m├─[39m [2m/exams/wisconsin-wastewater-operator-certification/index.html[22m [2m(+34ms)[22m 
[2m11:28:06[22m   [34m├─[39m [2m/exams/wyoming-wastewater-operator-certification/index.html[22m [2m(+34ms)[22m 
[2m11:28:06[22m   [34m├─[39m [2m/exams/alabama-security-guard-license/index.html[22m [2m(+35ms)[22m 
[2m11:28:06[22m   [34m├─[39m [2m/exams/alaska-security-guard-license/index.html[22m [2m(+32ms)[22m 
[2m11:28:06[22m   [34m├─[39m [2m/exams/arizona-security-guard-license/index.html[22m [2m(+32ms)[22m 
[2m11:28:06[22m   [34m├─[39m [2m/exams/arkansas-security-guard-license/index.html[22m [2m(+34ms)[22m 
[2m11:28:06[22m   [34m├─[39m [2m/exams/california-security-guard-license/index.html[22m [2m(+33ms)[22m 
[2m11:28:06[22m   [34m├─[39m [2m/exams/colorado-security-guard-license/index.html[22m [2m(+37ms)[22m 
[2m11:28:06[22m   [34m├─[39m [2m/exams/connecticut-security-guard-license/index.html[22m [2m(+35ms)[22m 
[2m11:28:06[22m   [34m├─[39m [2m/exams/delaware-security-guard-license/index.html[22m [2m(+33ms)[22m 
[2m11:28:06[22m   [34m├─[39m [2m/exams/district-of-columbia-security-guard-license/index.html[22m [2m(+32ms)[22m 
[2m11:28:06[22m   [34m├─[39m [2m/exams/florida-security-guard-license/index.html[22m [2m(+33ms)[22m 
[2m11:28:06[22m   [34m├─[39m [2m/exams/georgia-security-guard-license/index.html[22m [2m(+34ms)[22m 
[2m11:28:06[22m   [34m├─[39m [2m/exams/hawaii-security-guard-license/index.html[22m [2m(+32ms)[22m 
[2m11:28:06[22m   [34m├─[39m [2m/exams/idaho-security-guard-license/index.html[22m [2m(+33ms)[22m 
[2m11:28:06[22m   [34m├─[39m [2m/exams/illinois-security-guard-license/index.html[22m [2m(+34ms)[22m 
[2m11:28:06[22m   [34m├─[39m [2m/exams/indiana-security-guard-license/index.html[22m [2m(+35ms)[22m 
[2m11:28:06[22m   [34m├─[39m [2m/exams/iowa-security-guard-license/index.html[22m [2m(+34ms)[22m 
[2m11:28:06[22m   [34m├─[39m [2m/exams/kansas-security-guard-license/index.html[22m [2m(+33ms)[22m 
[2m11:28:06[22m   [34m├─[39m [2m/exams/kentucky-security-guard-license/index.html[22m [2m(+33ms)[22m 
[2m11:28:07[22m   [34m├─[39m [2m/exams/louisiana-security-guard-license/index.html[22m [2m(+32ms)[22m 
[2m11:28:07[22m   [34m├─[39m [2m/exams/maine-security-guard-license/index.html[22m [2m(+31ms)[22m 
[2m11:28:07[22m   [34m├─[39m [2m/exams/maryland-security-guard-license/index.html[22m [2m(+33ms)[22m 
[2m11:28:07[22m   [34m├─[39m [2m/exams/massachusetts-security-guard-license/index.html[22m [2m(+35ms)[22m 
[2m11:28:07[22m   [34m├─[39m [2m/exams/michigan-security-guard-license/index.html[22m [2m(+34ms)[22m 
[2m11:28:07[22m   [34m├─[39m [2m/exams/minnesota-security-guard-license/index.html[22m [2m(+34ms)[22m 
[2m11:28:07[22m   [34m├─[39m [2m/exams/mississippi-security-guard-license/index.html[22m [2m(+36ms)[22m 
[2m11:28:07[22m   [34m├─[39m [2m/exams/missouri-security-guard-license/index.html[22m [2m(+36ms)[22m 
[2m11:28:07[22m   [34m├─[39m [2m/exams/montana-security-guard-license/index.html[22m [2m(+34ms)[22m 
[2m11:28:07[22m   [34m├─[39m [2m/exams/nebraska-security-guard-license/index.html[22m [2m(+35ms)[22m 
[2m11:28:07[22m   [34m├─[39m [2m/exams/nevada-security-guard-license/index.html[22m [2m(+35ms)[22m 
[2m11:28:07[22m   [34m├─[39m [2m/exams/new-hampshire-security-guard-license/index.html[22m [2m(+42ms)[22m 
[2m11:28:07[22m   [34m├─[39m [2m/exams/new-jersey-security-guard-license/index.html[22m [2m(+32ms)[22m 
[2m11:28:07[22m   [34m├─[39m [2m/exams/new-mexico-security-guard-license/index.html[22m [2m(+32ms)[22m 
[2m11:28:07[22m   [34m├─[39m [2m/exams/new-york-security-guard-license/index.html[22m [2m(+46ms)[22m 
[2m11:28:07[22m   [34m├─[39m [2m/exams/north-carolina-security-guard-license/index.html[22m [2m(+31ms)[22m 
[2m11:28:07[22m   [34m├─[39m [2m/exams/north-dakota-security-guard-license/index.html[22m [2m(+32ms)[22m 
[2m11:28:07[22m   [34m├─[39m [2m/exams/ohio-security-guard-license/index.html[22m [2m(+32ms)[22m 
[2m11:28:07[22m   [34m├─[39m [2m/exams/oklahoma-security-guard-license/index.html[22m [2m(+35ms)[22m 
[2m11:28:07[22m   [34m├─[39m [2m/exams/oregon-security-guard-license/index.html[22m [2m(+35ms)[22m 
[2m11:28:07[22m   [34m├─[39m [2m/exams/pennsylvania-security-guard-license/index.html[22m [2m(+33ms)[22m 
[2m11:28:07[22m   [34m├─[39m [2m/exams/rhode-island-security-guard-license/index.html[22m [2m(+33ms)[22m 
[2m11:28:07[22m   [34m├─[39m [2m/exams/south-carolina-security-guard-license/index.html[22m [2m(+37ms)[22m 
[2m11:28:07[22m   [34m├─[39m [2m/exams/south-dakota-security-guard-license/index.html[22m [2m(+32ms)[22m 
[2m11:28:07[22m   [34m├─[39m [2m/exams/tennessee-security-guard-license/index.html[22m [2m(+34ms)[22m 
[2m11:28:07[22m   [34m├─[39m [2m/exams/texas-security-guard-license/index.html[22m [2m(+34ms)[22m 
[2m11:28:07[22m   [34m├─[39m [2m/exams/utah-security-guard-license/index.html[22m [2m(+43ms)[22m 
[2m11:28:07[22m   [34m├─[39m [2m/exams/vermont-security-guard-license/index.html[22m [2m(+32ms)[22m 
[2m11:28:07[22m   [34m├─[39m [2m/exams/virginia-security-guard-license/index.html[22m [2m(+31ms)[22m 
[2m11:28:08[22m   [34m├─[39m [2m/exams/washington-security-guard-license/index.html[22m [2m(+35ms)[22m 
[2m11:28:08[22m   [34m├─[39m [2m/exams/west-virginia-security-guard-license/index.html[22m [2m(+35ms)[22m 
[2m11:28:08[22m   [34m├─[39m [2m/exams/wisconsin-security-guard-license/index.html[22m [2m(+33ms)[22m 
[2m11:28:08[22m   [34m├─[39m [2m/exams/wyoming-security-guard-license/index.html[22m [2m(+33ms)[22m 
[2m11:28:08[22m   [34m├─[39m [2m/exams/alabama-private-investigator-license/index.html[22m [2m(+32ms)[22m 
[2m11:28:08[22m   [34m├─[39m [2m/exams/alaska-private-investigator-license/index.html[22m [2m(+34ms)[22m 
[2m11:28:08[22m   [34m├─[39m [2m/exams/arizona-private-investigator-license/index.html[22m [2m(+34ms)[22m 
[2m11:28:08[22m   [34m├─[39m [2m/exams/arkansas-private-investigator-license/index.html[22m [2m(+33ms)[22m 
[2m11:28:08[22m   [34m├─[39m [2m/exams/california-private-investigator-license/index.html[22m [2m(+32ms)[22m 
[2m11:28:08[22m   [34m├─[39m [2m/exams/colorado-private-investigator-license/index.html[22m [2m(+31ms)[22m 
[2m11:28:08[22m   [34m├─[39m [2m/exams/connecticut-private-investigator-license/index.html[22m [2m(+34ms)[22m 
[2m11:28:08[22m   [34m├─[39m [2m/exams/delaware-private-investigator-license/index.html[22m [2m(+35ms)[22m 
[2m11:28:08[22m   [34m├─[39m [2m/exams/district-of-columbia-private-investigator-license/index.html[22m [2m(+35ms)[22m 
[2m11:28:08[22m   [34m├─[39m [2m/exams/florida-private-investigator-license/index.html[22m [2m(+34ms)[22m 
[2m11:28:08[22m   [34m├─[39m [2m/exams/georgia-private-investigator-license/index.html[22m [2m(+33ms)[22m 
[2m11:28:08[22m   [34m├─[39m [2m/exams/hawaii-private-investigator-license/index.html[22m [2m(+32ms)[22m 
[2m11:28:08[22m   [34m├─[39m [2m/exams/idaho-private-investigator-license/index.html[22m [2m(+33ms)[22m 
[2m11:28:08[22m   [34m├─[39m [2m/exams/illinois-private-investigator-license/index.html[22m [2m(+34ms)[22m 
[2m11:28:08[22m   [34m├─[39m [2m/exams/indiana-private-investigator-license/index.html[22m [2m(+34ms)[22m 
[2m11:28:08[22m   [34m├─[39m [2m/exams/iowa-private-investigator-license/index.html[22m [2m(+33ms)[22m 
[2m11:28:08[22m   [34m├─[39m [2m/exams/kansas-private-investigator-license/index.html[22m [2m(+38ms)[22m 
[2m11:28:08[22m   [34m├─[39m [2m/exams/kentucky-private-investigator-license/index.html[22m [2m(+32ms)[22m 
[2m11:28:08[22m   [34m├─[39m [2m/exams/louisiana-private-investigator-license/index.html[22m [2m(+37ms)[22m 
[2m11:28:08[22m   [34m├─[39m [2m/exams/maine-private-investigator-license/index.html[22m [2m(+33ms)[22m 
[2m11:28:08[22m   [34m├─[39m [2m/exams/maryland-private-investigator-license/index.html[22m [2m(+33ms)[22m 
[2m11:28:08[22m   [34m├─[39m [2m/exams/massachusetts-private-investigator-license/index.html[22m [2m(+34ms)[22m 
[2m11:28:08[22m   [34m├─[39m [2m/exams/michigan-private-investigator-license/index.html[22m [2m(+33ms)[22m 
[2m11:28:08[22m   [34m├─[39m [2m/exams/minnesota-private-investigator-license/index.html[22m [2m(+36ms)[22m 
[2m11:28:08[22m   [34m├─[39m [2m/exams/mississippi-private-investigator-license/index.html[22m [2m(+33ms)[22m 
[2m11:28:08[22m   [34m├─[39m [2m/exams/missouri-private-investigator-license/index.html[22m [2m(+38ms)[22m 
[2m11:28:09[22m   [34m├─[39m [2m/exams/montana-private-investigator-license/index.html[22m [2m(+45ms)[22m 
[2m11:28:09[22m   [34m├─[39m [2m/exams/nebraska-private-investigator-license/index.html[22m [2m(+36ms)[22m 
[2m11:28:09[22m   [34m├─[39m [2m/exams/nevada-private-investigator-license/index.html[22m [2m(+34ms)[22m 
[2m11:28:09[22m   [34m├─[39m [2m/exams/new-hampshire-private-investigator-license/index.html[22m [2m(+34ms)[22m 
[2m11:28:09[22m   [34m├─[39m [2m/exams/new-jersey-private-investigator-license/index.html[22m [2m(+32ms)[22m 
[2m11:28:09[22m   [34m├─[39m [2m/exams/new-mexico-private-investigator-license/index.html[22m [2m(+33ms)[22m 
[2m11:28:09[22m   [34m├─[39m [2m/exams/new-york-private-investigator-license/index.html[22m [2m(+34ms)[22m 
[2m11:28:09[22m   [34m├─[39m [2m/exams/north-carolina-private-investigator-license/index.html[22m [2m(+35ms)[22m 
[2m11:28:09[22m   [34m├─[39m [2m/exams/north-dakota-private-investigator-license/index.html[22m [2m(+37ms)[22m 
[2m11:28:09[22m   [34m├─[39m [2m/exams/ohio-private-investigator-license/index.html[22m [2m(+35ms)[22m 
[2m11:28:09[22m   [34m├─[39m [2m/exams/oklahoma-private-investigator-license/index.html[22m [2m(+33ms)[22m 
[2m11:28:09[22m   [34m├─[39m [2m/exams/oregon-private-investigator-license/index.html[22m [2m(+32ms)[22m 
[2m11:28:09[22m   [34m├─[39m [2m/exams/pennsylvania-private-investigator-license/index.html[22m [2m(+33ms)[22m 
[2m11:28:09[22m   [34m├─[39m [2m/exams/rhode-island-private-investigator-license/index.html[22m [2m(+32ms)[22m 
[2m11:28:09[22m   [34m├─[39m [2m/exams/south-carolina-private-investigator-license/index.html[22m [2m(+33ms)[22m 
[2m11:28:09[22m   [34m├─[39m [2m/exams/south-dakota-private-investigator-license/index.html[22m [2m(+34ms)[22m 
[2m11:28:09[22m   [34m├─[39m [2m/exams/tennessee-private-investigator-license/index.html[22m [2m(+35ms)[22m 
[2m11:28:09[22m   [34m├─[39m [2m/exams/texas-private-investigator-license/index.html[22m [2m(+34ms)[22m 
[2m11:28:09[22m   [34m├─[39m [2m/exams/utah-private-investigator-license/index.html[22m [2m(+42ms)[22m 
[2m11:28:09[22m   [34m├─[39m [2m/exams/vermont-private-investigator-license/index.html[22m [2m(+44ms)[22m 
[2m11:28:09[22m   [34m├─[39m [2m/exams/virginia-private-investigator-license/index.html[22m [2m(+35ms)[22m 
[2m11:28:09[22m   [34m├─[39m [2m/exams/washington-private-investigator-license/index.html[22m [2m(+35ms)[22m 
[2m11:28:09[22m   [34m├─[39m [2m/exams/west-virginia-private-investigator-license/index.html[22m [2m(+34ms)[22m 
[2m11:28:09[22m   [34m├─[39m [2m/exams/wisconsin-private-investigator-license/index.html[22m [2m(+41ms)[22m 
[2m11:28:09[22m   [34m├─[39m [2m/exams/wyoming-private-investigator-license/index.html[22m [2m(+34ms)[22m 
[2m11:28:09[22m   [34m├─[39m [2m/exams/alabama-concealed-carry-permit/index.html[22m [2m(+36ms)[22m 
[2m11:28:09[22m   [34m├─[39m [2m/exams/alaska-concealed-carry-permit/index.html[22m [2m(+33ms)[22m 
[2m11:28:09[22m   [34m├─[39m [2m/exams/arizona-concealed-carry-permit/index.html[22m [2m(+34ms)[22m 
[2m11:28:10[22m   [34m├─[39m [2m/exams/arkansas-concealed-carry-permit/index.html[22m [2m(+35ms)[22m 
[2m11:28:10[22m   [34m├─[39m [2m/exams/california-concealed-carry-permit/index.html[22m [2m(+34ms)[22m 
[2m11:28:10[22m   [34m├─[39m [2m/exams/colorado-concealed-carry-permit/index.html[22m [2m(+34ms)[22m 
[2m11:28:10[22m   [34m├─[39m [2m/exams/connecticut-concealed-carry-permit/index.html[22m [2m(+32ms)[22m 
[2m11:28:10[22m   [34m├─[39m [2m/exams/delaware-concealed-carry-permit/index.html[22m [2m(+31ms)[22m 
[2m11:28:10[22m   [34m├─[39m [2m/exams/district-of-columbia-concealed-carry-permit/index.html[22m [2m(+33ms)[22m 
[2m11:28:10[22m   [34m├─[39m [2m/exams/florida-concealed-carry-permit/index.html[22m [2m(+34ms)[22m 
[2m11:28:10[22m   [34m├─[39m [2m/exams/georgia-concealed-carry-permit/index.html[22m [2m(+31ms)[22m 
[2m11:28:10[22m   [34m├─[39m [2m/exams/hawaii-concealed-carry-permit/index.html[22m [2m(+32ms)[22m 
[2m11:28:10[22m   [34m├─[39m [2m/exams/idaho-concealed-carry-permit/index.html[22m [2m(+32ms)[22m 
[2m11:28:10[22m   [34m├─[39m [2m/exams/illinois-concealed-carry-permit/index.html[22m [2m(+31ms)[22m 
[2m11:28:10[22m   [34m├─[39m [2m/exams/indiana-concealed-carry-permit/index.html[22m [2m(+32ms)[22m 
[2m11:28:10[22m   [34m├─[39m [2m/exams/iowa-concealed-carry-permit/index.html[22m [2m(+32ms)[22m 
[2m11:28:10[22m   [34m├─[39m [2m/exams/kansas-concealed-carry-permit/index.html[22m [2m(+35ms)[22m 
[2m11:28:10[22m   [34m├─[39m [2m/exams/kentucky-concealed-carry-permit/index.html[22m [2m(+33ms)[22m 
[2m11:28:10[22m   [34m├─[39m [2m/exams/louisiana-concealed-carry-permit/index.html[22m [2m(+34ms)[22m 
[2m11:28:10[22m   [34m├─[39m [2m/exams/maine-concealed-carry-permit/index.html[22m [2m(+32ms)[22m 
[2m11:28:10[22m   [34m├─[39m [2m/exams/maryland-concealed-carry-permit/index.html[22m [2m(+32ms)[22m 
[2m11:28:10[22m   [34m├─[39m [2m/exams/massachusetts-concealed-carry-permit/index.html[22m [2m(+31ms)[22m 
[2m11:28:10[22m   [34m├─[39m [2m/exams/michigan-concealed-carry-permit/index.html[22m [2m(+33ms)[22m 
[2m11:28:10[22m   [34m├─[39m [2m/exams/minnesota-concealed-carry-permit/index.html[22m [2m(+31ms)[22m 
[2m11:28:10[22m   [34m├─[39m [2m/exams/mississippi-concealed-carry-permit/index.html[22m [2m(+34ms)[22m 
[2m11:28:10[22m   [34m├─[39m [2m/exams/missouri-concealed-carry-permit/index.html[22m [2m(+33ms)[22m 
[2m11:28:10[22m   [34m├─[39m [2m/exams/montana-concealed-carry-permit/index.html[22m [2m(+35ms)[22m 
[2m11:28:10[22m   [34m├─[39m [2m/exams/nebraska-concealed-carry-permit/index.html[22m [2m(+33ms)[22m 
[2m11:28:10[22m   [34m├─[39m [2m/exams/nevada-concealed-carry-permit/index.html[22m [2m(+34ms)[22m 
[2m11:28:10[22m   [34m├─[39m [2m/exams/new-hampshire-concealed-carry-permit/index.html[22m [2m(+33ms)[22m 
[2m11:28:10[22m   [34m├─[39m [2m/exams/new-jersey-concealed-carry-permit/index.html[22m [2m(+33ms)[22m 
[2m11:28:10[22m   [34m├─[39m [2m/exams/new-mexico-concealed-carry-permit/index.html[22m [2m(+32ms)[22m 
[2m11:28:10[22m   [34m├─[39m [2m/exams/new-york-concealed-carry-permit/index.html[22m [2m(+34ms)[22m 
[2m11:28:11[22m   [34m├─[39m [2m/exams/north-carolina-concealed-carry-permit/index.html[22m [2m(+51ms)[22m 
[2m11:28:11[22m   [34m├─[39m [2m/exams/north-dakota-concealed-carry-permit/index.html[22m [2m(+34ms)[22m 
[2m11:28:11[22m   [34m├─[39m [2m/exams/ohio-concealed-carry-permit/index.html[22m [2m(+34ms)[22m 
[2m11:28:11[22m   [34m├─[39m [2m/exams/oklahoma-concealed-carry-permit/index.html[22m [2m(+35ms)[22m 
[2m11:28:11[22m   [34m├─[39m [2m/exams/oregon-concealed-carry-permit/index.html[22m [2m(+32ms)[22m 
[2m11:28:11[22m   [34m├─[39m [2m/exams/pennsylvania-concealed-carry-permit/index.html[22m [2m(+32ms)[22m 
[2m11:28:11[22m   [34m├─[39m [2m/exams/rhode-island-concealed-carry-permit/index.html[22m [2m(+31ms)[22m 
[2m11:28:11[22m   [34m├─[39m [2m/exams/south-carolina-concealed-carry-permit/index.html[22m [2m(+32ms)[22m 
[2m11:28:11[22m   [34m├─[39m [2m/exams/south-dakota-concealed-carry-permit/index.html[22m [2m(+33ms)[22m 
[2m11:28:11[22m   [34m├─[39m [2m/exams/tennessee-concealed-carry-permit/index.html[22m [2m(+30ms)[22m 
[2m11:28:11[22m   [34m├─[39m [2m/exams/texas-concealed-carry-permit/index.html[22m [2m(+32ms)[22m 
[2m11:28:11[22m   [34m├─[39m [2m/exams/utah-concealed-carry-permit/index.html[22m [2m(+32ms)[22m 
[2m11:28:11[22m   [34m├─[39m [2m/exams/vermont-concealed-carry-permit/index.html[22m [2m(+40ms)[22m 
[2m11:28:11[22m   [34m├─[39m [2m/exams/virginia-concealed-carry-permit/index.html[22m [2m(+35ms)[22m 
[2m11:28:11[22m   [34m├─[39m [2m/exams/washington-concealed-carry-permit/index.html[22m [2m(+32ms)[22m 
[2m11:28:11[22m   [34m├─[39m [2m/exams/west-virginia-concealed-carry-permit/index.html[22m [2m(+31ms)[22m 
[2m11:28:11[22m   [34m├─[39m [2m/exams/wisconsin-concealed-carry-permit/index.html[22m [2m(+36ms)[22m 
[2m11:28:11[22m   [34m├─[39m [2m/exams/wyoming-concealed-carry-permit/index.html[22m [2m(+35ms)[22m 
[2m11:28:11[22m   [34m├─[39m [2m/exams/alabama-professional-engineer-licensure/index.html[22m [2m(+33ms)[22m 
[2m11:28:11[22m   [34m├─[39m [2m/exams/alaska-professional-engineer-licensure/index.html[22m [2m(+35ms)[22m 
[2m11:28:11[22m   [34m├─[39m [2m/exams/arizona-professional-engineer-licensure/index.html[22m [2m(+35ms)[22m 
[2m11:28:11[22m   [34m├─[39m [2m/exams/arkansas-professional-engineer-licensure/index.html[22m [2m(+37ms)[22m 
[2m11:28:11[22m   [34m├─[39m [2m/exams/california-professional-engineer-licensure/index.html[22m [2m(+35ms)[22m 
[2m11:28:11[22m   [34m├─[39m [2m/exams/colorado-professional-engineer-licensure/index.html[22m [2m(+34ms)[22m 
[2m11:28:11[22m   [34m├─[39m [2m/exams/connecticut-professional-engineer-licensure/index.html[22m [2m(+33ms)[22m 
[2m11:28:11[22m   [34m├─[39m [2m/exams/delaware-professional-engineer-licensure/index.html[22m [2m(+35ms)[22m 
[2m11:28:11[22m   [34m├─[39m [2m/exams/district-of-columbia-professional-engineer-licensure/index.html[22m [2m(+31ms)[22m 
[2m11:28:11[22m   [34m├─[39m [2m/exams/florida-professional-engineer-licensure/index.html[22m [2m(+35ms)[22m 
[2m11:28:11[22m   [34m├─[39m [2m/exams/georgia-professional-engineer-licensure/index.html[22m [2m(+47ms)[22m 
[2m11:28:12[22m   [34m├─[39m [2m/exams/hawaii-professional-engineer-licensure/index.html[22m [2m(+36ms)[22m 
[2m11:28:12[22m   [34m├─[39m [2m/exams/idaho-professional-engineer-licensure/index.html[22m [2m(+33ms)[22m 
[2m11:28:12[22m   [34m├─[39m [2m/exams/illinois-professional-engineer-licensure/index.html[22m [2m(+36ms)[22m 
[2m11:28:12[22m   [34m├─[39m [2m/exams/indiana-professional-engineer-licensure/index.html[22m [2m(+32ms)[22m 
[2m11:28:12[22m   [34m├─[39m [2m/exams/iowa-professional-engineer-licensure/index.html[22m [2m(+33ms)[22m 
[2m11:28:12[22m   [34m├─[39m [2m/exams/kansas-professional-engineer-licensure/index.html[22m [2m(+34ms)[22m 
[2m11:28:12[22m   [34m├─[39m [2m/exams/kentucky-professional-engineer-licensure/index.html[22m [2m(+31ms)[22m 
[2m11:28:12[22m   [34m├─[39m [2m/exams/louisiana-professional-engineer-licensure/index.html[22m [2m(+44ms)[22m 
[2m11:28:12[22m   [34m├─[39m [2m/exams/maine-professional-engineer-licensure/index.html[22m [2m(+31ms)[22m 
[2m11:28:12[22m   [34m├─[39m [2m/exams/maryland-professional-engineer-licensure/index.html[22m [2m(+32ms)[22m 
[2m11:28:12[22m   [34m├─[39m [2m/exams/massachusetts-professional-engineer-licensure/index.html[22m [2m(+35ms)[22m 
[2m11:28:12[22m   [34m├─[39m [2m/exams/michigan-professional-engineer-licensure/index.html[22m [2m(+36ms)[22m 
[2m11:28:12[22m   [34m├─[39m [2m/exams/minnesota-professional-engineer-licensure/index.html[22m [2m(+35ms)[22m 
[2m11:28:12[22m   [34m├─[39m [2m/exams/mississippi-professional-engineer-licensure/index.html[22m [2m(+39ms)[22m 
[2m11:28:12[22m   [34m├─[39m [2m/exams/missouri-professional-engineer-licensure/index.html[22m [2m(+36ms)[22m 
[2m11:28:12[22m   [34m├─[39m [2m/exams/montana-professional-engineer-licensure/index.html[22m [2m(+34ms)[22m 
[2m11:28:12[22m   [34m├─[39m [2m/exams/nebraska-professional-engineer-licensure/index.html[22m [2m(+37ms)[22m 
[2m11:28:12[22m   [34m├─[39m [2m/exams/nevada-professional-engineer-licensure/index.html[22m [2m(+47ms)[22m 
[2m11:28:12[22m   [34m├─[39m [2m/exams/new-hampshire-professional-engineer-licensure/index.html[22m [2m(+35ms)[22m 
[2m11:28:12[22m   [34m├─[39m [2m/exams/new-jersey-professional-engineer-licensure/index.html[22m [2m(+33ms)[22m 
[2m11:28:12[22m   [34m├─[39m [2m/exams/new-mexico-professional-engineer-licensure/index.html[22m [2m(+34ms)[22m 
[2m11:28:12[22m   [34m├─[39m [2m/exams/new-york-professional-engineer-licensure/index.html[22m [2m(+34ms)[22m 
[2m11:28:12[22m   [34m├─[39m [2m/exams/north-carolina-professional-engineer-licensure/index.html[22m [2m(+31ms)[22m 
[2m11:28:12[22m   [34m├─[39m [2m/exams/north-dakota-professional-engineer-licensure/index.html[22m [2m(+35ms)[22m 
[2m11:28:12[22m   [34m├─[39m [2m/exams/ohio-professional-engineer-licensure/index.html[22m [2m(+34ms)[22m 
[2m11:28:12[22m   [34m├─[39m [2m/exams/oklahoma-professional-engineer-licensure/index.html[22m [2m(+35ms)[22m 
[2m11:28:12[22m   [34m├─[39m [2m/exams/oregon-professional-engineer-licensure/index.html[22m [2m(+34ms)[22m 
[2m11:28:12[22m   [34m├─[39m [2m/exams/pennsylvania-professional-engineer-licensure/index.html[22m [2m(+32ms)[22m 
[2m11:28:12[22m   [34m├─[39m [2m/exams/rhode-island-professional-engineer-licensure/index.html[22m [2m(+33ms)[22m 
[2m11:28:13[22m   [34m├─[39m [2m/exams/south-carolina-professional-engineer-licensure/index.html[22m [2m(+35ms)[22m 
[2m11:28:13[22m   [34m├─[39m [2m/exams/south-dakota-professional-engineer-licensure/index.html[22m [2m(+32ms)[22m 
[2m11:28:13[22m   [34m├─[39m [2m/exams/tennessee-professional-engineer-licensure/index.html[22m [2m(+37ms)[22m 
[2m11:28:13[22m   [34m├─[39m [2m/exams/texas-professional-engineer-licensure/index.html[22m [2m(+34ms)[22m 
[2m11:28:13[22m   [34m├─[39m [2m/exams/utah-professional-engineer-licensure/index.html[22m [2m(+48ms)[22m 
[2m11:28:13[22m   [34m├─[39m [2m/exams/vermont-professional-engineer-licensure/index.html[22m [2m(+41ms)[22m 
[2m11:28:13[22m   [34m├─[39m [2m/exams/virginia-professional-engineer-licensure/index.html[22m [2m(+38ms)[22m 
[2m11:28:13[22m   [34m├─[39m [2m/exams/washington-professional-engineer-licensure/index.html[22m [2m(+37ms)[22m 
[2m11:28:13[22m   [34m├─[39m [2m/exams/west-virginia-professional-engineer-licensure/index.html[22m [2m(+34ms)[22m 
[2m11:28:13[22m   [34m├─[39m [2m/exams/wisconsin-professional-engineer-licensure/index.html[22m [2m(+35ms)[22m 
[2m11:28:13[22m   [34m├─[39m [2m/exams/wyoming-professional-engineer-licensure/index.html[22m [2m(+40ms)[22m 
[2m11:28:13[22m   [34m├─[39m [2m/exams/alabama-professional-land-surveyor-licensure/index.html[22m [2m(+37ms)[22m 
[2m11:28:13[22m   [34m├─[39m [2m/exams/alaska-professional-land-surveyor-licensure/index.html[22m [2m(+35ms)[22m 
[2m11:28:13[22m   [34m├─[39m [2m/exams/arizona-professional-land-surveyor-licensure/index.html[22m [2m(+36ms)[22m 
[2m11:28:13[22m   [34m├─[39m [2m/exams/arkansas-professional-land-surveyor-licensure/index.html[22m [2m(+34ms)[22m 
[2m11:28:13[22m   [34m├─[39m [2m/exams/california-professional-land-surveyor-licensure/index.html[22m [2m(+35ms)[22m 
[2m11:28:13[22m   [34m├─[39m [2m/exams/colorado-professional-land-surveyor-licensure/index.html[22m [2m(+33ms)[22m 
[2m11:28:13[22m   [34m├─[39m [2m/exams/connecticut-professional-land-surveyor-licensure/index.html[22m [2m(+34ms)[22m 
[2m11:28:13[22m   [34m├─[39m [2m/exams/delaware-professional-land-surveyor-licensure/index.html[22m [2m(+35ms)[22m 
[2m11:28:13[22m   [34m├─[39m [2m/exams/district-of-columbia-professional-land-surveyor-licensure/index.html[22m [2m(+34ms)[22m 
[2m11:28:13[22m   [34m├─[39m [2m/exams/florida-professional-land-surveyor-licensure/index.html[22m [2m(+33ms)[22m 
[2m11:28:13[22m   [34m├─[39m [2m/exams/georgia-professional-land-surveyor-licensure/index.html[22m [2m(+34ms)[22m 
[2m11:28:13[22m   [34m├─[39m [2m/exams/hawaii-professional-land-surveyor-licensure/index.html[22m [2m(+34ms)[22m 
[2m11:28:13[22m   [34m├─[39m [2m/exams/idaho-professional-land-surveyor-licensure/index.html[22m [2m(+35ms)[22m 
[2m11:28:13[22m   [34m├─[39m [2m/exams/illinois-professional-land-surveyor-licensure/index.html[22m [2m(+33ms)[22m 
[2m11:28:13[22m   [34m├─[39m [2m/exams/indiana-professional-land-surveyor-licensure/index.html[22m [2m(+33ms)[22m 
[2m11:28:13[22m   [34m├─[39m [2m/exams/iowa-professional-land-surveyor-licensure/index.html[22m [2m(+35ms)[22m 
[2m11:28:13[22m   [34m├─[39m [2m/exams/kansas-professional-land-surveyor-licensure/index.html[22m [2m(+40ms)[22m 
[2m11:28:14[22m   [34m├─[39m [2m/exams/kentucky-professional-land-surveyor-licensure/index.html[22m [2m(+35ms)[22m 
[2m11:28:14[22m   [34m├─[39m [2m/exams/louisiana-professional-land-surveyor-licensure/index.html[22m [2m(+37ms)[22m 
[2m11:28:14[22m   [34m├─[39m [2m/exams/maine-professional-land-surveyor-licensure/index.html[22m [2m(+34ms)[22m 
[2m11:28:14[22m   [34m├─[39m [2m/exams/maryland-professional-land-surveyor-licensure/index.html[22m [2m(+31ms)[22m 
[2m11:28:14[22m   [34m├─[39m [2m/exams/massachusetts-professional-land-surveyor-licensure/index.html[22m [2m(+33ms)[22m 
[2m11:28:14[22m   [34m├─[39m [2m/exams/michigan-professional-land-surveyor-licensure/index.html[22m [2m(+34ms)[22m 
[2m11:28:14[22m   [34m├─[39m [2m/exams/minnesota-professional-land-surveyor-licensure/index.html[22m [2m(+34ms)[22m 
[2m11:28:14[22m   [34m├─[39m [2m/exams/mississippi-professional-land-surveyor-licensure/index.html[22m [2m(+33ms)[22m 
[2m11:28:14[22m   [34m├─[39m [2m/exams/missouri-professional-land-surveyor-licensure/index.html[22m [2m(+34ms)[22m 
[2m11:28:14[22m   [34m├─[39m [2m/exams/montana-professional-land-surveyor-licensure/index.html[22m [2m(+33ms)[22m 
[2m11:28:14[22m   [34m├─[39m [2m/exams/nebraska-professional-land-surveyor-licensure/index.html[22m [2m(+31ms)[22m 
[2m11:28:14[22m   [34m├─[39m [2m/exams/nevada-professional-land-surveyor-licensure/index.html[22m [2m(+32ms)[22m 
[2m11:28:14[22m   [34m├─[39m [2m/exams/new-hampshire-professional-land-surveyor-licensure/index.html[22m [2m(+35ms)[22m 
[2m11:28:14[22m   [34m├─[39m [2m/exams/new-jersey-professional-land-surveyor-licensure/index.html[22m [2m(+34ms)[22m 
[2m11:28:14[22m   [34m├─[39m [2m/exams/new-mexico-professional-land-surveyor-licensure/index.html[22m [2m(+35ms)[22m 
[2m11:28:14[22m   [34m├─[39m [2m/exams/new-york-professional-land-surveyor-licensure/index.html[22m [2m(+37ms)[22m 
[2m11:28:14[22m   [34m├─[39m [2m/exams/north-carolina-professional-land-surveyor-licensure/index.html[22m [2m(+35ms)[22m 
[2m11:28:14[22m   [34m├─[39m [2m/exams/north-dakota-professional-land-surveyor-licensure/index.html[22m [2m(+35ms)[22m 
[2m11:28:14[22m   [34m├─[39m [2m/exams/ohio-professional-land-surveyor-licensure/index.html[22m [2m(+34ms)[22m 
[2m11:28:14[22m   [34m├─[39m [2m/exams/oklahoma-professional-land-surveyor-licensure/index.html[22m [2m(+32ms)[22m 
[2m11:28:14[22m   [34m├─[39m [2m/exams/oregon-professional-land-surveyor-licensure/index.html[22m [2m(+45ms)[22m 
[2m11:28:14[22m   [34m├─[39m [2m/exams/pennsylvania-professional-land-surveyor-licensure/index.html[22m [2m(+36ms)[22m 
[2m11:28:14[22m   [34m├─[39m [2m/exams/rhode-island-professional-land-surveyor-licensure/index.html[22m [2m(+32ms)[22m 
[2m11:28:14[22m   [34m├─[39m [2m/exams/south-carolina-professional-land-surveyor-licensure/index.html[22m [2m(+33ms)[22m 
[2m11:28:14[22m   [34m├─[39m [2m/exams/south-dakota-professional-land-surveyor-licensure/index.html[22m [2m(+41ms)[22m 
[2m11:28:14[22m   [34m├─[39m [2m/exams/tennessee-professional-land-surveyor-licensure/index.html[22m [2m(+36ms)[22m 
[2m11:28:14[22m   [34m├─[39m [2m/exams/texas-professional-land-surveyor-licensure/index.html[22m [2m(+37ms)[22m 
[2m11:28:14[22m   [34m├─[39m [2m/exams/utah-professional-land-surveyor-licensure/index.html[22m [2m(+36ms)[22m 
[2m11:28:15[22m   [34m├─[39m [2m/exams/vermont-professional-land-surveyor-licensure/index.html[22m [2m(+41ms)[22m 
[2m11:28:15[22m   [34m├─[39m [2m/exams/virginia-professional-land-surveyor-licensure/index.html[22m [2m(+35ms)[22m 
[2m11:28:15[22m   [34m├─[39m [2m/exams/washington-professional-land-surveyor-licensure/index.html[22m [2m(+33ms)[22m 
[2m11:28:15[22m   [34m├─[39m [2m/exams/west-virginia-professional-land-surveyor-licensure/index.html[22m [2m(+35ms)[22m 
[2m11:28:15[22m   [34m├─[39m [2m/exams/wisconsin-professional-land-surveyor-licensure/index.html[22m [2m(+33ms)[22m 
[2m11:28:15[22m   [34m├─[39m [2m/exams/wyoming-professional-land-surveyor-licensure/index.html[22m [2m(+34ms)[22m 
[2m11:28:15[22m   [34m├─[39m [2m/exams/alabama-cpa-license-requirements/index.html[22m [2m(+34ms)[22m 
[2m11:28:15[22m   [34m├─[39m [2m/exams/alaska-cpa-license-requirements/index.html[22m [2m(+33ms)[22m 
[2m11:28:15[22m   [34m├─[39m [2m/exams/arizona-cpa-license-requirements/index.html[22m [2m(+34ms)[22m 
[2m11:28:15[22m   [34m├─[39m [2m/exams/arkansas-cpa-license-requirements/index.html[22m [2m(+36ms)[22m 
[2m11:28:15[22m   [34m├─[39m [2m/exams/california-cpa-license-requirements/index.html[22m [2m(+36ms)[22m 
[2m11:28:15[22m   [34m├─[39m [2m/exams/colorado-cpa-license-requirements/index.html[22m [2m(+33ms)[22m 
[2m11:28:15[22m   [34m├─[39m [2m/exams/connecticut-cpa-license-requirements/index.html[22m [2m(+35ms)[22m 
[2m11:28:15[22m   [34m├─[39m [2m/exams/delaware-cpa-license-requirements/index.html[22m [2m(+34ms)[22m 
[2m11:28:15[22m   [34m├─[39m [2m/exams/district-of-columbia-cpa-license-requirements/index.html[22m [2m(+40ms)[22m 
[2m11:28:15[22m   [34m├─[39m [2m/exams/florida-cpa-license-requirements/index.html[22m [2m(+41ms)[22m 
[2m11:28:15[22m   [34m├─[39m [2m/exams/georgia-cpa-license-requirements/index.html[22m [2m(+32ms)[22m 
[2m11:28:15[22m   [34m├─[39m [2m/exams/hawaii-cpa-license-requirements/index.html[22m [2m(+34ms)[22m 
[2m11:28:15[22m   [34m├─[39m [2m/exams/idaho-cpa-license-requirements/index.html[22m [2m(+32ms)[22m 
[2m11:28:15[22m   [34m├─[39m [2m/exams/illinois-cpa-license-requirements/index.html[22m [2m(+32ms)[22m 
[2m11:28:15[22m   [34m├─[39m [2m/exams/indiana-cpa-license-requirements/index.html[22m [2m(+37ms)[22m 
[2m11:28:15[22m   [34m├─[39m [2m/exams/iowa-cpa-license-requirements/index.html[22m [2m(+33ms)[22m 
[2m11:28:15[22m   [34m├─[39m [2m/exams/kansas-cpa-license-requirements/index.html[22m [2m(+32ms)[22m 
[2m11:28:15[22m   [34m├─[39m [2m/exams/kentucky-cpa-license-requirements/index.html[22m [2m(+33ms)[22m 
[2m11:28:15[22m   [34m├─[39m [2m/exams/louisiana-cpa-license-requirements/index.html[22m [2m(+33ms)[22m 
[2m11:28:15[22m   [34m├─[39m [2m/exams/maine-cpa-license-requirements/index.html[22m [2m(+46ms)[22m 
[2m11:28:15[22m   [34m├─[39m [2m/exams/maryland-cpa-license-requirements/index.html[22m [2m(+35ms)[22m 
[2m11:28:15[22m   [34m├─[39m [2m/exams/massachusetts-cpa-license-requirements/index.html[22m [2m(+34ms)[22m 
[2m11:28:15[22m   [34m├─[39m [2m/exams/michigan-cpa-license-requirements/index.html[22m [2m(+34ms)[22m 
[2m11:28:16[22m   [34m├─[39m [2m/exams/minnesota-cpa-license-requirements/index.html[22m [2m(+34ms)[22m 
[2m11:28:16[22m   [34m├─[39m [2m/exams/mississippi-cpa-license-requirements/index.html[22m [2m(+36ms)[22m 
[2m11:28:16[22m   [34m├─[39m [2m/exams/missouri-cpa-license-requirements/index.html[22m [2m(+37ms)[22m 
[2m11:28:16[22m   [34m├─[39m [2m/exams/montana-cpa-license-requirements/index.html[22m [2m(+35ms)[22m 
[2m11:28:16[22m   [34m├─[39m [2m/exams/nebraska-cpa-license-requirements/index.html[22m [2m(+37ms)[22m 
[2m11:28:16[22m   [34m├─[39m [2m/exams/nevada-cpa-license-requirements/index.html[22m [2m(+33ms)[22m 
[2m11:28:16[22m   [34m├─[39m [2m/exams/new-hampshire-cpa-license-requirements/index.html[22m [2m(+33ms)[22m 
[2m11:28:16[22m   [34m├─[39m [2m/exams/new-jersey-cpa-license-requirements/index.html[22m [2m(+38ms)[22m 
[2m11:28:16[22m   [34m├─[39m [2m/exams/new-mexico-cpa-license-requirements/index.html[22m [2m(+33ms)[22m 
[2m11:28:16[22m   [34m├─[39m [2m/exams/new-york-cpa-license-requirements/index.html[22m [2m(+34ms)[22m 
[2m11:28:16[22m   [34m├─[39m [2m/exams/north-carolina-cpa-license-requirements/index.html[22m [2m(+33ms)[22m 
[2m11:28:16[22m   [34m├─[39m [2m/exams/north-dakota-cpa-license-requirements/index.html[22m [2m(+34ms)[22m 
[2m11:28:16[22m   [34m├─[39m [2m/exams/ohio-cpa-license-requirements/index.html[22m [2m(+40ms)[22m 
[2m11:28:16[22m   [34m├─[39m [2m/exams/oklahoma-cpa-license-requirements/index.html[22m [2m(+33ms)[22m 
[2m11:28:16[22m   [34m├─[39m [2m/exams/oregon-cpa-license-requirements/index.html[22m [2m(+36ms)[22m 
[2m11:28:16[22m   [34m├─[39m [2m/exams/pennsylvania-cpa-license-requirements/index.html[22m [2m(+38ms)[22m 
[2m11:28:16[22m   [34m├─[39m [2m/exams/rhode-island-cpa-license-requirements/index.html[22m [2m(+33ms)[22m 
[2m11:28:16[22m   [34m├─[39m [2m/exams/south-carolina-cpa-license-requirements/index.html[22m [2m(+33ms)[22m 
[2m11:28:16[22m   [34m├─[39m [2m/exams/south-dakota-cpa-license-requirements/index.html[22m [2m(+32ms)[22m 
[2m11:28:16[22m   [34m├─[39m [2m/exams/tennessee-cpa-license-requirements/index.html[22m [2m(+34ms)[22m 
[2m11:28:16[22m   [34m├─[39m [2m/exams/texas-cpa-license-requirements/index.html[22m [2m(+33ms)[22m 
[2m11:28:16[22m   [34m├─[39m [2m/exams/utah-cpa-license-requirements/index.html[22m [2m(+39ms)[22m 
[2m11:28:16[22m   [34m├─[39m [2m/exams/vermont-cpa-license-requirements/index.html[22m [2m(+34ms)[22m 
[2m11:28:16[22m   [34m├─[39m [2m/exams/virginia-cpa-license-requirements/index.html[22m [2m(+33ms)[22m 
[2m11:28:16[22m   [34m├─[39m [2m/exams/washington-cpa-license-requirements/index.html[22m [2m(+32ms)[22m 
[2m11:28:16[22m   [34m├─[39m [2m/exams/west-virginia-cpa-license-requirements/index.html[22m [2m(+35ms)[22m 
[2m11:28:16[22m   [34m├─[39m [2m/exams/wisconsin-cpa-license-requirements/index.html[22m [2m(+32ms)[22m 
[2m11:28:16[22m   [34m├─[39m [2m/exams/wyoming-cpa-license-requirements/index.html[22m [2m(+40ms)[22m 
[2m11:28:17[22m   [34m├─[39m [2m/exams/alabama-funeral-director-license/index.html[22m [2m(+34ms)[22m 
[2m11:28:17[22m   [34m├─[39m [2m/exams/alaska-funeral-director-license/index.html[22m [2m(+35ms)[22m 
[2m11:28:17[22m   [34m├─[39m [2m/exams/arizona-funeral-director-license/index.html[22m [2m(+35ms)[22m 
[2m11:28:17[22m   [34m├─[39m [2m/exams/arkansas-funeral-director-license/index.html[22m [2m(+34ms)[22m 
[2m11:28:17[22m   [34m├─[39m [2m/exams/california-funeral-director-license/index.html[22m [2m(+34ms)[22m 
[2m11:28:17[22m   [34m├─[39m [2m/exams/colorado-funeral-director-license/index.html[22m [2m(+39ms)[22m 
[2m11:28:17[22m   [34m├─[39m [2m/exams/connecticut-funeral-director-license/index.html[22m [2m(+37ms)[22m 
[2m11:28:17[22m   [34m├─[39m [2m/exams/delaware-funeral-director-license/index.html[22m [2m(+39ms)[22m 
[2m11:28:17[22m   [34m├─[39m [2m/exams/district-of-columbia-funeral-director-license/index.html[22m [2m(+37ms)[22m 
[2m11:28:17[22m   [34m├─[39m [2m/exams/florida-funeral-director-license/index.html[22m [2m(+47ms)[22m 
[2m11:28:17[22m   [34m├─[39m [2m/exams/georgia-funeral-director-license/index.html[22m [2m(+39ms)[22m 
[2m11:28:17[22m   [34m├─[39m [2m/exams/hawaii-funeral-director-license/index.html[22m [2m(+36ms)[22m 
[2m11:28:17[22m   [34m├─[39m [2m/exams/idaho-funeral-director-license/index.html[22m [2m(+33ms)[22m 
[2m11:28:17[22m   [34m├─[39m [2m/exams/illinois-funeral-director-license/index.html[22m [2m(+35ms)[22m 
[2m11:28:17[22m   [34m├─[39m [2m/exams/indiana-funeral-director-license/index.html[22m [2m(+34ms)[22m 
[2m11:28:17[22m   [34m├─[39m [2m/exams/iowa-funeral-director-license/index.html[22m [2m(+37ms)[22m 
[2m11:28:17[22m   [34m├─[39m [2m/exams/kansas-funeral-director-license/index.html[22m [2m(+37ms)[22m 
[2m11:28:17[22m   [34m├─[39m [2m/exams/kentucky-funeral-director-license/index.html[22m [2m(+36ms)[22m 
[2m11:28:17[22m   [34m├─[39m [2m/exams/louisiana-funeral-director-license/index.html[22m [2m(+37ms)[22m 
[2m11:28:17[22m   [34m├─[39m [2m/exams/maine-funeral-director-license/index.html[22m [2m(+33ms)[22m 
[2m11:28:17[22m   [34m├─[39m [2m/exams/maryland-funeral-director-license/index.html[22m [2m(+33ms)[22m 
[2m11:28:17[22m   [34m├─[39m [2m/exams/massachusetts-funeral-director-license/index.html[22m [2m(+32ms)[22m 
[2m11:28:17[22m   [34m├─[39m [2m/exams/michigan-funeral-director-license/index.html[22m [2m(+33ms)[22m 
[2m11:28:17[22m   [34m├─[39m [2m/exams/minnesota-funeral-director-license/index.html[22m [2m(+36ms)[22m 
[2m11:28:17[22m   [34m├─[39m [2m/exams/mississippi-funeral-director-license/index.html[22m [2m(+32ms)[22m 
[2m11:28:17[22m   [34m├─[39m [2m/exams/missouri-funeral-director-license/index.html[22m [2m(+32ms)[22m 
[2m11:28:17[22m   [34m├─[39m [2m/exams/montana-funeral-director-license/index.html[22m [2m(+34ms)[22m 
[2m11:28:17[22m   [34m├─[39m [2m/exams/nebraska-funeral-director-license/index.html[22m [2m(+32ms)[22m 
[2m11:28:17[22m   [34m├─[39m [2m/exams/nevada-funeral-director-license/index.html[22m [2m(+32ms)[22m 
[2m11:28:18[22m   [34m├─[39m [2m/exams/new-hampshire-funeral-director-license/index.html[22m [2m(+34ms)[22m 
[2m11:28:18[22m   [34m├─[39m [2m/exams/new-jersey-funeral-director-license/index.html[22m [2m(+34ms)[22m 
[2m11:28:18[22m   [34m├─[39m [2m/exams/new-mexico-funeral-director-license/index.html[22m [2m(+32ms)[22m 
[2m11:28:18[22m   [34m├─[39m [2m/exams/new-york-funeral-director-license/index.html[22m [2m(+38ms)[22m 
[2m11:28:18[22m   [34m├─[39m [2m/exams/north-carolina-funeral-director-license/index.html[22m [2m(+36ms)[22m 
[2m11:28:18[22m   [34m├─[39m [2m/exams/north-dakota-funeral-director-license/index.html[22m [2m(+38ms)[22m 
[2m11:28:18[22m   [34m├─[39m [2m/exams/ohio-funeral-director-license/index.html[22m [2m(+35ms)[22m 
[2m11:28:18[22m   [34m├─[39m [2m/exams/oklahoma-funeral-director-license/index.html[22m [2m(+35ms)[22m 
[2m11:28:18[22m   [34m├─[39m [2m/exams/oregon-funeral-director-license/index.html[22m [2m(+35ms)[22m 
[2m11:28:18[22m   [34m├─[39m [2m/exams/pennsylvania-funeral-director-license/index.html[22m [2m(+34ms)[22m 
[2m11:28:18[22m   [34m├─[39m [2m/exams/rhode-island-funeral-director-license/index.html[22m [2m(+33ms)[22m 
[2m11:28:18[22m   [34m├─[39m [2m/exams/south-carolina-funeral-director-license/index.html[22m [2m(+34ms)[22m 
[2m11:28:18[22m   [34m├─[39m [2m/exams/south-dakota-funeral-director-license/index.html[22m [2m(+32ms)[22m 
[2m11:28:18[22m   [34m├─[39m [2m/exams/tennessee-funeral-director-license/index.html[22m [2m(+33ms)[22m 
[2m11:28:18[22m   [34m├─[39m [2m/exams/texas-funeral-director-license/index.html[22m [2m(+36ms)[22m 
[2m11:28:18[22m   [34m├─[39m [2m/exams/utah-funeral-director-license/index.html[22m [2m(+35ms)[22m 
[2m11:28:18[22m   [34m├─[39m [2m/exams/vermont-funeral-director-license/index.html[22m [2m(+37ms)[22m 
[2m11:28:18[22m   [34m├─[39m [2m/exams/virginia-funeral-director-license/index.html[22m [2m(+33ms)[22m 
[2m11:28:18[22m   [34m├─[39m [2m/exams/washington-funeral-director-license/index.html[22m [2m(+33ms)[22m 
[2m11:28:18[22m   [34m├─[39m [2m/exams/west-virginia-funeral-director-license/index.html[22m [2m(+32ms)[22m 
[2m11:28:18[22m   [34m├─[39m [2m/exams/wisconsin-funeral-director-license/index.html[22m [2m(+36ms)[22m 
[2m11:28:18[22m   [34m├─[39m [2m/exams/wyoming-funeral-director-license/index.html[22m [2m(+37ms)[22m 
[2m11:28:18[22m   [34m├─[39m [2m/exams/alabama-nursing-home-administrator-license/index.html[22m [2m(+31ms)[22m 
[2m11:28:18[22m   [34m├─[39m [2m/exams/alaska-nursing-home-administrator-license/index.html[22m [2m(+35ms)[22m 
[2m11:28:18[22m   [34m├─[39m [2m/exams/arizona-nursing-home-administrator-license/index.html[22m [2m(+34ms)[22m 
[2m11:28:18[22m   [34m├─[39m [2m/exams/arkansas-nursing-home-administrator-license/index.html[22m [2m(+34ms)[22m 
[2m11:28:18[22m   [34m├─[39m [2m/exams/california-nursing-home-administrator-license/index.html[22m [2m(+33ms)[22m 
[2m11:28:18[22m   [34m├─[39m [2m/exams/colorado-nursing-home-administrator-license/index.html[22m [2m(+35ms)[22m 
[2m11:28:18[22m   [34m├─[39m [2m/exams/connecticut-nursing-home-administrator-license/index.html[22m [2m(+37ms)[22m 
[2m11:28:19[22m   [34m├─[39m [2m/exams/delaware-nursing-home-administrator-license/index.html[22m [2m(+34ms)[22m 
[2m11:28:19[22m   [34m├─[39m [2m/exams/district-of-columbia-nursing-home-administrator-license/index.html[22m [2m(+35ms)[22m 
[2m11:28:19[22m   [34m├─[39m [2m/exams/florida-nursing-home-administrator-license/index.html[22m [2m(+36ms)[22m 
[2m11:28:19[22m   [34m├─[39m [2m/exams/georgia-nursing-home-administrator-license/index.html[22m [2m(+36ms)[22m 
[2m11:28:19[22m   [34m├─[39m [2m/exams/hawaii-nursing-home-administrator-license/index.html[22m [2m(+39ms)[22m 
[2m11:28:19[22m   [34m├─[39m [2m/exams/idaho-nursing-home-administrator-license/index.html[22m [2m(+35ms)[22m 
[2m11:28:19[22m   [34m├─[39m [2m/exams/illinois-nursing-home-administrator-license/index.html[22m [2m(+37ms)[22m 
[2m11:28:19[22m   [34m├─[39m [2m/exams/indiana-nursing-home-administrator-license/index.html[22m [2m(+37ms)[22m 
[2m11:28:19[22m   [34m├─[39m [2m/exams/iowa-nursing-home-administrator-license/index.html[22m [2m(+35ms)[22m 
[2m11:28:19[22m   [34m├─[39m [2m/exams/kansas-nursing-home-administrator-license/index.html[22m [2m(+35ms)[22m 
[2m11:28:19[22m   [34m├─[39m [2m/exams/kentucky-nursing-home-administrator-license/index.html[22m [2m(+32ms)[22m 
[2m11:28:19[22m   [34m├─[39m [2m/exams/louisiana-nursing-home-administrator-license/index.html[22m [2m(+33ms)[22m 
[2m11:28:19[22m   [34m├─[39m [2m/exams/maine-nursing-home-administrator-license/index.html[22m [2m(+33ms)[22m 
[2m11:28:19[22m   [34m├─[39m [2m/exams/maryland-nursing-home-administrator-license/index.html[22m [2m(+33ms)[22m 
[2m11:28:19[22m   [34m├─[39m [2m/exams/massachusetts-nursing-home-administrator-license/index.html[22m [2m(+34ms)[22m 
[2m11:28:19[22m   [34m├─[39m [2m/exams/michigan-nursing-home-administrator-license/index.html[22m [2m(+33ms)[22m 
[2m11:28:19[22m   [34m├─[39m [2m/exams/minnesota-nursing-home-administrator-license/index.html[22m [2m(+55ms)[22m 
[2m11:28:19[22m   [34m├─[39m [2m/exams/mississippi-nursing-home-administrator-license/index.html[22m [2m(+34ms)[22m 
[2m11:28:19[22m   [34m├─[39m [2m/exams/missouri-nursing-home-administrator-license/index.html[22m [2m(+33ms)[22m 
[2m11:28:19[22m   [34m├─[39m [2m/exams/montana-nursing-home-administrator-license/index.html[22m [2m(+35ms)[22m 
[2m11:28:19[22m   [34m├─[39m [2m/exams/nebraska-nursing-home-administrator-license/index.html[22m [2m(+34ms)[22m 
[2m11:28:19[22m   [34m├─[39m [2m/exams/nevada-nursing-home-administrator-license/index.html[22m [2m(+35ms)[22m 
[2m11:28:19[22m   [34m├─[39m [2m/exams/new-hampshire-nursing-home-administrator-license/index.html[22m [2m(+36ms)[22m 
[2m11:28:19[22m   [34m├─[39m [2m/exams/new-jersey-nursing-home-administrator-license/index.html[22m [2m(+35ms)[22m 
[2m11:28:19[22m   [34m├─[39m [2m/exams/new-mexico-nursing-home-administrator-license/index.html[22m [2m(+38ms)[22m 
[2m11:28:19[22m   [34m├─[39m [2m/exams/new-york-nursing-home-administrator-license/index.html[22m [2m(+33ms)[22m 
[2m11:28:19[22m   [34m├─[39m [2m/exams/north-carolina-nursing-home-administrator-license/index.html[22m [2m(+34ms)[22m 
[2m11:28:19[22m   [34m├─[39m [2m/exams/north-dakota-nursing-home-administrator-license/index.html[22m [2m(+37ms)[22m 
[2m11:28:20[22m   [34m├─[39m [2m/exams/ohio-nursing-home-administrator-license/index.html[22m [2m(+33ms)[22m 
[2m11:28:20[22m   [34m├─[39m [2m/exams/oklahoma-nursing-home-administrator-license/index.html[22m [2m(+32ms)[22m 
[2m11:28:20[22m   [34m├─[39m [2m/exams/oregon-nursing-home-administrator-license/index.html[22m [2m(+33ms)[22m 
[2m11:28:20[22m   [34m├─[39m [2m/exams/pennsylvania-nursing-home-administrator-license/index.html[22m [2m(+32ms)[22m 
[2m11:28:20[22m   [34m├─[39m [2m/exams/rhode-island-nursing-home-administrator-license/index.html[22m [2m(+33ms)[22m 
[2m11:28:20[22m   [34m├─[39m [2m/exams/south-carolina-nursing-home-administrator-license/index.html[22m [2m(+35ms)[22m 
[2m11:28:20[22m   [34m├─[39m [2m/exams/south-dakota-nursing-home-administrator-license/index.html[22m [2m(+35ms)[22m 
[2m11:28:20[22m   [34m├─[39m [2m/exams/tennessee-nursing-home-administrator-license/index.html[22m [2m(+33ms)[22m 
[2m11:28:20[22m   [34m├─[39m [2m/exams/texas-nursing-home-administrator-license/index.html[22m [2m(+33ms)[22m 
[2m11:28:20[22m   [34m├─[39m [2m/exams/utah-nursing-home-administrator-license/index.html[22m [2m(+33ms)[22m 
[2m11:28:20[22m   [34m├─[39m [2m/exams/vermont-nursing-home-administrator-license/index.html[22m [2m(+34ms)[22m 
[2m11:28:20[22m   [34m├─[39m [2m/exams/virginia-nursing-home-administrator-license/index.html[22m [2m(+33ms)[22m 
[2m11:28:20[22m   [34m├─[39m [2m/exams/washington-nursing-home-administrator-license/index.html[22m [2m(+34ms)[22m 
[2m11:28:20[22m   [34m├─[39m [2m/exams/west-virginia-nursing-home-administrator-license/index.html[22m [2m(+34ms)[22m 
[2m11:28:20[22m   [34m├─[39m [2m/exams/wisconsin-nursing-home-administrator-license/index.html[22m [2m(+34ms)[22m 
[2m11:28:20[22m   [34m└─[39m [2m/exams/wyoming-nursing-home-administrator-license/index.html[22m [2m(+31ms)[22m 
[2m11:28:20[22m [32m▶[39m src/pages/exams.astro
[2m11:28:20[22m   [34m└─[39m [2m/exams/index.html[22m [2m(+116ms)[22m 
[2m11:28:20[22m [32m▶[39m src/pages/explore.astro
[2m11:28:20[22m   [34m└─[39m [2m/explore/index.html[22m [2m(+4ms)[22m 
[2m11:28:20[22m [32m▶[39m src/pages/guides.astro
[2m11:28:20[22m   [34m└─[39m [2m/guides/index.html[22m [2m(+7ms)[22m 
[2m11:28:20[22m [32m▶[39m src/pages/how-it-works.astro
[2m11:28:20[22m   [34m└─[39m [2m/how-it-works/index.html[22m [2m(+4ms)[22m 
[2m11:28:20[22m [32m▶[39m src/pages/index.astro
[2m11:28:20[22m   [34m└─[39m [2m/index.html[22m [2m(+9ms)[22m 
[2m11:28:20[22m [32m▶[39m src/pages/paths/[slug].astro
[2m11:28:20[22m   [34m├─[39m [2m/paths/texas-real-estate-license/index.html[22m [2m(+22ms)[22m 
[2m11:28:20[22m   [34m├─[39m [2m/paths/california-real-estate-license/index.html[22m [2m(+23ms)[22m 
[2m11:28:20[22m   [34m├─[39m [2m/paths/florida-real-estate-license/index.html[22m [2m(+5ms)[22m 
[2m11:28:20[22m   [34m├─[39m [2m/paths/enrolled-agent/index.html[22m [2m(+8ms)[22m 
[2m11:28:20[22m   [34m├─[39m [2m/paths/osha-10-construction/index.html[22m [2m(+7ms)[22m 
[2m11:28:20[22m   [34m├─[39m [2m/paths/osha-30-construction/index.html[22m [2m(+10ms)[22m 
[2m11:28:20[22m   [34m├─[39m [2m/paths/epa-608-certification/index.html[22m [2m(+15ms)[22m 
[2m11:28:20[22m   [34m└─[39m [2m/paths/cpa-exam/index.html[22m [2m(+100ms)[22m 
[2m11:28:20[22m [32m▶[39m src/pages/privacy.astro
[2m11:28:20[22m   [34m└─[39m [2m/privacy/index.html[22m [2m(+4ms)[22m 
[2m11:28:20[22m [32m▶[39m src/pages/reviews.astro
[2m11:28:20[22m   [34m└─[39m [2m/reviews/index.html[22m [2m(+8ms)[22m 
[2m11:28:20[22m [32m✓ Completed in 186.25s.
[39m
[safe-delete] 操作失败: ERROR C:\Users\samja\Desktop\testpreppilot-v2\dist\pages\404.astro.mjs: Error during a `trash` operation: Unknown { description: "Some operations were aborted" }
  [1mLocation:[22m
    [4mC:\Users\samja\Desktop\testpreppilot-v2\node_modules\astro\dist\core\build\static-build.js:278:40[24m
  [1mStack trace:[22m
[2m    at trashViaBinary (D:\新建文件夹 (3)\WorkBuddy\resources\app.asar.unpacked\cli\vendor\shim\genie-safe-delete.cjs:270:15)
    at tryTrash (D:\新建文件夹 (3)\WorkBuddy\resources\app.asar.unpacked\cli\vendor\shim\genie-safe-delete.cjs:547:5)
    at Object.wrappedPromisesRm [as rm] (D:\新建文件夹 (3)\WorkBuddy\resources\app.asar.unpacked\cli\vendor\shim\genie-safe-delete.cjs:766:15)
    at Array.map (<anonymous>)
    at staticBuild (file:///C:/Users/samja/Desktop/testpreppilot-v2/node_modules/astro/dist/core/build/static-build.js:88:11)[22m
